,EXECUTION_DATE,team,num,name,min,pts,ass,reb,stl,blk,to,foul,%,2%,3%,3#,3#/,2#,2#/,1#,1#/,EFF
0,2026/01/21,PHX,3,Dillon Brooks,PT30M16.00S,6,1,5,1,1,2,1,0.153846153846154,0.2,0.0,0,3,2,10,2,2,-7.0
1,2026/01/21,PHX,00,Royce O'Neale,PT23M40.60S,9,2,3,0,0,1,1,0.428571428571429,0.0,0.428571428571429,3,7,0,0,0,0,-5.0
2,2026/01/21,PHX,15,Mark Williams,PT18M11.30S,4,0,9,0,0,5,3,0.666666666666666,0.666666666666666,0.0,0,0,2,3,0,0,-3.0
3,2026/01/21,PHX,1,Devin Booker,PT33M34.00S,27,4,3,1,0,6,4,0.39130434782608703,0.388888888888889,0.4,2,5,7,18,7,7,-10.0
4,2026/01/21,PHX,12,Collin Gillespie,PT27M59.10S,12,4,4,0,0,2,3,0.5,0.0,0.5,3,6,0,0,3,3,7.0
5,2026/01/21,PHX,8,Grayson Allen,PT28M55.00S,16,6,5,1,0,0,1,0.45454545454545503,0.5,0.444444444444444,4,9,1,2,2,2,11.0
6,2026/01/21,PHX,11,Oso Ighodaro,PT28M59.00S,12,3,5,0,1,4,3,0.714285714285714,0.714285714285714,0.0,0,0,5,7,2,2,10.0
7,2026/01/21,PHX,4,Jalen Green,PT19M56.20S,12,3,2,0,0,2,1,0.36363636363636404,0.28571428571428603,0.5,2,4,2,7,2,2,10.0
8,2026/01/21,PHX,23,Jordan Goodwin,PT19M56.60S,16,2,5,2,0,0,1,0.666666666666666,0.8,0.5,2,4,4,5,2,2,9.0
9,2026/01/21,PHX,0,Ryan Dunn,PT08M32.20S,2,0,1,0,0,0,3,0.5,1.0,0.0,0,1,1,1,0,0,8.0
10,2026/01/21,PHI,9,Kelly Oubre Jr.,PT34M00.00S,21,1,4,2,0,2,4,0.4,0.2,0.5,5,10,1,5,4,6,13.0
11,2026/01/21,PHI,25,Dominick Barlow,PT27M37.70S,8,2,5,2,0,1,2,0.5,0.75,0.0,0,2,3,4,2,2,-4.0
12,2026/01/21,PHI,1,Andre Drummond,PT21M45.00S,8,1,15,0,1,2,2,0.4,0.5,0.0,0,2,4,8,0,0,-2.0
13,2026/01/21,PHI,77,VJ Edgecombe,PT36M45.00S,25,1,7,2,1,4,3,0.476190476190476,0.5714285714285711,0.28571428571428603,2,7,8,14,3,4,5.0
14,2026/01/21,PHI,0,Tyrese Maxey,PT42M42.50S,20,7,2,3,1,2,3,0.28,0.29411764705882404,0.25,2,8,5,17,4,5,3.0
15,2026/01/21,PHI,30,Adem Bona,PT26M15.00S,11,0,10,0,2,4,2,0.8,0.8,0.0,0,0,4,5,3,4,-4.0
16,2026/01/21,PHI,5,Quentin Grimes,PT26M55.00S,12,5,4,3,0,3,2,0.428571428571429,0.5,0.333333333333333,1,3,2,4,5,6,-11.0
17,2026/01/21,PHI,33,Jabari Walker,PT06M24.00S,0,0,1,0,0,0,2,0.0,0.0,0.0,0,1,0,0,0,0,-3.0
18,2026/01/21,PHI,11,Justin Edwards,PT12M01.80S,5,2,1,0,1,0,1,1.0,1.0,1.0,1,1,1,1,0,0,-17.0
19,2026/01/21,PHI,12,Trendon Watford,PT05M34.00S,0,1,0,0,0,1,1,0.0,0.0,0.0,0,0,0,1,0,0,-10.0
20,2026/01/21,LAC,4,Kobe Sanders,PT25M02.00S,8,3,2,1,0,0,1,0.6,1.0,0.333333333333333,1,3,2,2,1,1,-11.0
21,2026/01/21,LAC,20,John Collins,PT23M42.00S,23,1,0,0,0,0,3,0.75,0.666666666666666,0.833333333333334,5,6,4,6,0,0,-11.0
22,2026/01/21,LAC,40,Ivica Zubac,PT21M58.00S,12,1,11,0,0,0,0,0.416666666666667,0.416666666666667,0.0,0,0,5,12,2,3,-8.0
23,2026/01/21,LAC,1,James Harden,PT30M37.00S,24,6,5,0,0,6,2,0.36,0.375,0.333333333333333,3,9,6,16,3,3,-6.0
24,2026/01/21,LAC,8,Kris Dunn,PT26M06.00S,4,6,5,0,1,1,1,0.4,0.4,0.0,0,0,2,5,0,0,-8.0
25,2026/01/21,LAC,11,Brook Lopez,PT14M02.00S,0,0,1,0,3,3,1,0.0,0.0,0.0,0,2,0,1,0,0,-11.0
26,2026/01/21,LAC,33,Nicolas Batum,PT12M18.00S,0,1,1,1,0,0,0,0.0,0.0,0.0,0,2,0,0,0,0,-8.0
27,2026/01/21,LAC,22,Jordan Miller,PT21M59.00S,12,2,2,0,0,3,2,0.4,0.5714285714285711,0.0,0,3,4,7,4,4,-33.0
28,2026/01/21,LAC,12,Cam Christie,PT22M58.00S,7,1,5,2,0,2,0,0.75,1.0,0.0,0,1,3,3,1,2,-17.0
29,2026/01/21,LAC,15,TyTy Washington Jr.,PT12M00.00S,11,1,0,2,0,0,0,0.833333333333334,1.0,0.5,1,2,4,4,0,0,-9.0
30,2026/01/21,LAC,14,Yanic Konan Niederhäuser,PT12M00.00S,4,0,4,0,1,1,1,0.5,0.666666666666666,0.0,0,1,2,3,0,0,-9.0
31,2026/01/21,LAC,24,Kobe Brown,PT12M00.00S,3,2,5,0,0,0,1,0.333333333333333,0.333333333333333,0.0,0,0,1,3,1,2,-9.0
32,2026/01/21,LAC,23,Patrick Baldwin Jr.,PT05M18.00S,2,0,0,0,0,0,1,0.0,0.0,0.0,0,1,0,0,2,2,0.0
33,2026/01/21,CHI,14,Matas Buzelis,PT30M03.00S,21,4,2,1,2,2,2,0.5714285714285711,0.666666666666666,0.5,4,8,4,6,1,2,27.0
34,2026/01/21,CHI,25,Jalen Smith,PT23M35.00S,10,1,9,1,2,1,3,0.4,0.333333333333333,0.5,2,4,2,6,0,1,10.0
35,2026/01/21,CHI,9,Nikola Vučević,PT32M20.00S,19,4,8,1,2,0,1,0.666666666666666,0.7,0.5,1,2,7,10,2,2,16.0
36,2026/01/21,CHI,35,Isaac Okoro,PT14M56.30S,2,0,0,0,0,1,1,0.333333333333333,0.5,0.0,0,1,1,2,0,0,-6.0
37,2026/01/21,CHI,0,Coby White,PT30M37.00S,27,6,2,1,1,3,2,0.5625,0.5,0.6,6,10,3,6,3,3,15.0
38,2026/01/21,CHI,13,Kevin Huerter,PT28M54.00S,14,7,4,1,2,2,1,0.5,0.5,0.5,4,8,1,2,0,0,7.0
39,2026/01/21,CHI,11,Ayo Dosunmu,PT28M49.70S,18,4,3,2,1,1,2,0.7,0.6,0.8,4,5,3,5,0,0,28.0
40,2026/01/21,CHI,30,Tre Jones,PT25M38.00S,15,10,8,1,1,1,1,0.857142857142857,1.0,0.5,1,2,5,5,2,2,32.0
41,2026/01/21,CHI,7,Dalen Terry,PT13M58.00S,9,3,5,1,0,1,0,0.428571428571429,0.333333333333333,0.5,2,4,1,3,1,2,11.0
42,2026/01/21,CHI,5,Jevon Carter,PT03M43.00S,3,0,0,1,0,0,1,0.5,0.0,0.5,1,2,0,0,0,0,0.0
43,2026/01/21,CHI,15,Julian Phillips,PT03M43.00S,0,0,0,0,0,0,0,0.0,0.0,0.0,0,1,0,0,0,0,0.0
44,2026/01/21,CHI,47,Lachlan Olbrich,PT03M43.00S,0,1,1,0,0,0,1,0.0,0.0,0.0,0,0,0,0,0,0,0.0
45,2026/01/21,SAS,30,Julian Champagnie,PT34M10.00S,27,2,8,2,0,0,3,0.470588235294118,0.0,0.5,8,16,0,1,3,3,5.0
46,2026/01/21,SAS,40,Harrison Barnes,PT24M36.50S,6,1,2,1,1,1,0,0.333333333333333,0.0,0.4,2,5,0,1,0,0,-2.0
47,2026/01/21,SAS,1,Victor Wembanyama,PT29M42.30S,14,2,10,0,0,1,4,0.238095238095238,0.357142857142857,0.0,0,7,5,14,4,4,-14.0
48,2026/01/21,SAS,4,De'Aaron Fox,PT32M12.00S,14,5,3,1,0,3,2,0.4,0.444444444444444,0.333333333333333,2,6,4,9,0,0,-7.0
49,2026/01/21,SAS,5,Stephon Castle,PT34M53.00S,13,8,7,1,1,3,2,0.26315789473684204,0.272727272727273,0.25,2,8,3,11,1,1,-12.0
50,2026/01/21,SAS,2,Dylan Harper,PT22M36.70S,8,5,3,0,1,1,0,0.444444444444444,0.666666666666666,0.0,0,3,4,6,0,0,2.0
51,2026/01/21,SAS,7,Luke Kornet,PT23M53.20S,8,1,6,0,2,0,3,0.8,0.8,0.0,0,0,4,5,0,0,3.0
52,2026/01/21,SAS,3,Keldon Johnson,PT27M12.30S,12,0,6,2,0,0,1,0.555555555555556,0.833333333333334,0.0,0,3,5,6,2,2,-2.0
53,2026/01/21,SAS,11,Carter Bryant,PT10M44.00S,4,0,0,0,0,0,1,0.5,1.0,0.0,0,2,2,2,0,0,2.0
54,2026/01/21,HOU,7,Kevin Durant,PT39M20.70S,18,7,4,1,1,4,2,0.583333333333333,0.625,0.5,2,4,5,8,2,2,1.0
55,2026/01/21,HOU,10,Jabari Smith Jr.,PT35M10.00S,17,1,4,0,1,0,2,0.538461538461538,0.625,0.4,2,5,5,8,1,3,1.0
56,2026/01/21,HOU,28,Alperen Sengun,PT33M33.60S,20,9,13,0,2,4,0,0.538461538461538,0.6,0.333333333333333,1,3,6,10,5,5,-2.0
57,2026/01/21,HOU,20,Josh Okogie,PT16M37.40S,5,0,1,1,0,0,2,1.0,1.0,1.0,1,1,1,1,0,3,-9.0
58,2026/01/21,HOU,1,Amen Thompson,PT39M13.50S,16,6,10,1,2,3,0,0.428571428571429,0.5,0.0,0,2,6,12,4,5,7.0
59,2026/01/21,HOU,17,Tari Eason,PT19M48.50S,6,1,6,1,1,3,2,0.5,0.5,0.0,0,0,3,6,0,0,-3.0
60,2026/01/21,HOU,2,Dorian Finney-Smith,PT14M53.40S,2,1,1,0,0,0,2,0.333333333333333,1.0,0.0,0,2,1,1,0,0,9.0
61,2026/01/21,HOU,15,Reed Sheppard,PT29M10.00S,21,4,2,1,1,0,0,0.470588235294118,0.5714285714285711,0.4,4,10,4,7,1,2,15.0
62,2026/01/21,HOU,30,Clint Capela,PT12M12.90S,6,0,2,0,1,0,1,0.666666666666666,0.666666666666666,0.0,0,0,2,3,2,2,6.0
63,2026/01/21,MIN,3,Jaden McDaniels,PT34M55.00S,18,6,6,1,1,5,3,0.4375,0.555555555555556,0.28571428571428603,2,7,5,9,2,2,3.0
64,2026/01/21,MIN,30,Julius Randle,PT33M55.00S,19,3,2,3,0,3,2,0.4375,0.545454545454545,0.2,1,5,6,11,4,6,-1.0
65,2026/01/21,MIN,27,Rudy Gobert,PT29M16.40S,11,0,10,2,4,0,1,1.0,1.0,0.0,0,0,5,5,1,5,-6.0
66,2026/01/21,MIN,5,Anthony Edwards,PT39M12.00S,38,3,8,2,0,1,1,0.392857142857143,0.461538461538462,0.333333333333333,5,15,6,13,11,12,7.0
67,2026/01/21,MIN,0,Donte DiVincenzo,PT33M01.00S,15,8,5,2,0,2,3,0.416666666666667,0.666666666666666,0.333333333333333,3,9,2,3,2,2,-14.0
68,2026/01/21,MIN,10,Mike Conley,PT15M36.00S,0,2,1,1,0,0,2,0.0,0.0,0.0,0,2,0,1,0,0,-5.0
69,2026/01/21,MIN,11,Naz Reid,PT28M03.60S,13,4,9,0,0,0,4,0.333333333333333,0.333333333333333,0.333333333333333,3,9,2,6,0,0,-3.0
70,2026/01/21,MIN,22,Jaylen Clark,PT16M34.00S,4,0,2,1,0,0,0,1.0,1.0,0.0,0,0,2,2,0,0,-2.0
71,2026/01/21,MIN,19,Joan Beringer,PT05M03.00S,4,0,3,0,0,0,0,0.666666666666666,0.666666666666666,0.0,0,0,2,3,0,0,-2.0
72,2026/01/21,MIN,8,Bones Hyland,PT04M24.00S,0,2,0,0,1,0,1,0.0,0.0,0.0,0,0,0,0,0,0,-2.0
73,2026/01/21,UTA,19,Ace Bailey,PT33M10.00S,20,1,5,1,0,3,2,0.470588235294118,0.555555555555556,0.375,3,8,5,9,1,1,2.0
74,2026/01/21,UTA,5,Cody Williams,PT28M51.00S,8,1,3,0,1,1,2,0.8,1.0,0.0,0,1,4,4,0,0,-9.0
75,2026/01/21,UTA,30,Jusuf Nurkić,PT30M46.00S,16,10,18,1,1,2,5,0.636363636363636,0.7,0.0,0,1,7,10,2,3,8.0
76,2026/01/21,UTA,10,Svi Mykhailiuk,PT17M14.90S,4,0,3,1,0,0,0,0.5,1.0,0.0,0,1,1,1,2,2,-7.0
77,2026/01/21,UTA,3,Keyonte George,PT39M29.00S,43,3,0,2,0,6,4,0.535714285714286,0.6,0.461538461538462,6,13,9,15,7,8,-6.0
78,2026/01/21,UTA,2,Kyle Anderson,PT17M14.00S,2,2,1,1,1,0,1,0.333333333333333,0.5,0.0,0,1,1,2,0,0,-3.0
79,2026/01/21,UTA,8,Isaiah Collier,PT26M17.00S,18,10,4,1,1,1,3,0.7,0.666666666666666,1.0,1,1,6,9,3,7,9.0
80,2026/01/21,UTA,22,Kyle Filipowski,PT33M29.10S,11,4,8,1,0,3,5,0.5,0.333333333333333,0.666666666666666,2,3,1,3,3,4,15.0
81,2026/01/21,UTA,13,Walter Clayton Jr.,PT13M29.00S,5,0,3,0,0,0,0,0.4,0.4,0.0,0,0,2,5,1,1,16.0
82,2026/01/21,LAL,23,LeBron James,PT34M25.00S,19,8,9,0,0,6,2,0.533333333333333,0.5,1.0,1,1,7,14,2,6,13.0
83,2026/01/21,LAL,12,Jake LaRavia,PT26M45.10S,7,2,1,0,0,3,2,0.6,1.0,0.0,0,2,3,3,1,1,4.0
84,2026/01/21,LAL,5,Deandre Ayton,PT14M48.90S,4,0,8,0,0,0,1,0.4,0.4,0.0,0,0,2,5,0,0,-1.0
85,2026/01/21,LAL,36,Marcus Smart,PT31M15.00S,15,1,2,0,0,0,2,0.444444444444444,0.333333333333333,0.5,3,6,1,3,4,5,6.0
86,2026/01/21,LAL,77,Luka Dončić,PT35M39.00S,38,10,13,2,0,3,2,0.5714285714285711,0.75,0.333333333333333,3,9,9,12,11,12,-2.0
87,2026/01/21,LAL,7,Gabe Vincent,PT17M28.30S,5,0,0,0,0,0,3,0.5,0.0,0.5,1,2,0,0,2,3,3.0
88,2026/01/21,LAL,11,Jaxson Hayes,PT22M51.70S,9,0,5,0,2,0,2,0.8,0.8,0.0,0,0,4,5,1,4,16.0
89,2026/01/21,LAL,28,Rui Hachimura,PT28M15.00S,9,1,6,1,0,0,2,0.307692307692308,0.3,0.333333333333333,1,3,3,10,0,0,-2.0
90,2026/01/21,LAL,2,Jarred Vanderbilt,PT17M47.00S,0,2,4,0,0,0,1,0.0,0.0,0.0,0,1,0,1,0,0,-2.0
91,2026/01/21,LAL,17,Drew Timme,PT10M45.00S,9,0,3,0,0,0,1,0.666666666666666,0.6,1.0,1,1,3,5,0,1,5.0
92,2026/01/21,DEN,21,Spencer Jones,PT36M47.10S,16,0,5,1,1,1,5,0.666666666666666,1.0,0.5714285714285711,4,7,2,2,0,0,6.0
93,2026/01/21,DEN,8,Peyton Watson,PT37M45.00S,18,3,5,3,1,3,3,0.411764705882353,0.333333333333333,0.5,4,8,3,9,0,0,-6.0
94,2026/01/21,DEN,32,Aaron Gordon,PT31M51.00S,18,5,4,0,0,0,1,0.666666666666666,0.8,0.5,2,4,4,5,4,8,-8.0
95,2026/01/21,DEN,24,Jalen Pickett,PT26M13.50S,7,4,6,1,0,0,2,0.333333333333333,0.28571428571428603,0.5,1,2,2,7,0,0,-4.0
96,2026/01/21,DEN,27,Jamal Murray,PT36M05.10S,28,11,2,0,0,1,2,0.476190476190476,0.461538461538462,0.5,4,8,6,13,4,4,-3.0
97,2026/01/21,DEN,10,Tim Hardaway Jr.,PT30M43.00S,10,2,2,1,3,0,3,0.166666666666667,0.5,0.0,0,8,2,4,6,7,0.0
98,2026/01/21,DEN,22,Zeke Nnaji,PT18M35.00S,6,0,3,0,2,0,2,0.75,0.75,0.0,0,0,3,4,0,0,-4.0
99,2026/01/21,DEN,11,Bruce Brown,PT22M00.30S,4,2,4,0,0,0,3,0.333333333333333,0.333333333333333,0.0,0,0,2,6,0,0,-21.0
100,2026/01/21,TOR,1,Gradey Dick,PT23M18.00S,10,0,3,1,0,1,4,0.5,1.0,0.4,2,5,1,1,2,2,17.0
101,2026/01/21,TOR,3,Brandon Ingram,PT36M05.00S,22,5,4,1,1,1,2,0.470588235294118,0.36363636363636404,0.666666666666666,4,6,4,11,2,2,12.0
102,2026/01/21,TOR,4,Scottie Barnes,PT38M52.00S,26,11,7,0,0,4,1,0.666666666666666,0.705882352941176,0.0,0,1,12,17,2,2,10.0
103,2026/01/21,TOR,5,Immanuel Quickley,PT33M36.00S,40,10,2,2,0,3,4,0.846153846153846,0.8,0.875,7,8,4,5,11,11,1.0
104,2026/01/21,TOR,23,Jamal Shead,PT30M18.00S,10,8,1,1,0,2,2,0.666666666666666,0.5,1.0,2,2,2,4,0,0,24.0
105,2026/01/21,TOR,30,Ochai Agbaji,PT11M52.20S,4,0,0,0,0,3,3,0.333333333333333,0.666666666666666,0.0,0,3,2,3,0,0,3.0
106,2026/01/21,TOR,54,Sandro Mamukelashvili,PT25M39.00S,14,4,12,2,1,1,2,0.625,0.25,1.0,4,4,1,4,0,0,3.0
107,2026/01/21,TOR,77,Jamison Battle,PT15M27.80S,9,3,2,0,1,0,2,0.5,0.5,0.5,2,4,1,2,1,1,5.0
108,2026/01/21,TOR,0,A.J. Lawson,PT10M32.00S,6,0,1,0,0,0,0,0.666666666666666,1.0,0.0,0,1,2,2,2,2,3.0
109,2026/01/21,TOR,2,Jonathan Mogbo,PT10M52.00S,2,0,5,0,0,0,2,0.333333333333333,0.333333333333333,0.0,0,0,1,3,0,0,6.0
110,2026/01/21,TOR,17,Garrett Temple,PT01M44.00S,0,1,0,0,0,0,0,0.0,0.0,0.0,0,0,0,0,0,0,3.0
111,2026/01/21,TOR,55,Alijah Martin,PT01M44.00S,2,0,0,0,0,0,0,0.0,0.0,0.0,0,0,0,0,2,2,3.0
112,2026/01/21,GSW,4,Moses Moody,PT17M37.00S,10,0,5,0,0,0,0,0.714285714285714,1.0,0.0,0,2,5,5,0,1,-20.0
113,2026/01/21,GSW,23,Draymond Green,PT22M26.00S,6,5,6,0,0,2,0,0.333333333333333,0.6,0.0,0,4,3,5,0,0,-27.0
114,2026/01/21,GSW,21,Quinten Post,PT18M26.00S,12,0,7,0,0,0,2,0.555555555555556,0.5,0.666666666666666,2,3,3,6,0,0,-10.0
115,2026/01/21,GSW,2,Brandin Podziemski,PT21M59.00S,11,2,3,1,1,2,2,0.4,1.0,0.14285714285714302,1,7,3,3,2,5,-24.0
116,2026/01/21,GSW,30,Stephen Curry,PT24M41.00S,16,3,3,1,0,1,1,0.375,0.444444444444444,0.28571428571428603,2,7,4,9,2,3,-25.0
117,2026/01/21,GSW,0,Gary Payton II,PT11M04.00S,9,0,0,1,0,2,2,0.75,0.5,1.0,2,2,1,2,1,2,3.0
118,2026/01/21,GSW,15,Gui Santos,PT14M46.00S,3,2,0,0,0,1,4,0.5,0.0,0.5,1,2,0,0,0,0,-14.0
119,2026/01/21,GSW,8,De'Anthony Melton,PT20M28.00S,6,5,3,1,0,5,3,0.333333333333333,0.666666666666666,0.0,0,3,2,3,2,2,2.0
120,2026/01/21,GSW,32,Trayce Jackson-Davis,PT11M56.00S,0,1,0,0,0,0,1,0.0,0.0,0.0,0,0,0,1,0,0,8.0
121,2026/01/21,GSW,3,Will Richard,PT23M19.00S,0,1,0,1,0,1,2,0.0,0.0,0.0,0,3,0,1,0,0,7.0
122,2026/01/21,GSW,7,Buddy Hield,PT19M18.00S,25,2,1,1,0,0,0,0.875,0.5,1.0,6,6,1,2,5,5,10.0
123,2026/01/21,GSW,1,Jonathan Kuminga,PT21M07.00S,20,2,5,1,0,2,1,0.7,0.857142857142857,0.333333333333333,1,3,6,7,5,8,3.0
124,2026/01/21,GSW,61,Pat Spencer,PT09M25.00S,9,5,2,0,0,1,1,1.0,1.0,1.0,1,1,3,3,0,0,3.0
125,2026/01/21,GSW,18,LJ Cryer,PT01M44.00S,0,0,0,0,0,0,1,0.0,0.0,0.0,0,0,0,0,0,0,-3.0
126,2026/01/21,GSW,33,Malevy Leons,PT01M44.00S,0,0,1,0,0,0,0,0.0,0.0,0.0,0,0,0,1,0,0,-3.0
127,2026/01/21,MIA,9,Pelle Larsson,PT26M14.00S,16,9,6,1,0,0,4,0.777777777777778,0.875,0.0,0,1,7,8,2,3,10.0
128,2026/01/21,MIA,22,Andrew Wiggins,PT29M33.00S,19,2,3,1,1,2,1,0.583333333333333,0.8,0.428571428571429,3,7,4,5,2,2,12.0
129,2026/01/21,MIA,13,Bam Adebayo,PT30M21.00S,25,5,7,1,1,1,1,0.533333333333333,0.4,0.8,4,5,4,10,5,7,13.0
130,2026/01/21,MIA,24,Norman Powell,PT30M49.00S,22,2,3,0,0,4,2,0.5,0.4,0.666666666666666,4,6,4,10,2,3,13.0
131,2026/01/21,MIA,45,Davion Mitchell,PT19M29.00S,6,7,3,0,0,0,0,0.4,0.0,0.666666666666666,2,3,0,2,0,0,11.0
132,2026/01/21,MIA,5,Nikola Jović,PT19M18.00S,8,2,5,0,0,1,2,0.272727272727273,0.166666666666667,0.4,2,5,1,6,0,2,1.0
133,2026/01/21,MIA,11,Jaime Jaquez Jr.,PT33M26.00S,13,3,9,2,0,2,1,0.416666666666667,0.4,0.5,1,2,4,10,2,4,5.0
134,2026/01/21,MIA,0,Simone Fontecchio,PT19M11.00S,15,0,7,0,0,0,1,0.45454545454545503,0.0,0.555555555555556,5,9,0,2,0,0,1.0
135,2026/01/21,MIA,25,Kasparas Jakučionis,PT16M51.00S,1,0,2,1,0,0,1,0.0,0.0,0.0,0,2,0,1,1,2,0.0
136,2026/01/21,MIA,15,Myron Gardner,PT14M48.00S,5,3,1,0,0,0,0,0.5,1.0,0.0,0,2,2,2,1,1,-1.0
137,2026/01/21,SAC,10,DeMar DeRozan,PT34M57.00S,23,5,4,0,0,2,3,0.5,0.5,0.5,1,2,5,10,10,10,-19.0
138,2026/01/21,SAC,9,Precious Achiuwa,PT22M04.00S,6,1,5,1,0,2,1,0.5,0.666666666666666,0.0,0,1,2,3,2,2,-9.0
139,2026/01/21,SAC,42,Maxime Raynaud,PT17M50.00S,7,0,8,2,0,0,0,0.5,0.4,1.0,1,1,2,5,0,0,-6.0
140,2026/01/21,SAC,8,Zach LaVine,PT22M14.10S,18,5,1,0,0,1,2,0.7,0.666666666666666,0.75,3,4,4,6,1,2,-3.0
141,2026/01/21,SAC,18,Russell Westbrook,PT31M13.00S,22,7,2,2,1,6,3,0.642857142857143,1.0,0.166666666666667,1,6,8,8,3,4,-13.0
142,2026/01/21,SAC,11,Domantas Sabonis,PT16M59.00S,6,3,10,0,0,0,2,0.375,0.428571428571429,0.0,0,1,3,7,0,1,-4.0
143,2026/01/21,SAC,5,Nique Clifford,PT24M21.00S,9,1,3,0,1,0,0,0.4,0.5,0.25,1,4,3,6,0,0,-1.0
144,2026/01/21,SAC,17,Dennis Schröder,PT19M11.00S,4,2,2,0,0,3,1,0.28571428571428603,0.333333333333333,0.0,0,1,2,6,0,0,-4.0
145,2026/01/21,SAC,0,Malik Monk,PT29M49.00S,18,2,2,0,0,1,3,0.461538461538462,0.666666666666666,0.4,4,10,2,3,2,2,-3.0
146,2026/01/21,SAC,32,Dylan Cardwell,PT21M21.90S,4,1,12,1,2,0,5,0.666666666666666,0.666666666666666,0.0,0,0,2,3,0,0,-3.0
0,2026/01/22,CLE,32,Dean Wade,PT27M07.00S,4,4,9,1,1,1,1,0.333333333333333,1.0,0.0,0,2,1,1,2,2,11.0
1,2026/01/22,CLE,4,Evan Mobley,PT35M31.00S,14,0,14,1,3,2,4,0.461538461538462,0.666666666666666,0.0,0,4,6,9,2,3,10.0
2,2026/01/22,CLE,31,Jarrett Allen,PT34M37.00S,13,0,9,0,2,1,1,0.5,0.5,0.0,0,0,4,8,5,6,-3.0
3,2026/01/22,CLE,20,Jaylon Tyson,PT30M38.50S,14,4,7,1,0,2,3,0.352941176470588,0.625,0.111111111111111,1,9,5,8,1,2,14.0
4,2026/01/22,CLE,45,Donovan Mitchell,PT37M29.00S,24,6,3,1,0,8,1,0.4,0.5,0.25,2,8,6,12,6,7,-3.0
5,2026/01/22,CLE,9,Craig Porter Jr.,PT18M11.00S,7,2,1,0,2,2,1,0.4,0.0,0.666666666666666,2,3,0,2,1,2,-5.0
6,2026/01/22,CLE,12,De'Andre Hunter,PT13M17.00S,4,1,4,1,0,4,3,0.166666666666667,0.0,0.166666666666667,1,6,0,0,1,2,-7.0
7,2026/01/22,CLE,35,Nae'Qwan Tomlin,PT20M49.50S,6,2,9,0,0,0,1,0.428571428571429,0.75,0.0,0,3,3,4,0,0,0.0
8,2026/01/22,CLE,22,Larry Nance Jr.,PT12M35.00S,5,1,2,1,0,0,3,0.666666666666666,0.5,1.0,1,1,1,2,0,0,14.0
9,2026/01/22,CLE,24,Tyrese Proctor,PT09M45.00S,3,0,2,0,0,0,3,0.2,0.0,0.25,1,4,0,1,0,0,4.0
10,2026/01/22,CHA,7,Kon Knueppel,PT31M26.00S,21,2,11,1,0,2,3,0.38095238095238104,0.545454545454545,0.2,2,10,6,11,3,3,8.0
11,2026/01/22,CHA,0,Miles Bridges,PT26M00.00S,11,1,1,0,0,0,1,0.384615384615385,0.5,0.2,1,5,4,8,0,1,-29.0
12,2026/01/22,CHA,14,Moussa Diabaté,PT29M10.10S,4,0,5,1,3,2,4,1.0,1.0,0.0,0,0,1,1,2,6,1.0
13,2026/01/22,CHA,24,Brandon Miller,PT33M59.00S,24,2,4,2,0,3,1,0.4,0.555555555555556,0.272727272727273,3,11,5,9,5,5,-19.0
14,2026/01/22,CHA,4,Sion James,PT21M39.50S,0,1,1,1,0,0,2,0.0,0.0,0.0,0,0,0,2,0,0,-11.0
15,2026/01/22,CHA,1,LaMelo Ball,PT22M18.40S,2,7,5,2,1,2,4,0.0666666666666667,0.2,0.0,0,10,1,5,0,0,-16.0
16,2026/01/22,CHA,10,Josh Green,PT19M19.60S,7,2,9,1,0,1,1,0.666666666666666,1.0,0.5,1,2,1,1,2,2,12.0
17,2026/01/22,CHA,11,Ryan Kalkbrenner,PT15M16.00S,7,1,4,0,0,1,4,0.6,0.6,0.0,0,0,3,5,1,1,-3.0
18,2026/01/22,CHA,2,Grant Williams,PT25M24.00S,0,4,5,3,0,1,2,0.0,0.0,0.0,0,5,0,1,0,0,19.0
19,2026/01/22,CHA,8,Collin Sexton,PT15M27.40S,11,0,2,1,0,0,1,0.416666666666667,0.5,0.25,1,4,4,8,0,0,3.0
20,2026/01/22,IND,12,Johnny Furphy,PT23M11.00S,10,2,8,0,0,2,4,0.5714285714285711,0.666666666666666,0.5,2,4,2,3,0,0,8.0
21,2026/01/22,IND,43,Pascal Siakam,PT32M43.00S,32,4,10,0,0,2,3,0.5714285714285711,0.5714285714285711,0.5714285714285711,4,7,8,14,4,6,-1.0
22,2026/01/22,IND,32,Jay Huff,PT15M46.00S,2,1,3,2,1,0,2,0.25,1.0,0.0,0,3,1,1,0,0,-6.0
23,2026/01/22,IND,23,Aaron Nesmith,PT28M27.00S,6,4,3,0,0,1,3,0.333333333333333,0.6,0.0,0,4,3,5,0,1,-28.0
24,2026/01/22,IND,2,Andrew Nembhard,PT32M51.40S,9,9,4,0,0,3,0,0.272727272727273,0.5,0.0,0,5,3,6,3,4,-6.0
25,2026/01/22,IND,26,Ben Sheppard,PT20M43.60S,8,2,0,0,0,0,1,0.25,0.0,0.25,2,8,0,0,2,2,-3.0
26,2026/01/22,IND,5,Jarace Walker,PT29M05.00S,19,2,3,2,0,0,2,0.5,0.5714285714285711,0.428571428571429,3,7,4,7,2,2,-17.0
27,2026/01/22,IND,22,Isaiah Jackson,PT09M18.00S,0,1,2,0,0,2,2,0.0,0.0,0.0,0,1,0,0,0,0,-4.0
28,2026/01/22,IND,9,T.J. McConnell,PT13M59.00S,4,3,3,1,0,2,1,0.333333333333333,0.4,0.0,0,1,2,5,0,0,-19.0
29,2026/01/22,IND,13,Tony Bradley,PT06M18.00S,2,0,3,1,0,0,0,0.2,0.2,0.0,0,0,1,5,0,0,-2.0
30,2026/01/22,IND,29,Quenton Jackson,PT06M23.00S,3,0,0,0,0,0,1,0.5,0.0,0.5,1,2,0,0,0,0,-5.0
31,2026/01/22,IND,11,Micah Potter,PT17M00.00S,9,1,2,0,1,0,1,0.2,0.5,0.0,0,3,1,2,7,8,2.0
32,2026/01/22,IND,7,Kam Jones,PT04M15.00S,0,2,1,0,0,1,0,0.0,0.0,0.0,0,0,0,1,0,0,6.0
33,2026/01/22,BOS,7,Jaylen Brown,PT33M55.00S,30,5,10,3,0,5,2,0.5,0.5,0.5,1,2,10,20,7,9,11.0
34,2026/01/22,BOS,30,Sam Hauser,PT27M33.60S,17,3,6,0,0,2,4,0.75,1.0,0.714285714285714,5,7,1,1,0,0,13.0
35,2026/01/22,BOS,88,Neemias Queta,PT28M30.00S,17,0,9,1,5,2,3,0.6,0.6,0.0,0,0,6,10,5,5,8.0
36,2026/01/22,BOS,11,Payton Pritchard,PT33M28.00S,10,8,5,1,0,2,1,0.333333333333333,0.428571428571429,0.2,1,5,3,7,1,1,26.0
37,2026/01/22,BOS,9,Derrick White,PT30M11.00S,13,5,5,0,0,1,2,0.4,0.5,0.25,1,4,3,6,4,4,18.0
38,2026/01/22,BOS,4,Anfernee Simons,PT22M28.60S,9,2,4,1,0,0,2,0.375,0.5,0.25,1,4,2,4,2,2,2.0
39,2026/01/22,BOS,52,Luka Garza,PT15M38.00S,8,0,6,0,0,0,1,0.333333333333333,0.4,0.0,0,1,2,5,4,4,13.0
40,2026/01/22,BOS,55,Baylor Scheierman,PT14M27.40S,5,1,2,1,0,1,0,0.5,0.5,0.5,1,2,1,2,0,0,-5.0
41,2026/01/22,BOS,27,Jordan Walsh,PT16M45.40S,3,0,5,1,1,0,2,0.333333333333333,0.0,0.333333333333333,1,3,0,0,0,0,0.0
42,2026/01/22,BOS,28,Hugo González,PT10M46.00S,5,0,2,0,0,1,1,0.666666666666666,1.0,0.5,1,2,1,1,0,0,-1.0
43,2026/01/22,BOS,77,Amari Williams,PT03M51.00S,0,0,0,0,0,0,1,0.0,0.0,0.0,0,0,0,0,0,0,-6.0
44,2026/01/22,BOS,13,Ron Harper Jr.,PT02M26.00S,2,0,0,0,0,0,0,0.5,1.0,0.0,0,1,1,1,0,0,-4.0
45,2026/01/22,BKN,17,Michael Porter Jr.,PT25M31.10S,12,1,6,0,0,2,0,0.28571428571428603,0.2,0.333333333333333,3,9,1,5,1,1,-26.0
46,2026/01/22,BKN,21,Noah Clowney,PT23M19.00S,8,0,4,0,0,0,0,0.428571428571429,0.333333333333333,0.5,2,4,1,3,0,0,-19.0
47,2026/01/22,BKN,33,Nic Claxton,PT23M15.00S,4,1,4,1,2,0,2,0.2,0.2,0.0,0,0,1,5,2,4,-25.0
48,2026/01/22,BKN,4,Drake Powell,PT25M13.00S,6,3,1,1,0,0,1,0.222222222222222,0.4,0.0,0,4,2,5,2,2,-26.0
49,2026/01/22,BKN,8,Egor Dëmin,PT20M52.00S,6,3,1,0,0,2,2,0.28571428571428603,0.0,0.333333333333333,2,6,0,1,0,0,-18.0
50,2026/01/22,BKN,1,Ziaire Williams,PT19M21.00S,11,0,1,1,2,1,0,0.5,0.5714285714285711,0.333333333333333,1,3,4,7,0,0,-25.0
51,2026/01/22,BKN,88,Nolan Traore,PT18M35.00S,0,3,1,0,0,3,3,0.0,0.0,0.0,0,1,0,2,0,0,-20.0
52,2026/01/22,BKN,24,Cam Thomas,PT15M37.00S,5,2,1,0,0,0,0,0.166666666666667,0.0,0.2,1,5,0,1,2,2,-20.0
53,2026/01/22,BKN,20,Day'Ron Sharpe,PT23M51.00S,6,1,2,2,0,2,3,0.4,0.666666666666666,0.0,0,2,2,3,2,2,-36.0
54,2026/01/22,BKN,2,Danny Wolf,PT12M16.90S,3,0,2,0,0,0,2,0.25,0.0,0.5,1,2,0,2,0,0,-13.0
55,2026/01/22,BKN,13,Tyrese Martin,PT10M43.00S,3,0,2,0,0,0,0,0.333333333333333,0.0,0.5,1,2,0,1,0,0,-14.0
56,2026/01/22,BKN,14,Terance Mann,PT10M43.00S,2,0,0,0,0,2,1,0.2,0.25,0.0,0,1,1,4,0,0,-14.0
57,2026/01/22,BKN,22,Jalen Wilson,PT10M43.00S,0,1,2,0,0,2,2,0.0,0.0,0.0,0,1,0,0,0,2,-14.0
58,2026/01/22,NYK,8,OG Anunoby,PT29M51.20S,5,3,5,0,0,3,2,0.5,0.5,0.0,0,0,2,4,1,2,28.0
59,2026/01/22,NYK,3,Josh Hart,PT25M13.00S,11,3,9,1,0,2,2,1.0,1.0,1.0,1,1,4,4,0,0,19.0
60,2026/01/22,NYK,32,Karl-Anthony Towns,PT20M19.00S,14,3,8,1,0,2,3,0.625,0.6,0.666666666666666,2,3,3,5,2,2,21.0
61,2026/01/22,NYK,25,Mikal Bridges,PT24M33.10S,11,4,4,1,1,0,2,0.555555555555556,0.666666666666666,0.333333333333333,1,3,4,6,0,0,18.0
62,2026/01/22,NYK,11,Jalen Brunson,PT30M32.90S,20,5,4,0,0,2,2,0.470588235294118,0.777777777777778,0.125,1,8,7,9,3,4,27.0
63,2026/01/22,NYK,23,Mitchell Robinson,PT16M44.00S,7,0,7,1,2,1,3,1.0,1.0,0.0,0,0,3,3,1,2,20.0
64,2026/01/22,NYK,28,Guerschon Yabusele,PT11M25.00S,2,0,1,1,1,0,1,0.333333333333333,1.0,0.0,0,2,1,1,0,0,9.0
65,2026/01/22,NYK,44,Landry Shamet,PT15M08.80S,18,2,1,2,1,0,0,0.857142857142857,0.0,1.0,6,6,0,1,0,0,23.0
66,2026/01/22,NYK,2,Miles McBride,PT19M13.00S,14,4,6,1,0,0,0,0.5,0.333333333333333,0.75,3,4,2,6,1,2,34.0
67,2026/01/22,NYK,00,Jordan Clarkson,PT12M00.00S,3,2,3,1,0,1,1,0.25,0.5,0.0,0,2,1,2,1,2,22.0
68,2026/01/22,NYK,55,Ariel Hukporti,PT10M59.00S,2,0,5,0,1,0,1,0.5,0.5,0.0,0,0,1,2,0,0,24.0
69,2026/01/22,NYK,13,Tyler Kolek,PT09M35.00S,6,0,0,1,0,1,1,0.5,0.5,0.5,1,2,1,2,1,1,11.0
70,2026/01/22,NYK,51,Mohamed Diawara,PT07M47.00S,7,1,3,0,0,0,0,0.5,0.333333333333333,1.0,1,1,1,3,2,2,8.0
71,2026/01/22,NYK,4,Pacôme Dadiet,PT06M39.00S,0,1,0,0,0,0,0,0.0,0.0,0.0,0,0,0,0,0,0,6.0
72,2026/01/22,ATL,24,Corey Kispert,PT13M47.30S,8,2,1,1,0,0,0,0.6,1.0,0.5,2,4,1,1,0,0,-11.0
73,2026/01/22,ATL,1,Jalen Johnson,PT39M01.00S,32,8,15,1,0,4,2,0.476190476190476,0.533333333333333,0.333333333333333,2,6,8,15,10,11,0.0
74,2026/01/22,ATL,17,Onyeka Okongwu,PT27M34.30S,18,1,9,1,2,7,6,0.6,1.0,0.5,4,8,2,2,2,3,-3.0
75,2026/01/22,ATL,5,Dyson Daniels,PT35M07.60S,3,8,7,0,0,1,2,0.111111111111111,0.111111111111111,0.0,0,0,1,9,1,2,-2.0
76,2026/01/22,ATL,7,Nickeil Alexander-Walker,PT33M28.00S,11,4,2,1,2,2,2,0.272727272727273,0.5,0.222222222222222,2,9,1,2,3,3,1.0
77,2026/01/22,ATL,3,CJ McCollum,PT26M01.70S,15,6,0,2,1,1,1,0.428571428571429,0.428571428571429,0.428571428571429,3,7,3,7,0,0,5.0
78,2026/01/22,ATL,18,Mouhamed Gueye,PT18M02.00S,7,2,1,0,0,0,3,0.428571428571429,0.666666666666666,0.25,1,4,2,3,0,2,0.0
79,2026/01/22,ATL,4,Luke Kennard,PT24M42.40S,18,2,4,2,0,0,3,0.777777777777778,0.75,0.8,4,5,3,4,0,0,5.0
80,2026/01/22,ATL,27,Vít Krejčí,PT10M53.00S,7,1,2,0,0,0,2,0.666666666666666,0.5,1.0,1,1,1,2,2,3,8.0
81,2026/01/22,ATL,35,Christian Koloko,PT11M22.70S,5,0,1,1,1,1,3,0.666666666666666,0.5,1.0,1,1,1,2,0,0,7.0
82,2026/01/22,MEM,0,Jaylen Wells,PT25M34.00S,18,0,4,1,0,0,4,0.375,0.5714285714285711,0.222222222222222,2,9,4,7,4,4,3.0
83,2026/01/22,MEM,8,Jaren Jackson Jr.,PT32M21.00S,17,2,6,1,0,5,5,0.5,0.625,0.25,1,4,5,8,4,5,7.0
84,2026/01/22,MEM,46,John Konchar,PT20M47.70S,2,0,4,2,1,1,0,1.0,1.0,0.0,0,0,1,1,0,0,-1.0
85,2026/01/22,MEM,23,Cedric Coward,PT26M19.00S,17,0,7,2,1,3,1,0.466666666666667,0.4,0.6,3,5,4,10,0,0,11.0
86,2026/01/22,MEM,12,Ja Morant,PT29M56.00S,23,12,2,1,3,5,4,0.466666666666667,0.545454545454545,0.25,1,4,6,11,8,8,1.0
87,2026/01/22,MEM,24,Cam Spencer,PT20M31.00S,11,4,2,0,0,2,1,0.375,0.333333333333333,0.4,2,5,1,3,3,3,-7.0
88,2026/01/22,MEM,31,Jock Landale,PT27M51.80S,13,3,11,0,0,0,2,0.384615384615385,0.36363636363636404,0.5,1,2,4,11,2,4,-1.0
89,2026/01/22,MEM,45,GG Jackson,PT20M45.00S,9,1,2,0,2,0,3,0.666666666666666,0.8,0.0,0,1,4,5,1,1,-11.0
90,2026/01/22,MEM,5,Vince Williams Jr.,PT18M04.00S,3,1,0,0,0,0,1,0.25,0.0,0.25,1,4,0,0,0,0,-3.0
91,2026/01/22,MEM,3,Kentavious Caldwell-Pope,PT17M50.50S,9,3,5,0,0,1,2,1.0,1.0,1.0,1,1,2,2,2,2,-9.0
92,2026/01/22,DET,9,Ausar Thompson,PT28M17.00S,12,3,9,3,0,0,2,0.5,0.5,0.0,0,0,5,10,2,2,12.0
93,2026/01/22,DET,12,Tobias Harris,PT30M30.00S,10,3,6,0,0,3,2,0.307692307692308,0.28571428571428603,0.333333333333333,2,6,2,7,0,0,8.0
94,2026/01/22,DET,0,Jalen Duren,PT29M47.00S,20,3,15,1,2,2,3,0.636363636363636,0.636363636363636,0.0,0,0,7,11,6,6,13.0
95,2026/01/22,DET,55,Duncan Robinson,PT29M26.80S,15,3,4,1,1,2,2,0.45454545454545503,0.5,0.444444444444444,4,9,1,2,1,2,20.0
96,2026/01/22,DET,24,Daniss Jenkins,PT26M33.90S,17,4,1,2,2,5,3,0.416666666666667,0.5,0.333333333333333,2,6,3,6,5,7,5.0
97,2026/01/22,DET,23,Jaden Ivey,PT18M16.00S,7,1,1,0,0,3,3,0.4,0.0,0.4,2,5,0,0,1,2,-7.0
98,2026/01/22,DET,5,Ronald Holland II,PT18M19.00S,6,2,2,2,0,0,3,0.5,0.333333333333333,1.0,1,1,1,3,1,2,-1.0
99,2026/01/22,DET,28,Isaiah Stewart,PT23M51.00S,8,3,6,0,2,2,2,0.428571428571429,0.666666666666666,0.25,1,4,2,3,1,1,-9.0
100,2026/01/22,DET,25,Marcus Sasser,PT20M47.10S,9,4,1,0,0,0,0,0.272727272727273,0.333333333333333,0.2,1,5,2,6,2,2,1.0
101,2026/01/22,DET,31,Javonte Green,PT14M12.20S,8,0,2,3,1,1,1,0.75,1.0,0.666666666666666,2,3,1,1,0,0,-2.0
102,2026/01/22,NOP,41,Saddiq Bey,PT28M42.00S,20,2,3,2,0,3,2,0.333333333333333,0.428571428571429,0.2,1,5,3,7,11,11,-5.0
103,2026/01/22,NOP,1,Zion Williamson,PT14M41.00S,4,0,4,0,0,1,0,0.4,0.4,0.0,0,0,2,5,0,3,-10.0
104,2026/01/22,NOP,22,Derik Queen,PT23M05.00S,5,8,4,1,1,4,2,1.0,1.0,0.0,0,0,2,2,1,2,-8.0
105,2026/01/22,NOP,25,Trey Murphy III,PT34M52.00S,17,2,4,2,1,5,0,0.31578947368421,0.4,0.222222222222222,2,9,4,10,3,3,-5.0
106,2026/01/22,NOP,0,Jeremiah Fears,PT20M09.00S,12,0,5,2,0,1,2,0.5,0.666666666666666,0.0,0,2,4,6,4,4,-12.0
107,2026/01/22,NOP,17,Karlo Matković,PT14M19.00S,5,0,2,0,1,0,5,0.666666666666666,1.0,0.5,1,2,1,1,0,0,3.0
108,2026/01/22,NOP,3,Jordan Poole,PT27M51.00S,11,2,2,2,0,1,3,0.235294117647059,0.4,0.0,0,7,4,10,3,4,4.0
109,2026/01/22,NOP,21,Yves Missi,PT26M22.00S,4,2,6,0,2,1,4,0.5,0.5,0.0,0,0,2,4,0,0,-2.0
110,2026/01/22,NOP,14,Micah Peavy,PT26M43.00S,17,2,7,4,1,1,0,0.636363636363636,0.666666666666666,0.6,3,5,4,6,0,0,-1.0
111,2026/01/22,NOP,11,Bryce McGowens,PT13M08.00S,5,1,2,0,0,0,2,0.333333333333333,1.0,0.0,0,2,1,1,3,3,-3.0
112,2026/01/22,NOP,55,Kevon Looney,PT10M08.00S,4,0,7,0,0,0,0,1.0,1.0,0.0,0,0,2,2,0,0,-1.0
113,2026/01/22,OKC,22,Cason Wallace,PT31M07.00S,9,2,2,4,1,0,2,0.333333333333333,0.333333333333333,0.333333333333333,2,6,1,3,1,2,5.0
114,2026/01/22,OKC,5,Luguentz Dort,PT32M50.00S,13,3,4,2,0,0,4,0.45454545454545503,0.5,0.428571428571429,3,7,2,4,0,0,8.0
115,2026/01/22,OKC,7,Chet Holmgren,PT31M47.00S,10,2,7,1,1,2,1,0.333333333333333,0.4,0.25,1,4,2,5,3,4,11.0
116,2026/01/22,OKC,25,Ajay Mitchell,PT25M10.00S,18,2,3,2,0,2,1,0.666666666666666,0.6,1.0,2,2,6,10,0,1,13.0
117,2026/01/22,OKC,2,Shai Gilgeous-Alexander,PT33M20.00S,40,11,7,1,0,2,0,0.8421052631578949,0.823529411764706,1.0,2,2,14,17,6,7,19.0
118,2026/01/22,OKC,11,Isaiah Joe,PT25M17.00S,5,1,1,0,0,1,1,0.25,1.0,0.14285714285714302,1,7,1,1,0,0,14.0
119,2026/01/22,OKC,34,Kenrich Williams,PT27M57.00S,18,2,8,0,0,1,1,0.615384615384615,0.75,0.4,2,5,6,8,0,1,6.0
120,2026/01/22,OKC,15,Branden Carlson,PT16M13.00S,9,1,6,0,1,0,0,0.5,0.6,0.333333333333333,1,3,3,5,0,0,9.0
121,2026/01/22,OKC,23,Brooks Barnhizer,PT13M06.00S,0,0,3,2,0,0,1,0.0,0.0,0.0,0,0,0,0,0,0,11.0
122,2026/01/22,MIL,11,Gary Harris,PT08M51.00S,3,1,0,0,0,0,1,1.0,0.0,1.0,1,1,0,0,0,0,-15.0
123,2026/01/22,MIL,34,Giannis Antetokounmpo,PT31M29.00S,19,7,14,1,0,3,2,0.7272727272727271,0.7272727272727271,0.0,0,0,8,11,3,6,-11.0
124,2026/01/22,MIL,18,Kyle Kuzma,PT28M18.30S,9,0,4,0,0,0,1,0.333333333333333,0.5714285714285711,0.0,0,5,4,7,1,1,-20.0
125,2026/01/22,MIL,20,AJ Green,PT31M31.70S,15,1,3,0,0,2,2,0.5,1.0,0.444444444444444,4,9,1,1,1,1,-14.0
126,2026/01/22,MIL,13,Ryan Rollins,PT29M06.00S,10,7,3,3,0,3,3,0.36363636363636404,0.333333333333333,0.4,2,5,2,6,0,0,-9.0
127,2026/01/22,MIL,9,Bobby Portis,PT37M25.00S,15,9,6,1,0,1,3,0.428571428571429,0.5714285714285711,0.28571428571428603,2,7,4,7,1,1,0.0
128,2026/01/22,MIL,50,Cole Anthony,PT24M15.00S,17,3,3,0,0,5,4,0.777777777777778,0.8,0.75,3,4,4,5,0,0,-7.0
129,2026/01/22,MIL,35,Pete Nance,PT29M42.00S,11,1,4,1,0,2,1,0.5714285714285711,0.5,0.6,3,5,1,2,0,0,3.0
130,2026/01/22,MIL,5,Gary Trent Jr.,PT05M56.00S,0,1,0,0,0,0,0,0.0,0.0,0.0,0,1,0,0,0,0,-2.0
131,2026/01/22,MIL,44,Andre Jackson Jr.,PT06M02.00S,3,0,2,0,0,0,1,0.25,0.0,0.333333333333333,1,3,0,1,0,0,-10.0
132,2026/01/22,MIL,00,Jericho Sims,PT02M28.00S,0,0,0,0,0,0,0,0.0,0.0,0.0,0,0,0,0,0,0,-5.0
133,2026/01/22,MIL,17,Amir Coffey,PT02M28.00S,0,0,0,0,0,0,0,0.0,0.0,0.0,0,0,0,0,0,0,-5.0
134,2026/01/22,MIL,43,Thanasis Antetokounmpo,PT02M28.00S,0,0,0,0,0,0,1,0.0,0.0,0.0,0,1,0,0,0,0,-5.0
135,2026/01/22,TOR,3,Brandon Ingram,PT34M41.00S,23,4,3,0,0,0,1,0.466666666666667,0.4,0.6,3,5,4,10,6,6,13.0
136,2026/01/22,TOR,4,Scottie Barnes,PT31M51.00S,23,7,8,4,1,3,4,0.470588235294118,0.5,0.333333333333333,1,3,7,14,6,6,8.0
137,2026/01/22,TOR,54,Sandro Mamukelashvili,PT32M20.00S,22,4,9,0,0,1,2,0.5714285714285711,0.833333333333334,0.375,3,8,5,6,3,4,15.0
138,2026/01/22,TOR,23,Jamal Shead,PT33M12.00S,15,6,5,2,0,1,1,0.416666666666667,0.28571428571428603,0.6,3,5,2,7,2,2,13.0
139,2026/01/22,TOR,5,Immanuel Quickley,PT35M42.00S,18,8,6,2,0,2,2,0.5,0.625,0.25,1,4,5,8,5,5,15.0
140,2026/01/22,TOR,2,Jonathan Mogbo,PT22M31.00S,3,0,9,0,1,1,4,0.2,0.2,0.0,0,0,1,5,1,2,2.0
141,2026/01/22,TOR,30,Ochai Agbaji,PT19M37.40S,4,1,2,1,1,0,0,0.5,0.5,0.0,0,0,2,4,0,0,21.0
142,2026/01/22,TOR,1,Gradey Dick,PT19M09.60S,11,0,1,2,0,1,3,0.416666666666667,0.666666666666666,0.166666666666667,1,6,4,6,0,0,-12.0
143,2026/01/22,TOR,77,Jamison Battle,PT07M37.00S,3,0,3,0,0,0,1,0.333333333333333,0.0,0.5,1,2,0,1,0,0,-6.0
144,2026/01/22,TOR,0,A.J. Lawson,PT03M19.00S,0,0,1,0,0,1,1,0.0,0.0,0.0,0,0,0,0,0,0,-4.0
145,2026/01/22,SAC,10,DeMar DeRozan,PT33M19.00S,9,2,1,1,0,0,0,0.375,0.428571428571429,0.0,0,1,3,7,3,5,-23.0
146,2026/01/22,SAC,9,Precious Achiuwa,PT20M43.00S,11,1,8,0,0,0,1,0.833333333333334,0.8,1.0,1,1,4,5,0,0,-9.0
147,2026/01/22,SAC,42,Maxime Raynaud,PT22M08.00S,8,2,7,0,0,1,3,0.428571428571429,0.5,0.0,0,1,3,6,2,2,-13.0
148,2026/01/22,SAC,8,Zach LaVine,PT37M33.00S,19,5,1,1,1,2,2,0.411764705882353,0.555555555555556,0.25,2,8,5,9,3,4,-14.0
149,2026/01/22,SAC,18,Russell Westbrook,PT34M31.00S,23,3,3,3,0,4,2,0.409090909090909,0.5,0.25,2,8,7,14,3,3,-16.0
150,2026/01/22,SAC,5,Nique Clifford,PT21M13.00S,4,3,7,0,1,1,1,0.333333333333333,1.0,0.0,0,4,2,2,0,0,7.0
151,2026/01/22,SAC,32,Dylan Cardwell,PT24M48.00S,2,3,13,1,4,1,4,0.5,0.5,0.0,0,0,1,2,0,0,4.0
152,2026/01/22,SAC,17,Dennis Schröder,PT20M16.00S,16,3,1,0,0,1,1,0.384615384615385,0.5714285714285711,0.166666666666667,1,6,4,7,5,6,9.0
153,2026/01/22,SAC,0,Malik Monk,PT25M29.00S,17,3,4,0,0,4,2,0.857142857142857,1.0,0.75,3,4,3,3,2,2,-10.0
0,2026/01/23,CHA,7,Kon Knueppel,PT27M34.90S,13,4,10,1,0,2,0,0.36363636363636404,0.6,0.166666666666667,1,6,3,5,4,4,16.0
1,2026/01/23,CHA,0,Miles Bridges,PT30M27.00S,10,2,8,1,0,2,3,0.333333333333333,0.428571428571429,0.2,1,5,3,7,1,2,28.0
2,2026/01/23,CHA,14,Moussa Diabaté,PT16M02.00S,10,1,4,0,1,1,5,1.0,1.0,0.0,0,0,4,4,2,3,12.0
3,2026/01/23,CHA,24,Brandon Miller,PT27M13.00S,20,4,2,2,0,3,2,0.533333333333333,0.75,0.28571428571428603,2,7,6,8,2,2,20.0
4,2026/01/23,CHA,1,LaMelo Ball,PT28M15.00S,16,7,6,0,1,2,2,0.5,0.5,0.5,4,8,2,4,0,0,9.0
5,2026/01/23,CHA,10,Josh Green,PT16M13.70S,6,0,0,1,1,0,1,0.5,0.0,1.0,2,2,0,2,0,0,12.0
6,2026/01/23,CHA,11,Ryan Kalkbrenner,PT27M23.00S,10,0,9,0,1,2,3,1.0,1.0,0.0,0,0,3,3,4,6,11.0
7,2026/01/23,CHA,4,Sion James,PT19M45.00S,7,3,3,0,0,0,1,0.333333333333333,0.0,0.5,1,2,0,1,4,4,18.0
8,2026/01/23,CHA,8,Collin Sexton,PT22M30.40S,19,4,0,2,0,2,0,0.857142857142857,0.75,1.0,3,3,3,4,4,4,12.0
9,2026/01/23,CHA,31,Tidjane Salaün,PT17M33.00S,13,0,5,0,0,0,1,0.714285714285714,0.5,1.0,3,3,2,4,0,0,-1.0
10,2026/01/23,CHA,21,Pat Connaughton,PT04M24.00S,0,1,0,0,0,0,0,0.0,0.0,0.0,0,0,0,1,0,0,0.0
11,2026/01/23,CHA,12,Antonio Reeves,PT02M39.00S,0,0,0,0,0,0,0,0.0,0.0,0.0,0,0,0,0,0,0,-2.0
12,2026/01/23,ORL,23,Tristan da Silva,PT18M45.00S,3,1,3,1,0,2,1,0.2,0.0,0.25,1,4,0,1,0,0,-19.0
13,2026/01/23,ORL,5,Paolo Banchero,PT29M40.00S,23,5,7,1,0,4,1,0.5,0.5,0.5,2,4,4,8,9,12,-25.0
14,2026/01/23,ORL,34,Wendell Carter Jr.,PT19M59.50S,4,3,3,1,0,0,3,0.333333333333333,0.666666666666666,0.0,0,3,2,3,0,0,-10.0
15,2026/01/23,ORL,3,Desmond Bane,PT32M04.00S,21,4,5,0,0,1,3,0.615384615384615,0.625,0.6,3,5,5,8,2,2,-15.0
16,2026/01/23,ORL,0,Anthony Black,PT27M37.00S,4,2,2,0,1,1,4,0.0909090909090909,0.0,0.2,1,5,0,6,1,2,-23.0
17,2026/01/23,ORL,35,Goga Bitadze,PT11M31.50S,0,1,2,0,1,0,1,0.0,0.0,0.0,0,0,0,0,0,0,-11.0
18,2026/01/23,ORL,11,Jase Richardson,PT23M28.50S,2,0,2,0,0,1,2,0.2,0.25,0.0,0,1,1,4,0,0,-15.0
19,2026/01/23,ORL,2,Tyus Jones,PT15M59.00S,3,1,2,0,0,0,0,0.14285714285714302,0.0,0.2,1,5,0,2,0,0,-4.0
20,2026/01/23,ORL,21,Moritz Wagner,PT15M08.00S,14,1,1,2,0,2,2,0.714285714285714,0.75,0.666666666666666,2,3,3,4,2,2,-5.0
21,2026/01/23,ORL,93,Noah Penda,PT18M49.50S,13,4,2,2,1,1,3,0.833333333333334,0.75,1.0,2,2,3,4,1,2,-2.0
22,2026/01/23,ORL,13,Jett Howard,PT18M10.00S,10,1,1,0,0,0,1,0.5,1.0,0.4,2,5,1,1,2,2,-6.0
23,2026/01/23,ORL,1,Jonathan Isaac,PT04M24.00S,0,2,1,0,1,0,0,0.0,0.0,0.0,0,0,0,0,0,0,0.0
24,2026/01/23,ORL,8,Jamal Cain,PT04M24.00S,0,0,0,0,0,0,2,0.0,0.0,0.0,0,0,0,1,0,0,0.0
25,2026/01/23,HOU,7,Kevin Durant,PT44M02.00S,36,3,7,0,1,8,2,0.619047619047619,0.615384615384615,0.625,5,8,8,13,5,6,-15.0
26,2026/01/23,HOU,10,Jabari Smith Jr.,PT38M14.00S,13,5,4,0,0,1,2,0.333333333333333,0.8,0.1,1,10,4,5,2,2,-13.0
27,2026/01/23,HOU,28,Alperen Sengun,PT37M33.00S,13,7,8,3,2,2,2,0.357142857142857,0.333333333333333,0.5,1,2,4,12,2,7,-18.0
28,2026/01/23,HOU,20,Josh Okogie,PT22M25.00S,8,2,2,1,1,1,2,0.75,0.5,1.0,2,2,1,2,0,0,6.0
29,2026/01/23,HOU,1,Amen Thompson,PT41M54.10S,17,9,6,3,0,1,4,0.636363636363636,0.636363636363636,0.0,0,0,7,11,3,5,3.0
30,2026/01/23,HOU,17,Tari Eason,PT28M01.10S,13,2,9,4,0,1,2,0.416666666666667,0.4,0.428571428571429,3,7,2,5,0,1,-18.0
31,2026/01/23,HOU,2,Dorian Finney-Smith,PT14M57.90S,6,1,2,0,0,0,2,0.5,0.0,0.5,2,4,0,0,0,0,7.0
32,2026/01/23,HOU,15,Reed Sheppard,PT22M37.80S,14,4,1,2,0,2,2,0.357142857142857,0.14285714285714302,0.5714285714285711,4,7,1,7,0,1,6.0
33,2026/01/23,HOU,30,Clint Capela,PT15M15.10S,2,0,7,0,1,0,0,0.25,0.25,0.0,0,0,1,4,0,2,12.0
34,2026/01/23,PHI,9,Kelly Oubre Jr.,PT41M19.00S,26,3,4,0,1,1,4,0.714285714285714,0.666666666666666,0.8,4,5,6,9,2,3,9.0
35,2026/01/23,PHI,8,Paul George,PT36M31.00S,10,4,6,3,1,1,5,0.444444444444444,0.5,0.4,2,5,2,4,0,0,-1.0
36,2026/01/23,PHI,21,Joel Embiid,PT45M36.00S,32,10,15,1,1,5,1,0.5263157894736841,0.5625,0.333333333333333,1,3,9,16,11,12,21.0
37,2026/01/23,PHI,77,VJ Edgecombe,PT39M57.30S,9,4,7,3,0,2,4,0.444444444444444,1.0,0.166666666666667,1,6,3,3,0,0,13.0
38,2026/01/23,PHI,0,Tyrese Maxey,PT42M42.00S,36,10,2,3,0,3,1,0.535714285714286,0.722222222222222,0.2,2,10,13,18,4,4,8.0
39,2026/01/23,PHI,25,Dominick Barlow,PT21M25.00S,7,3,5,2,0,1,3,0.6,0.666666666666666,0.5,1,2,2,3,0,0,12.0
40,2026/01/23,PHI,5,Quentin Grimes,PT19M04.00S,3,3,1,1,0,1,3,0.5,1.0,0.0,0,1,1,1,1,1,-11.0
41,2026/01/23,PHI,30,Adem Bona,PT07M24.00S,1,1,3,0,0,1,2,0.0,0.0,0.0,0,0,0,0,1,2,-15.0
42,2026/01/23,PHI,12,Trendon Watford,PT11M01.70S,4,3,3,0,1,0,0,0.666666666666666,0.666666666666666,0.0,0,0,2,3,0,0,-6.0
43,2026/01/23,DEN,8,Peyton Watson,PT40M01.00S,35,3,8,2,4,1,2,0.625,0.5,0.75,6,8,4,8,9,10,13.0
44,2026/01/23,DEN,32,Aaron Gordon,PT33M25.00S,16,5,5,1,0,0,1,0.416666666666667,0.666666666666666,0.166666666666667,1,6,4,6,5,5,23.0
45,2026/01/23,DEN,17,Jonas Valančiūnas,PT21M57.00S,16,2,9,0,0,0,5,0.461538461538462,0.5,0.0,0,1,6,12,4,4,-3.0
46,2026/01/23,DEN,24,Jalen Pickett,PT32M34.00S,2,5,5,1,0,3,2,0.0,0.0,0.0,0,1,0,3,2,2,16.0
47,2026/01/23,DEN,27,Jamal Murray,PT36M02.00S,24,5,4,2,1,4,0,0.529411764705882,0.583333333333333,0.4,2,5,7,12,4,5,18.0
48,2026/01/23,DEN,10,Tim Hardaway Jr.,PT19M42.00S,2,0,3,1,0,2,1,0.125,0.333333333333333,0.0,0,5,1,3,0,0,-8.0
49,2026/01/23,DEN,22,Zeke Nnaji,PT10M04.00S,4,0,1,0,0,0,0,0.666666666666666,0.666666666666666,0.0,0,0,2,3,0,0,-2.0
50,2026/01/23,DEN,21,Spencer Jones,PT28M08.00S,2,0,5,0,1,0,1,0.5,0.5,0.0,0,0,1,2,0,0,0.0
51,2026/01/23,DEN,11,Bruce Brown,PT18M07.00S,6,2,6,2,0,1,2,0.375,0.375,0.0,0,0,3,8,0,0,-7.0
52,2026/01/23,WAS,18,Kyshawn George,PT34M15.00S,20,7,12,1,0,3,5,0.352941176470588,0.36363636363636404,0.333333333333333,2,6,4,11,6,6,-4.0
53,2026/01/23,WAS,22,Khris Middleton,PT27M59.70S,9,0,2,1,0,1,4,0.272727272727273,0.4,0.166666666666667,1,6,2,5,2,2,-18.0
54,2026/01/23,WAS,20,Alex Sarr,PT36M27.40S,15,4,8,1,1,0,1,0.384615384615385,0.416666666666667,0.0,0,1,5,12,5,6,-9.0
55,2026/01/23,WAS,12,Tre Johnson,PT34M04.50S,19,3,3,0,1,2,2,0.5,0.5714285714285711,0.428571428571429,3,7,4,7,2,2,-11.0
56,2026/01/23,WAS,7,Bub Carrington,PT38M05.80S,13,2,2,3,2,5,2,0.28571428571428603,1.0,0.230769230769231,3,13,1,1,2,2,-18.0
57,2026/01/23,WAS,9,Justin Champagnie,PT18M13.30S,3,3,2,1,0,0,1,0.5,0.0,0.5,1,2,0,0,0,0,2.0
58,2026/01/23,WAS,27,Will Riley,PT20M53.60S,13,0,4,1,0,2,2,0.4,0.333333333333333,0.428571428571429,3,7,1,3,2,4,5.0
59,2026/01/23,WAS,5,Jamir Watkins,PT18M19.50S,3,1,5,1,1,1,3,0.5,1.0,0.0,0,1,1,1,1,2,2.0
60,2026/01/23,WAS,16,Anthony Gill,PT11M41.20S,2,0,4,0,1,0,1,1.0,1.0,0.0,0,0,1,1,0,0,1.0
61,2026/01/23,GSW,4,Moses Moody,PT23M14.00S,12,3,3,2,1,0,2,0.5714285714285711,1.0,0.5,3,6,1,1,1,1,-5.0
62,2026/01/23,GSW,15,Gui Santos,PT16M39.00S,5,0,4,0,1,0,1,0.4,1.0,0.25,1,4,1,1,0,0,-5.0
63,2026/01/23,GSW,23,Draymond Green,PT23M24.00S,4,5,4,2,1,3,6,0.2,0.25,0.0,0,1,1,4,2,2,-15.0
64,2026/01/23,GSW,2,Brandin Podziemski,PT32M35.30S,9,10,4,2,0,1,2,0.307692307692308,0.444444444444444,0.0,0,4,4,9,1,2,10.0
65,2026/01/23,GSW,30,Stephen Curry,PT34M26.70S,38,1,4,0,0,2,2,0.5185185185185179,0.5,0.533333333333333,8,15,6,12,2,2,-24.0
66,2026/01/23,GSW,0,Gary Payton II,PT16M58.70S,4,0,3,0,1,1,1,0.333333333333333,0.4,0.0,0,1,2,5,0,0,-32.0
67,2026/01/23,GSW,3,Will Richard,PT13M29.00S,0,2,0,3,0,0,2,0.0,0.0,0.0,0,1,0,0,0,0,-5.0
68,2026/01/23,GSW,8,De'Anthony Melton,PT23M24.70S,22,2,3,2,1,1,2,0.6,0.7272727272727271,0.25,1,4,8,11,3,6,22.0
69,2026/01/23,GSW,20,Al Horford,PT26M06.00S,3,3,8,1,1,2,3,0.25,0.0,0.333333333333333,1,3,0,1,0,0,2.0
70,2026/01/23,GSW,1,Jonathan Kuminga,PT09M28.00S,10,2,1,2,0,0,1,1.0,1.0,0.0,0,0,3,3,4,4,18.0
71,2026/01/23,GSW,7,Buddy Hield,PT14M32.30S,6,1,1,1,1,0,1,0.28571428571428603,0.5,0.2,1,5,1,2,1,1,-2.0
72,2026/01/23,GSW,21,Quinten Post,PT05M42.30S,2,0,0,0,0,0,1,0.333333333333333,1.0,0.0,0,2,1,1,0,0,-4.0
73,2026/01/23,DAL,32,Cooper Flagg,PT30M11.70S,21,2,11,1,0,4,3,0.444444444444444,0.538461538461538,0.2,1,5,7,13,4,7,22.0
74,2026/01/23,DAL,16,Caleb Martin,PT19M54.30S,0,1,2,0,2,2,1,0.0,0.0,0.0,0,1,0,1,0,0,-24.0
75,2026/01/23,DAL,7,Dwight Powell,PT27M03.30S,10,1,12,0,0,0,2,0.75,0.75,0.0,0,0,3,4,4,5,22.0
76,2026/01/23,DAL,00,Max Christie,PT35M49.90S,21,2,4,1,0,2,2,0.4375,0.5,0.416666666666667,5,12,2,4,2,2,28.0
77,2026/01/23,DAL,13,Naji Marshall,PT33M44.00S,30,9,7,0,0,4,2,0.833333333333334,0.888888888888889,0.666666666666666,2,3,8,9,8,8,17.0
78,2026/01/23,DAL,10,Brandon Williams,PT26M45.80S,19,4,5,0,0,4,2,0.7,0.875,0.0,0,2,7,8,5,6,2.0
79,2026/01/23,DAL,25,P.J. Washington,PT22M17.70S,10,3,6,2,3,1,2,0.444444444444444,0.333333333333333,0.666666666666666,2,3,2,6,0,0,-13.0
80,2026/01/23,DAL,30,Moussa Cisse,PT06M01.00S,1,0,1,0,1,0,2,0.0,0.0,0.0,0,0,0,2,1,2,-7.0
81,2026/01/23,DAL,31,Klay Thompson,PT22M56.00S,6,0,4,1,0,3,1,0.333333333333333,0.0,0.333333333333333,2,6,0,0,0,0,-12.0
82,2026/01/23,DAL,23,Jeremiah Robinson-Earl,PT02M34.00S,0,0,0,0,0,0,0,0.0,0.0,0.0,0,1,0,0,0,0,-2.0
83,2026/01/23,DAL,9,Ryan Nembhard,PT11M45.00S,5,3,2,1,0,1,0,0.333333333333333,0.25,0.5,1,2,1,4,0,0,10.0
84,2026/01/23,DAL,14,Miles Kelly,PT00M57.30S,0,0,0,0,0,0,0,0.0,0.0,0.0,0,0,0,0,0,0,-3.0
85,2026/01/23,CHI,14,Matas Buzelis,PT27M53.00S,12,3,6,1,0,0,2,0.375,0.2,0.666666666666666,2,3,1,5,4,4,1.0
86,2026/01/23,CHI,25,Jalen Smith,PT26M53.00S,17,0,4,1,0,1,5,0.666666666666666,0.6,0.75,3,4,3,5,2,2,5.0
87,2026/01/23,CHI,9,Nikola Vučević,PT31M04.00S,10,3,8,0,0,1,3,0.3,0.166666666666667,0.5,2,4,1,6,2,2,-6.0
88,2026/01/23,CHI,35,Isaac Okoro,PT26M17.30S,10,1,5,1,0,0,2,0.428571428571429,0.333333333333333,0.5,2,4,1,3,2,2,-6.0
89,2026/01/23,CHI,0,Coby White,PT29M56.00S,22,4,4,0,0,4,2,0.375,0.5,0.3,3,10,3,6,7,9,6.0
90,2026/01/23,CHI,11,Ayo Dosunmu,PT21M38.00S,8,3,4,0,1,0,2,0.222222222222222,0.0,0.4,2,5,0,4,2,3,0.0
91,2026/01/23,CHI,3,Josh Giddey,PT26M02.00S,21,5,6,2,0,2,0,0.538461538461538,0.7,0.0,0,3,7,10,7,9,2.0
92,2026/01/23,CHI,30,Tre Jones,PT26M55.00S,12,7,3,1,0,2,1,0.714285714285714,0.8,0.5,1,2,4,5,1,2,9.0
93,2026/01/23,CHI,44,Patrick Williams,PT15M44.70S,5,0,3,0,0,1,1,0.666666666666666,0.5,1.0,1,1,1,2,0,0,9.0
94,2026/01/23,CHI,13,Kevin Huerter,PT07M37.00S,3,2,0,1,0,0,0,0.25,0.0,0.333333333333333,1,3,0,1,0,0,5.0
95,2026/01/23,MIN,3,Jaden McDaniels,PT35M41.00S,16,5,5,0,1,2,2,0.666666666666666,0.5714285714285711,1.0,2,2,4,7,2,2,2.0
96,2026/01/23,MIN,30,Julius Randle,PT30M31.50S,30,6,7,0,0,5,6,0.5882352941176471,0.583333333333333,0.6,3,5,7,12,7,7,-8.0
97,2026/01/23,MIN,27,Rudy Gobert,PT33M42.00S,10,2,11,1,2,1,3,0.6,0.6,0.0,0,0,3,5,4,5,-1.0
98,2026/01/23,MIN,5,Anthony Edwards,PT34M40.00S,20,3,6,0,1,1,5,0.36,0.470588235294118,0.125,1,8,8,17,1,1,1.0
99,2026/01/23,MIN,0,Donte DiVincenzo,PT35M22.00S,11,4,3,2,1,1,3,0.4,0.5,0.375,3,8,1,2,0,0,1.0
100,2026/01/23,MIN,8,Bones Hyland,PT11M45.50S,3,1,2,1,1,0,2,0.166666666666667,0.0,0.2,1,5,0,1,0,0,-4.0
101,2026/01/23,MIN,11,Naz Reid,PT28M37.00S,20,5,6,2,3,3,4,0.666666666666666,0.8,0.5714285714285711,4,7,4,5,0,0,4.0
102,2026/01/23,MIN,10,Mike Conley,PT14M16.00S,3,2,3,0,0,1,0,0.2,0.0,0.25,1,4,0,1,0,0,-8.0
103,2026/01/23,MIN,19,Joan Beringer,PT03M06.00S,0,0,1,0,0,0,0,0.0,0.0,0.0,0,0,0,1,0,0,-5.0
104,2026/01/23,MIN,22,Jaylen Clark,PT12M19.00S,2,1,1,0,0,0,2,0.333333333333333,1.0,0.0,0,2,1,1,0,0,-7.0
105,2026/01/23,SAS,30,Julian Champagnie,PT33M45.00S,17,3,3,1,1,1,2,0.6,1.0,0.555555555555556,5,9,1,1,0,0,25.0
106,2026/01/23,SAS,40,Harrison Barnes,PT21M51.00S,2,1,1,0,0,1,0,0.2,1.0,0.0,0,4,1,1,0,0,-5.0
107,2026/01/23,SAS,1,Victor Wembanyama,PT32M37.00S,26,3,14,1,5,3,2,0.642857142857143,0.714285714285714,0.5714285714285711,4,7,5,7,4,4,19.0
108,2026/01/23,SAS,4,De'Aaron Fox,PT35M06.00S,31,5,5,0,1,1,4,0.769230769230769,1.0,0.666666666666666,6,9,4,4,5,6,13.0
109,2026/01/23,SAS,5,Stephon Castle,PT37M49.00S,16,8,6,2,0,1,2,0.333333333333333,0.333333333333333,0.333333333333333,1,3,3,9,7,10,18.0
110,2026/01/23,SAS,2,Dylan Harper,PT13M25.00S,4,2,3,1,2,1,0,0.333333333333333,0.5,0.0,0,1,1,2,2,2,-3.0
111,2026/01/23,SAS,3,Keldon Johnson,PT31M28.00S,21,5,1,1,1,0,2,0.473684210526316,0.533333333333333,0.25,1,4,8,15,2,2,9.0
112,2026/01/23,SAS,8,Kelly Olynyk,PT08M08.10S,2,0,1,1,0,2,0,0.25,0.5,0.0,0,2,1,2,0,0,-7.0
113,2026/01/23,SAS,11,Carter Bryant,PT13M24.90S,7,1,4,0,1,0,1,0.6,1.0,0.333333333333333,1,3,2,2,0,0,5.0
114,2026/01/23,SAS,0,Jordan McLaughlin,PT08M51.00S,0,2,3,1,0,0,0,0.0,0.0,0.0,0,1,0,1,0,0,8.0
115,2026/01/23,SAS,10,Jeremy Sochan,PT03M35.00S,0,0,0,0,0,0,0,0.0,0.0,0.0,0,0,0,0,0,0,3.0
116,2026/01/23,UTA,19,Ace Bailey,PT32M19.00S,25,2,6,0,0,2,3,0.6875,0.692307692307692,0.666666666666666,2,3,9,13,1,1,-21.0
117,2026/01/23,UTA,5,Cody Williams,PT22M43.00S,12,3,7,1,0,1,3,0.555555555555556,0.5714285714285711,0.5,1,2,4,7,1,2,9.0
118,2026/01/23,UTA,30,Jusuf Nurkić,PT34M48.00S,17,14,11,1,1,1,4,0.368421052631579,0.461538461538462,0.166666666666667,1,6,6,13,2,3,-21.0
119,2026/01/23,UTA,10,Svi Mykhailiuk,PT18M53.00S,9,1,1,0,0,0,0,0.8,1.0,0.5,1,2,3,3,0,0,0.0
120,2026/01/23,UTA,3,Keyonte George,PT35M17.00S,23,5,4,2,1,1,2,0.466666666666667,0.3,0.8,4,5,3,10,5,5,-2.0
121,2026/01/23,UTA,22,Kyle Filipowski,PT18M42.00S,5,0,5,0,0,2,1,0.5,0.5,0.5,1,2,1,2,0,0,-8.0
122,2026/01/23,UTA,8,Isaiah Collier,PT20M06.00S,7,4,3,0,0,6,2,0.375,0.333333333333333,0.5,1,2,2,6,0,0,-10.0
123,2026/01/23,UTA,42,Kevin Love,PT13M12.00S,5,1,4,0,1,1,1,0.666666666666666,0.5,1.0,1,1,1,2,0,0,4.0
124,2026/01/23,UTA,28,Brice Sensabaugh,PT20M00.00S,2,0,3,1,0,1,0,0.0,0.0,0.0,0,4,0,2,2,2,-12.0
125,2026/01/23,UTA,13,Walter Clayton Jr.,PT24M00.00S,4,1,0,0,0,1,0,0.4,1.0,0.0,0,3,2,2,0,0,-24.0
126,2026/01/23,LAL,23,LeBron James,PT35M52.00S,23,6,5,2,0,4,1,0.473684210526316,0.533333333333333,0.25,1,4,8,15,4,5,-7.0
127,2026/01/23,LAL,12,Jake LaRavia,PT22M22.00S,7,1,5,3,4,1,1,0.4,0.0,1.0,2,2,0,3,1,2,-15.0
128,2026/01/23,LAL,5,Deandre Ayton,PT20M30.00S,4,0,5,0,1,1,1,0.4,0.4,0.0,0,0,2,5,0,0,-14.0
129,2026/01/23,LAL,36,Marcus Smart,PT29M55.20S,10,4,0,2,0,1,3,0.4,0.6,0.2,1,5,3,5,1,1,-1.0
130,2026/01/23,LAL,77,Luka Dončić,PT39M13.00S,32,8,11,3,0,1,2,0.407407407407407,0.5714285714285711,0.230769230769231,3,13,8,14,7,10,-17.0
131,2026/01/23,LAL,7,Gabe Vincent,PT15M32.80S,3,0,1,0,0,0,0,0.5,0.0,1.0,1,1,0,1,0,0,-8.0
132,2026/01/23,LAL,11,Jaxson Hayes,PT16M34.00S,6,0,2,0,1,1,2,0.75,0.75,0.0,0,0,3,4,0,0,-4.0
133,2026/01/23,LAL,2,Jarred Vanderbilt,PT21M56.00S,7,2,1,4,1,0,3,0.6,0.5,1.0,1,1,2,4,0,0,16.0
134,2026/01/23,LAL,28,Rui Hachimura,PT28M23.00S,12,2,3,0,1,1,1,0.45454545454545503,0.75,0.28571428571428603,2,7,3,4,0,0,6.0
135,2026/01/23,LAL,17,Drew Timme,PT09M42.00S,0,1,1,0,0,0,3,0.0,0.0,0.0,0,0,0,0,0,0,4.0
136,2026/01/23,LAC,2,Kawhi Leonard,PT25M56.00S,24,4,5,1,0,2,2,0.473684210526316,0.5,0.428571428571429,3,7,6,12,3,3,1.0
137,2026/01/23,LAC,20,John Collins,PT33M26.00S,13,1,5,0,0,1,1,0.714285714285714,1.0,0.333333333333333,1,3,4,4,2,2,18.0
138,2026/01/23,LAC,40,Ivica Zubac,PT32M03.40S,18,0,19,1,0,1,3,0.538461538461538,0.538461538461538,0.0,0,0,7,13,4,4,15.0
139,2026/01/23,LAC,8,Kris Dunn,PT29M31.00S,4,3,2,1,0,0,5,0.5,1.0,0.0,0,2,2,2,0,0,12.0
140,2026/01/23,LAC,1,James Harden,PT37M37.00S,18,10,7,2,0,7,0,0.28571428571428603,0.266666666666667,0.333333333333333,2,6,4,15,4,4,13.0
141,2026/01/23,LAC,4,Kobe Sanders,PT24M26.00S,11,1,4,1,0,2,1,0.666666666666666,0.5,0.75,3,4,1,2,0,0,3.0
142,2026/01/23,LAC,22,Jordan Miller,PT24M54.00S,14,1,3,1,0,3,3,0.6,0.666666666666666,0.5,1,2,2,3,7,8,-8.0
143,2026/01/23,LAC,11,Brook Lopez,PT15M23.00S,10,2,2,0,0,1,2,0.666666666666666,1.0,0.5,2,4,2,2,0,0,-9.0
144,2026/01/23,LAC,33,Nicolas Batum,PT16M43.60S,0,1,2,1,0,1,0,0.0,0.0,0.0,0,3,0,0,0,0,-5.0
145,2026/01/23,MIA,9,Pelle Larsson,PT28M51.00S,6,6,3,0,0,1,1,0.6,1.0,0.0,0,2,3,3,0,0,-6.0
146,2026/01/23,MIA,22,Andrew Wiggins,PT31M11.00S,14,3,6,3,0,3,2,0.666666666666666,0.833333333333334,0.333333333333333,1,3,5,6,1,1,-28.0
147,2026/01/23,MIA,13,Bam Adebayo,PT37M09.00S,32,2,10,3,1,3,0,0.541666666666667,0.705882352941176,0.14285714285714302,1,7,12,17,5,5,-6.0
148,2026/01/23,MIA,24,Norman Powell,PT27M59.00S,18,1,0,1,1,1,0,0.466666666666667,0.875,0.0,0,7,7,8,4,5,-18.0
149,2026/01/23,MIA,25,Kasparas Jakučionis,PT11M06.00S,3,3,0,0,0,0,0,0.5,0.0,0.5,1,2,0,0,0,0,-18.0
150,2026/01/23,MIA,5,Nikola Jović,PT16M58.00S,5,3,5,0,0,1,1,0.25,1.0,0.14285714285714302,1,7,1,1,0,2,-7.0
151,2026/01/23,MIA,11,Jaime Jaquez Jr.,PT25M45.00S,4,3,5,0,0,2,2,0.14285714285714302,0.2,0.0,0,2,1,5,2,2,-7.0
152,2026/01/23,MIA,12,Dru Smith,PT20M28.00S,4,2,4,2,2,2,0,0.125,0.25,0.0,0,4,1,4,2,2,2.0
153,2026/01/23,MIA,0,Simone Fontecchio,PT24M39.00S,17,3,4,1,0,1,0,0.636363636363636,0.8,0.5,3,6,4,5,0,0,-3.0
154,2026/01/23,MIA,15,Myron Gardner,PT15M54.00S,7,1,3,2,0,1,4,0.4,0.0,0.4,2,5,0,0,1,2,6.0
155,2026/01/23,POR,8,Deni Avdija,PT17M46.80S,20,4,7,0,0,3,3,0.545454545454545,0.666666666666666,0.4,2,5,4,6,6,6,3.0
156,2026/01/23,POR,33,Toumani Camara,PT35M22.20S,16,6,8,1,0,2,3,0.666666666666666,1.0,0.5,3,6,3,3,1,2,26.0
157,2026/01/23,POR,23,Donovan Clingan,PT26M55.00S,7,2,8,0,1,1,1,0.75,1.0,0.5,1,2,2,2,0,0,12.0
158,2026/01/23,POR,17,Shaedon Sharpe,PT33M57.00S,27,3,7,4,0,6,3,0.5238095238095241,0.5,0.555555555555556,5,9,6,12,0,0,18.0
159,2026/01/23,POR,5,Jrue Holiday,PT18M57.00S,15,7,2,0,0,0,3,0.461538461538462,0.5,0.428571428571429,3,7,3,6,0,0,14.0
160,2026/01/23,POR,2,Caleb Love,PT33M30.00S,20,4,4,0,0,2,0,0.42105263157894696,0.5714285714285711,0.333333333333333,4,12,4,7,0,0,15.0
161,2026/01/23,POR,9,Jerami Grant,PT23M02.00S,12,0,0,2,1,3,2,0.36363636363636404,0.5,0.2,1,5,3,6,3,3,-2.0
162,2026/01/23,POR,35,Robert Williams III,PT19M18.00S,4,0,10,1,3,0,1,0.666666666666666,1.0,0.0,0,1,2,2,0,0,3.0
163,2026/01/23,POR,91,Sidy Cissoko,PT17M45.00S,6,0,3,0,0,1,1,0.5,0.5,0.5,1,2,1,2,1,2,4.0
164,2026/01/23,POR,21,Rayan Rupert,PT13M27.00S,0,0,1,2,0,0,0,0.0,0.0,0.0,0,1,0,0,0,0,-8.0
0,2026/01/24,HOU,7,Kevin Durant,PT40M40.50S,32,3,7,1,1,0,4,0.578947368421053,0.75,0.45454545454545503,5,11,6,8,5,6,18.0
1,2026/01/24,HOU,10,Jabari Smith Jr.,PT37M01.00S,11,3,10,2,2,2,4,0.555555555555556,0.666666666666666,0.333333333333333,1,3,4,6,0,0,-1.0
2,2026/01/24,HOU,28,Alperen Sengun,PT30M22.80S,19,5,1,2,0,5,2,0.545454545454545,0.6,0.0,0,1,6,10,7,10,2.0
3,2026/01/24,HOU,20,Josh Okogie,PT34M49.30S,7,0,3,2,0,1,2,0.6,0.666666666666666,0.5,1,2,2,3,0,0,1.0
4,2026/01/24,HOU,1,Amen Thompson,PT39M36.00S,15,7,9,2,1,1,0,0.45454545454545503,0.45454545454545503,0.0,0,0,5,11,5,5,11.0
5,2026/01/24,HOU,8,Jae'Sean Tate,PT15M52.20S,4,1,4,0,0,3,3,0.25,0.0,0.5,1,2,0,2,1,2,3.0
6,2026/01/24,HOU,15,Reed Sheppard,PT25M10.70S,18,1,0,1,0,2,0,0.4,0.625,0.14285714285714302,1,7,5,8,5,5,-5.0
7,2026/01/24,HOU,30,Clint Capela,PT16M27.50S,5,1,9,1,3,1,3,0.4,0.4,0.0,0,0,2,5,1,2,6.0
8,2026/01/24,DET,9,Ausar Thompson,PT23M35.40S,12,3,8,2,0,2,5,0.625,0.625,0.0,0,0,5,8,2,2,-14.0
9,2026/01/24,DET,12,Tobias Harris,PT25M31.80S,4,1,1,2,0,1,2,0.166666666666667,0.333333333333333,0.0,0,3,1,3,2,3,-16.0
10,2026/01/24,DET,0,Jalen Duren,PT26M17.00S,18,0,7,0,0,2,0,0.538461538461538,0.538461538461538,0.0,0,0,7,13,4,4,-15.0
11,2026/01/24,DET,55,Duncan Robinson,PT26M03.80S,9,0,2,0,1,1,2,0.25,0.0,0.25,2,8,0,0,3,5,-15.0
12,2026/01/24,DET,2,Cade Cunningham,PT37M52.00S,12,8,1,2,1,6,5,0.384615384615385,0.555555555555556,0.0,0,4,5,9,2,3,-10.0
13,2026/01/24,DET,28,Isaiah Stewart,PT25M27.00S,16,2,4,0,0,0,4,0.777777777777778,1.0,0.0,0,2,7,7,2,2,4.0
14,2026/01/24,DET,5,Ronald Holland II,PT25M07.00S,13,1,6,2,1,3,1,0.714285714285714,1.0,0.333333333333333,1,3,4,4,2,3,2.0
15,2026/01/24,DET,23,Jaden Ivey,PT13M56.00S,8,2,1,0,1,0,2,0.428571428571429,0.5,0.4,2,5,1,2,0,0,3.0
16,2026/01/24,DET,31,Javonte Green,PT16M48.50S,2,1,3,0,0,0,2,0.333333333333333,0.5,0.0,0,1,1,2,0,2,12.0
17,2026/01/24,DET,24,Daniss Jenkins,PT19M21.50S,10,4,2,1,0,1,1,0.4,0.5,0.333333333333333,2,6,2,4,0,0,14.0
18,2026/01/24,PHX,3,Dillon Brooks,PT33M51.40S,11,2,6,1,0,1,1,0.222222222222222,0.230769230769231,0.2,1,5,3,13,2,2,-11.0
19,2026/01/24,PHX,00,Royce O'Neale,PT27M34.70S,5,3,2,2,1,4,1,0.4,0.5,0.333333333333333,1,3,1,2,0,0,-21.0
20,2026/01/24,PHX,15,Mark Williams,PT20M55.30S,6,1,5,3,0,0,0,0.375,0.375,0.0,0,0,3,8,0,0,-10.0
21,2026/01/24,PHX,1,Devin Booker,PT28M24.60S,31,3,4,1,0,2,1,0.5714285714285711,0.583333333333333,0.555555555555556,5,9,7,12,2,2,5.0
22,2026/01/24,PHX,12,Collin Gillespie,PT35M09.70S,16,4,6,2,0,1,3,0.5,0.5,0.5,3,6,3,6,1,1,-2.0
23,2026/01/24,PHX,4,Jalen Green,PT04M14.00S,4,1,1,0,0,1,0,0.333333333333333,0.5,0.0,0,1,1,2,2,2,4.0
24,2026/01/24,PHX,8,Grayson Allen,PT30M16.00S,16,3,3,4,0,2,2,0.583333333333333,0.857142857142857,0.2,1,5,6,7,1,2,8.0
25,2026/01/24,PHX,11,Oso Ighodaro,PT27M05.00S,8,2,7,2,1,1,2,0.5714285714285711,0.5714285714285711,0.0,0,0,4,7,0,0,3.0
26,2026/01/24,PHX,23,Jordan Goodwin,PT17M41.30S,2,5,2,0,1,0,1,0.25,1.0,0.0,0,3,1,1,0,0,4.0
27,2026/01/24,PHX,0,Ryan Dunn,PT14M48.00S,4,0,6,0,0,0,1,0.4,0.666666666666666,0.0,0,2,2,3,0,0,-15.0
28,2026/01/24,ATL,24,Corey Kispert,PT15M23.40S,8,1,3,0,0,1,1,0.375,0.25,0.5,2,4,1,4,0,0,4.0
29,2026/01/24,ATL,1,Jalen Johnson,PT39M13.40S,23,9,18,0,0,5,2,0.555555555555556,0.6,0.333333333333333,1,3,9,15,2,5,15.0
30,2026/01/24,ATL,17,Onyeka Okongwu,PT36M25.00S,25,5,5,2,0,3,2,0.6,0.6,0.6,3,5,6,10,4,4,12.0
31,2026/01/24,ATL,5,Dyson Daniels,PT37M19.00S,8,4,8,0,0,1,1,0.666666666666666,0.666666666666666,0.0,0,0,4,6,0,0,22.0
32,2026/01/24,ATL,7,Nickeil Alexander-Walker,PT33M20.60S,13,3,0,2,1,5,2,0.333333333333333,0.28571428571428603,0.4,2,5,2,7,3,3,1.0
33,2026/01/24,ATL,3,CJ McCollum,PT29M24.00S,21,0,4,0,0,2,1,0.6,0.636363636363636,0.5,2,4,7,11,1,2,-6.0
34,2026/01/24,ATL,35,Christian Koloko,PT11M35.00S,2,0,1,0,2,2,2,0.5,0.5,0.0,0,0,1,2,0,0,-5.0
35,2026/01/24,ATL,4,Luke Kennard,PT23M10.00S,9,4,6,1,0,2,1,0.75,0.0,0.75,3,4,0,0,0,0,-5.0
36,2026/01/24,ATL,18,Mouhamed Gueye,PT08M46.60S,1,1,3,0,0,0,0,0.0,0.0,0.0,0,1,0,0,1,2,-8.0
37,2026/01/24,ATL,27,Vít Krejčí,PT05M23.00S,0,1,0,0,0,0,1,0.0,0.0,0.0,0,0,0,0,0,0,5.0
38,2026/01/24,BOS,7,Jaylen Brown,PT45M38.00S,27,12,10,1,0,2,2,0.333333333333333,0.29411764705882404,0.4,4,10,5,17,5,10,11.0
39,2026/01/24,BOS,30,Sam Hauser,PT39M20.80S,19,3,4,1,0,0,3,0.583333333333333,1.0,0.5,5,10,2,2,0,0,-5.0
40,2026/01/24,BOS,88,Neemias Queta,PT28M21.00S,6,3,5,1,1,1,6,0.666666666666666,0.666666666666666,0.0,0,0,2,3,2,2,2.0
41,2026/01/24,BOS,55,Baylor Scheierman,PT33M44.90S,6,4,7,2,0,0,0,0.25,0.0,0.4,2,5,0,3,0,0,-2.0
42,2026/01/24,BOS,11,Payton Pritchard,PT40M17.60S,32,4,4,0,0,1,3,0.541666666666667,0.538461538461538,0.545454545454545,6,11,7,13,0,0,-3.0
43,2026/01/24,BOS,4,Anfernee Simons,PT36M54.90S,10,2,3,2,0,3,3,0.25,0.333333333333333,0.14285714285714302,1,7,3,9,1,2,6.0
44,2026/01/24,BOS,28,Hugo González,PT18M33.10S,10,1,7,1,1,0,2,1.0,1.0,1.0,2,2,2,2,0,0,4.0
45,2026/01/24,BOS,27,Jordan Walsh,PT14M55.00S,5,2,0,0,0,0,2,0.666666666666666,1.0,0.5,1,2,1,1,0,0,-6.0
46,2026/01/24,BOS,52,Luka Garza,PT20M29.00S,12,3,1,0,1,1,6,0.555555555555556,0.5714285714285711,0.5,1,2,4,7,1,1,-1.0
47,2026/01/24,BOS,13,Ron Harper Jr.,PT06M41.00S,0,0,0,0,1,0,1,0.0,0.0,0.0,0,2,0,0,0,0,7.0
48,2026/01/24,BOS,77,Amari Williams,PT05M04.70S,3,1,0,0,1,0,0,1.0,1.0,0.0,0,0,1,1,1,1,7.0
49,2026/01/24,BKN,17,Michael Porter Jr.,PT41M59.10S,30,4,8,0,1,2,3,0.473684210526316,0.714285714285714,0.333333333333333,4,12,5,7,8,9,0.0
50,2026/01/24,BKN,21,Noah Clowney,PT42M47.90S,15,1,9,0,1,3,4,0.357142857142857,0.5,0.3,3,10,2,4,2,2,-4.0
51,2026/01/24,BKN,33,Nic Claxton,PT38M44.90S,18,4,9,0,2,0,4,0.615384615384615,0.615384615384615,0.0,0,0,8,13,2,2,-1.0
52,2026/01/24,BKN,4,Drake Powell,PT19M43.40S,6,1,1,2,0,0,2,0.666666666666666,1.0,0.5,1,2,1,1,1,1,-10.0
53,2026/01/24,BKN,8,Egor Dëmin,PT21M05.00S,6,2,4,1,0,2,3,0.5,0.0,0.666666666666666,2,3,0,1,0,0,-9.0
54,2026/01/24,BKN,1,Ziaire Williams,PT32M41.00S,14,0,8,0,0,2,2,0.266666666666667,0.75,0.0909090909090909,1,11,3,4,5,6,5.0
55,2026/01/24,BKN,88,Nolan Traore,PT36M50.60S,21,2,3,2,1,2,3,0.538461538461538,0.555555555555556,0.5,2,4,5,9,5,6,8.0
56,2026/01/24,BKN,20,Day'Ron Sharpe,PT19M14.00S,5,2,8,0,0,3,3,0.333333333333333,0.333333333333333,0.0,0,0,1,3,3,4,-4.0
57,2026/01/24,BKN,24,Cam Thomas,PT19M00.10S,7,4,2,0,0,3,1,0.25,0.333333333333333,0.0,0,2,2,6,3,4,-1.0
58,2026/01/24,BKN,2,Danny Wolf,PT17M54.00S,4,2,6,0,1,0,1,0.666666666666666,0.666666666666666,0.0,0,0,2,3,0,0,-4.0
59,2026/01/24,SAC,10,DeMar DeRozan,PT30M10.00S,20,3,4,0,0,2,3,0.5,0.545454545454545,0.0,0,1,6,11,8,9,-24.0
60,2026/01/24,SAC,9,Precious Achiuwa,PT20M22.00S,4,2,8,0,0,1,2,0.333333333333333,0.4,0.0,0,1,2,5,0,0,-22.0
61,2026/01/24,SAC,42,Maxime Raynaud,PT09M11.00S,0,0,1,0,0,0,1,0.0,0.0,0.0,0,0,0,2,0,0,-6.0
62,2026/01/24,SAC,8,Zach LaVine,PT22M31.00S,10,0,0,1,0,1,2,0.5,0.666666666666666,0.4,2,5,2,3,0,0,-20.0
63,2026/01/24,SAC,18,Russell Westbrook,PT26M35.60S,11,3,5,0,0,0,2,0.25,0.0,0.3,3,10,0,2,2,2,-18.0
64,2026/01/24,SAC,0,Malik Monk,PT32M45.00S,16,7,1,1,0,1,0,0.4,0.333333333333333,0.444444444444444,4,9,2,6,0,0,17.0
65,2026/01/24,SAC,5,Nique Clifford,PT13M46.00S,4,0,1,0,0,0,3,0.5,0.666666666666666,0.0,0,1,2,3,0,0,3.0
66,2026/01/24,SAC,11,Domantas Sabonis,PT30M43.00S,24,6,16,1,0,4,5,0.642857142857143,0.615384615384615,1.0,1,1,8,13,5,5,16.0
67,2026/01/24,SAC,17,Dennis Schröder,PT31M08.00S,21,4,4,0,0,2,2,0.5,0.428571428571429,0.6,3,5,3,7,6,6,19.0
68,2026/01/24,SAC,32,Dylan Cardwell,PT22M48.40S,8,1,3,2,2,0,5,1.0,1.0,0.0,0,0,4,4,0,0,10.0
69,2026/01/24,CLE,32,Dean Wade,PT28M00.00S,6,1,5,1,0,0,0,0.5,0.0,0.5,2,4,0,0,0,0,21.0
70,2026/01/24,CLE,4,Evan Mobley,PT34M45.90S,29,7,13,0,4,0,0,0.541666666666667,0.65,0.0,0,4,13,20,3,5,17.0
71,2026/01/24,CLE,31,Jarrett Allen,PT33M38.00S,15,0,9,2,1,0,2,0.5,0.5,0.0,0,0,3,6,9,10,7.0
72,2026/01/24,CLE,20,Jaylon Tyson,PT35M48.90S,17,4,7,0,0,3,3,0.428571428571429,0.333333333333333,0.6,3,5,3,9,2,3,20.0
73,2026/01/24,CLE,45,Donovan Mitchell,PT34M11.00S,33,8,5,1,0,1,3,0.44,0.461538461538462,0.416666666666667,5,12,6,13,6,7,5.0
74,2026/01/24,CLE,9,Craig Porter Jr.,PT21M21.10S,5,3,5,0,0,1,1,0.4,0.5,0.333333333333333,1,3,1,2,0,0,-7.0
75,2026/01/24,CLE,12,De'Andre Hunter,PT19M01.00S,9,0,0,0,0,0,1,0.333333333333333,0.333333333333333,0.333333333333333,1,3,2,6,2,2,-12.0
76,2026/01/24,CLE,35,Nae'Qwan Tomlin,PT15M14.10S,4,0,1,1,1,0,4,0.5,0.666666666666666,0.0,0,1,2,3,0,0,-27.0
77,2026/01/24,CLE,24,Tyrese Proctor,PT04M20.00S,3,0,0,0,0,1,1,1.0,0.0,1.0,1,1,0,0,0,0,-1.0
78,2026/01/24,CLE,22,Larry Nance Jr.,PT13M40.00S,2,0,3,1,0,0,2,0.25,1.0,0.0,0,3,1,1,0,0,2.0
79,2026/01/24,NOP,41,Saddiq Bey,PT31M44.00S,36,4,4,1,0,0,2,0.65,0.636363636363636,0.666666666666666,6,9,7,11,4,4,5.0
80,2026/01/24,NOP,1,Zion Williamson,PT33M08.00S,24,4,11,2,1,1,1,0.529411764705882,0.529411764705882,0.0,0,0,9,17,6,11,12.0
81,2026/01/24,NOP,22,Derik Queen,PT26M41.00S,8,5,9,3,0,4,3,0.25,0.25,0.0,0,0,2,8,4,4,7.0
82,2026/01/24,NOP,25,Trey Murphy III,PT36M18.30S,32,3,3,3,0,1,1,0.6,0.875,0.28571428571428603,2,7,7,8,12,12,6.0
83,2026/01/24,NOP,2,Herbert Jones,PT24M33.00S,0,5,0,2,2,2,3,0.0,0.0,0.0,0,3,0,0,0,0,1.0
84,2026/01/24,NOP,0,Jeremiah Fears,PT23M27.00S,12,4,2,1,1,0,2,0.4,0.333333333333333,0.5,2,4,2,6,2,2,5.0
85,2026/01/24,NOP,17,Karlo Matković,PT14M52.00S,5,1,6,1,0,0,3,0.5,1.0,0.333333333333333,1,3,1,1,0,0,-6.0
86,2026/01/24,NOP,14,Micah Peavy,PT15M40.70S,2,0,2,1,0,0,2,0.2,0.5,0.0,0,3,1,2,0,0,-4.0
87,2026/01/24,NOP,21,Yves Missi,PT21M19.00S,8,0,8,0,0,1,2,0.444444444444444,0.444444444444444,0.0,0,0,4,9,0,0,-1.0
88,2026/01/24,NOP,3,Jordan Poole,PT12M17.00S,6,3,4,0,0,1,1,0.25,0.0,0.28571428571428603,2,7,0,1,0,0,5.0
89,2026/01/24,MEM,0,Jaylen Wells,PT25M08.00S,11,3,3,1,0,5,2,0.5714285714285711,0.75,0.333333333333333,1,3,3,4,2,3,3.0
90,2026/01/24,MEM,8,Jaren Jackson Jr.,PT32M05.00S,26,3,12,1,4,2,4,0.388888888888889,0.5,0.25,2,8,5,10,10,11,1.0
91,2026/01/24,MEM,31,Jock Landale,PT31M58.00S,24,2,11,1,1,2,2,0.611111111111111,0.692307692307692,0.4,2,5,9,13,0,0,-3.0
92,2026/01/24,MEM,23,Cedric Coward,PT28M17.00S,13,4,3,0,1,0,1,0.45454545454545503,0.5,0.428571428571429,3,7,2,4,0,0,-2.0
93,2026/01/24,MEM,24,Cam Spencer,PT27M59.00S,21,11,5,0,1,2,4,0.777777777777778,1.0,0.666666666666666,4,6,3,3,3,4,-2.0
94,2026/01/24,MEM,45,GG Jackson,PT22M35.00S,15,1,4,0,1,2,5,0.6,0.5,0.75,3,4,3,6,0,0,-3.0
95,2026/01/24,MEM,3,Kentavious Caldwell-Pope,PT22M59.00S,4,3,3,0,0,0,1,0.111111111111111,0.333333333333333,0.0,0,6,1,3,2,2,-8.0
96,2026/01/24,MEM,5,Vince Williams Jr.,PT20M01.00S,6,4,2,0,0,2,1,0.28571428571428603,0.0,0.333333333333333,2,6,0,1,0,0,-4.0
97,2026/01/24,MEM,46,John Konchar,PT20M18.00S,0,1,4,1,2,3,2,0.0,0.0,0.0,0,1,0,0,0,0,-8.0
98,2026/01/24,MEM,10,Javon Small,PT08M40.00S,7,2,0,0,0,1,1,1.0,1.0,1.0,1,1,1,1,2,2,-4.0
99,2026/01/24,IND,12,Johnny Furphy,PT33M14.50S,4,3,10,1,1,0,3,0.222222222222222,0.333333333333333,0.0,0,3,2,6,0,0,0.0
100,2026/01/24,IND,5,Jarace Walker,PT30M35.00S,26,3,4,2,0,2,5,0.533333333333333,0.555555555555556,0.5,3,6,5,9,7,11,9.0
101,2026/01/24,IND,43,Pascal Siakam,PT37M05.00S,21,6,6,0,0,1,1,0.45,0.5,0.333333333333333,2,6,7,14,1,3,-6.0
102,2026/01/24,IND,23,Aaron Nesmith,PT36M06.60S,17,5,5,0,0,2,5,0.5,0.444444444444444,0.6,3,5,4,9,0,0,0.0
103,2026/01/24,IND,2,Andrew Nembhard,PT36M21.70S,27,11,7,0,0,3,4,0.625,0.666666666666666,0.5714285714285711,4,7,6,9,3,4,16.0
104,2026/01/24,IND,11,Micah Potter,PT24M58.90S,10,1,10,0,0,0,0,0.444444444444444,1.0,0.28571428571428603,2,7,2,2,0,0,0.0
105,2026/01/24,IND,26,Ben Sheppard,PT14M04.30S,6,2,1,0,0,0,2,0.5,0.0,0.666666666666666,2,3,0,1,0,0,-3.0
106,2026/01/24,IND,9,T.J. McConnell,PT18M59.00S,6,3,2,2,0,0,3,0.333333333333333,0.375,0.0,0,1,3,8,0,0,-5.0
107,2026/01/24,IND,22,Isaiah Jackson,PT06M13.00S,0,0,6,0,0,2,1,0.0,0.0,0.0,0,0,0,0,0,2,5.0
108,2026/01/24,IND,32,Jay Huff,PT02M22.00S,0,0,0,0,0,0,0,0.0,0.0,0.0,0,0,0,0,0,0,-1.0
109,2026/01/24,OKC,11,Isaiah Joe,PT30M06.80S,7,1,2,0,0,1,4,0.28571428571428603,1.0,0.0,0,5,2,2,3,3,7.0
110,2026/01/24,OKC,5,Luguentz Dort,PT35M02.00S,2,1,3,0,0,1,2,0.111111111111111,0.25,0.0,0,5,1,4,0,0,-17.0
111,2026/01/24,OKC,7,Chet Holmgren,PT33M16.00S,25,3,13,0,3,0,3,0.5714285714285711,0.6,0.5,2,4,6,10,7,8,13.0
112,2026/01/24,OKC,22,Cason Wallace,PT30M16.60S,10,1,5,2,0,0,3,0.428571428571429,0.0,0.75,3,4,0,3,1,2,0.0
113,2026/01/24,OKC,2,Shai Gilgeous-Alexander,PT34M42.00S,47,4,4,1,1,1,2,0.607142857142857,0.666666666666666,0.25,1,4,16,24,12,12,4.0
114,2026/01/24,OKC,6,Jaylin Williams,PT21M41.40S,2,3,5,0,1,4,3,0.0,0.0,0.0,0,0,0,1,2,2,-2.0
115,2026/01/24,OKC,13,Ousmane Dieng,PT13M29.70S,7,1,2,0,2,0,0,0.6,0.666666666666666,0.5,1,2,2,3,0,0,5.0
116,2026/01/24,OKC,34,Kenrich Williams,PT28M19.50S,12,4,7,1,1,0,3,0.625,0.833333333333334,0.0,0,2,5,6,2,3,-7.0
117,2026/01/24,OKC,15,Branden Carlson,PT07M11.00S,2,0,0,0,0,1,1,0.333333333333333,0.333333333333333,0.0,0,0,1,3,0,0,-12.0
118,2026/01/24,OKC,23,Brooks Barnhizer,PT05M55.00S,0,0,0,0,0,1,1,0.0,0.0,0.0,0,0,0,0,0,0,-6.0
119,2026/01/24,DEN,21,Spencer Jones,PT38M16.00S,5,2,5,2,1,0,4,0.333333333333333,0.5,0.25,1,4,1,2,0,0,7.0
120,2026/01/24,DEN,32,Aaron Gordon,PT16M06.00S,13,3,6,2,0,1,2,0.444444444444444,0.428571428571429,0.5,1,2,3,7,4,5,12.0
121,2026/01/24,DEN,22,Zeke Nnaji,PT36M58.00S,11,2,12,0,2,2,5,0.333333333333333,0.375,0.25,1,4,3,8,2,2,1.0
122,2026/01/24,DEN,3,Julian Strawther,PT26M39.70S,20,3,5,1,0,0,1,0.461538461538462,0.714285714285714,0.166666666666667,1,6,5,7,7,8,12.0
123,2026/01/24,DEN,24,Jalen Pickett,PT33M57.00S,13,7,3,1,0,1,2,0.357142857142857,0.428571428571429,0.28571428571428603,2,7,3,7,1,2,-1.0
124,2026/01/24,DEN,10,Tim Hardaway Jr.,PT25M46.00S,17,2,4,0,0,1,0,0.357142857142857,0.4,0.333333333333333,3,9,2,5,4,4,0.0
125,2026/01/24,DEN,11,Bruce Brown,PT25M56.30S,15,3,3,2,0,2,1,0.545454545454545,0.555555555555556,0.5,1,2,5,9,2,2,-20.0
126,2026/01/24,DEN,5,Hunter Tyson,PT11M43.00S,0,3,4,0,0,0,1,0.0,0.0,0.0,0,1,0,0,0,0,-8.0
127,2026/01/24,DEN,14,DaRon Holmes II,PT15M45.00S,3,0,4,0,0,0,2,0.333333333333333,0.0,0.333333333333333,1,3,0,0,0,0,7.0
128,2026/01/24,DEN,1,Curtis Jones,PT08M53.00S,5,2,1,0,0,0,1,0.5,1.0,0.333333333333333,1,3,1,1,0,0,0.0
129,2026/01/24,MIL,18,Kyle Kuzma,PT35M04.00S,11,6,10,0,0,1,0,0.4,0.428571428571429,0.333333333333333,1,3,3,7,2,6,5.0
130,2026/01/24,MIL,34,Giannis Antetokounmpo,PT32M09.80S,22,7,13,0,0,4,1,0.5,0.5,0.0,0,0,4,8,14,16,6.0
131,2026/01/24,MIL,3,Myles Turner,PT29M09.00S,17,2,7,1,6,1,4,0.583333333333333,0.75,0.25,1,4,6,8,2,2,-3.0
132,2026/01/24,MIL,11,Gary Harris,PT27M58.20S,4,2,3,1,0,1,3,0.2,0.0,0.25,1,4,0,1,1,2,-9.0
133,2026/01/24,MIL,13,Ryan Rollins,PT35M11.90S,21,1,4,3,0,1,1,0.4,0.4,0.4,4,10,4,10,1,1,0.0
134,2026/01/24,MIL,17,Amir Coffey,PT21M24.10S,5,0,1,0,0,0,4,0.28571428571428603,0.5,0.2,1,5,1,2,0,0,-8.0
135,2026/01/24,MIL,9,Bobby Portis,PT26M24.00S,11,0,9,0,0,0,3,0.333333333333333,0.2,0.428571428571429,3,7,1,5,0,0,7.0
136,2026/01/24,MIL,50,Cole Anthony,PT16M23.00S,9,5,2,1,1,1,3,0.5,0.6,0.333333333333333,1,3,3,5,0,0,-12.0
137,2026/01/24,MIL,35,Pete Nance,PT12M15.10S,0,0,2,1,1,1,0,0.0,0.0,0.0,0,1,0,0,0,0,2.0
138,2026/01/24,MIL,44,Andre Jackson Jr.,PT04M00.90S,0,1,0,0,0,0,0,0.0,0.0,0.0,0,2,0,0,0,0,2.0
139,2026/01/24,TOR,3,Brandon Ingram,PT35M24.00S,20,3,7,2,1,2,1,0.466666666666667,0.6,0.2,1,5,6,10,5,7,11.0
140,2026/01/24,TOR,4,Scottie Barnes,PT35M13.00S,15,4,9,0,6,4,2,0.4,0.461538461538462,0.0,0,2,6,13,3,4,9.0
141,2026/01/24,TOR,54,Sandro Mamukelashvili,PT34M51.00S,22,4,6,1,0,2,3,0.6,0.666666666666666,0.5,3,6,6,9,1,2,25.0
142,2026/01/24,TOR,9,RJ Barrett,PT21M21.80S,10,3,6,0,1,2,3,0.444444444444444,1.0,0.0,0,5,4,4,2,4,-6.0
143,2026/01/24,TOR,5,Immanuel Quickley,PT34M17.80S,20,7,8,2,0,1,1,0.6,0.636363636363636,0.5,2,4,7,11,0,0,9.0
144,2026/01/24,TOR,30,Ochai Agbaji,PT21M31.40S,10,1,4,1,1,1,2,0.625,1.0,0.0,0,3,5,5,0,0,3.0
145,2026/01/24,TOR,1,Gradey Dick,PT24M11.80S,10,1,2,0,0,1,0,0.8,0.666666666666666,1.0,2,2,2,3,0,0,10.0
146,2026/01/24,TOR,23,Jamal Shead,PT19M44.00S,0,5,3,1,0,0,2,0.0,0.0,0.0,0,1,0,0,0,0,2.0
147,2026/01/24,TOR,77,Jamison Battle,PT09M28.00S,3,0,0,0,0,1,2,1.0,0.0,1.0,1,1,0,0,0,0,2.0
148,2026/01/24,TOR,2,Jonathan Mogbo,PT03M57.20S,0,0,1,0,0,2,1,0.0,0.0,0.0,0,0,0,1,0,0,-5.0
149,2026/01/24,POR,91,Sidy Cissoko,PT32M34.70S,3,1,3,0,1,1,4,0.166666666666667,0.5,0.0,0,4,1,2,1,2,-8.0
150,2026/01/24,POR,33,Toumani Camara,PT37M04.60S,16,2,6,1,1,1,0,0.416666666666667,0.25,0.5,4,8,1,4,2,2,-8.0
151,2026/01/24,POR,23,Donovan Clingan,PT28M56.00S,13,2,16,3,0,0,3,0.428571428571429,0.5,0.25,1,4,5,10,0,0,0.0
152,2026/01/24,POR,17,Shaedon Sharpe,PT32M20.60S,21,4,7,1,0,3,1,0.434782608695652,0.529411764705882,0.166666666666667,1,6,9,17,0,0,-8.0
153,2026/01/24,POR,5,Jrue Holiday,PT22M20.00S,21,7,1,0,0,1,0,0.642857142857143,0.75,0.5,3,6,6,8,0,0,-5.0
154,2026/01/24,POR,2,Caleb Love,PT28M41.20S,11,3,4,0,0,3,0,0.444444444444444,0.333333333333333,0.5,3,6,1,3,0,0,-1.0
155,2026/01/24,POR,16,Yang Hansen,PT07M14.70S,0,0,3,0,0,1,0,0.0,0.0,0.0,0,0,0,2,0,0,-13.0
156,2026/01/24,POR,9,Jerami Grant,PT26M25.00S,8,2,2,1,1,3,1,0.25,0.666666666666666,0.0,0,5,2,3,4,6,0.0
157,2026/01/24,POR,21,Rayan Rupert,PT15M49.00S,0,1,1,0,0,0,0,0.0,0.0,0.0,0,2,0,3,0,0,-14.0
158,2026/01/24,POR,18,Javonte Cooke,PT08M34.20S,5,0,2,1,0,0,2,0.4,1.0,0.25,1,4,1,1,0,0,-3.0
0,2026/01/25,WAS,18,Kyshawn George,PT25M14.00S,11,7,8,2,1,2,4,0.266666666666667,0.4,0.2,2,10,2,5,1,1,-10.0
1,2026/01/25,WAS,27,Will Riley,PT23M29.40S,7,2,0,1,0,0,1,0.5,0.666666666666666,0.333333333333333,1,3,2,3,0,0,-22.0
2,2026/01/25,WAS,20,Alex Sarr,PT37M16.70S,24,1,4,1,1,2,3,0.578947368421053,0.625,0.333333333333333,1,3,10,16,1,1,-16.0
3,2026/01/25,WAS,12,Tre Johnson,PT36M33.00S,26,6,0,0,0,2,2,0.36363636363636404,0.28571428571428603,0.4,6,15,2,7,4,5,-2.0
4,2026/01/25,WAS,7,Bub Carrington,PT32M15.70S,15,8,3,1,0,2,2,0.45454545454545503,0.0,0.45454545454545503,5,11,0,0,0,0,-12.0
5,2026/01/25,WAS,9,Justin Champagnie,PT32M07.00S,15,3,11,3,2,2,1,0.777777777777778,1.0,0.333333333333333,1,3,6,6,0,0,4.0
6,2026/01/25,WAS,5,Jamir Watkins,PT28M48.90S,11,3,6,5,2,0,5,0.444444444444444,0.75,0.2,1,5,3,4,2,2,12.0
7,2026/01/25,WAS,16,Anthony Gill,PT07M16.30S,0,2,0,0,0,1,2,0.0,0.0,0.0,0,1,0,0,0,0,12.0
8,2026/01/25,WAS,13,Sharife Cooper,PT09M28.00S,3,1,0,1,0,1,1,1.0,0.0,1.0,1,1,0,0,0,0,6.0
9,2026/01/25,WAS,8,Malaki Branham,PT07M31.00S,3,2,2,0,0,1,1,0.333333333333333,0.0,1.0,1,1,0,2,0,0,8.0
10,2026/01/25,CHA,7,Kon Knueppel,PT31M54.00S,16,3,4,1,0,1,1,0.45454545454545503,0.666666666666666,0.375,3,8,2,3,3,4,-9.0
11,2026/01/25,CHA,0,Miles Bridges,PT28M52.90S,20,4,3,0,2,2,2,0.538461538461538,0.666666666666666,0.428571428571429,3,7,4,6,3,5,3.0
12,2026/01/25,CHA,14,Moussa Diabaté,PT32M04.00S,11,0,14,1,0,2,0,0.666666666666666,0.666666666666666,0.0,0,0,2,3,7,8,13.0
13,2026/01/25,CHA,24,Brandon Miller,PT33M20.00S,21,7,11,1,0,5,0,0.583333333333333,0.625,0.5,2,4,5,8,5,5,15.0
14,2026/01/25,CHA,1,LaMelo Ball,PT31M36.30S,20,11,2,1,0,3,2,0.42105263157894696,0.5,0.333333333333333,3,9,5,10,1,1,6.0
15,2026/01/25,CHA,10,Josh Green,PT15M07.00S,6,0,2,0,0,1,3,1.0,0.0,1.0,2,2,0,0,0,0,10.0
16,2026/01/25,CHA,2,Grant Williams,PT19M07.10S,2,1,1,1,0,1,0,0.25,0.5,0.0,0,2,1,2,0,0,1.0
17,2026/01/25,CHA,4,Sion James,PT16M23.70S,6,2,5,0,0,4,1,0.4,0.666666666666666,0.0,0,2,2,3,2,3,-2.0
18,2026/01/25,CHA,11,Ryan Kalkbrenner,PT15M56.00S,8,0,3,0,1,0,1,1.0,1.0,0.0,0,0,4,4,0,2,-9.0
19,2026/01/25,CHA,8,Collin Sexton,PT15M39.00S,9,2,1,3,0,2,0,0.5,0.5,0.5,1,2,2,4,2,2,-8.0
20,2026/01/25,NYK,3,Josh Hart,PT36M33.00S,10,7,13,0,1,1,3,0.444444444444444,0.5,0.333333333333333,1,3,3,6,1,5,5.0
21,2026/01/25,NYK,8,OG Anunoby,PT36M24.00S,23,4,7,2,0,2,0,0.666666666666666,0.666666666666666,0.666666666666666,2,3,8,12,1,2,-8.0
22,2026/01/25,NYK,32,Karl-Anthony Towns,PT16M01.20S,10,1,6,0,1,2,6,0.5,0.5,0.5,1,2,1,2,5,7,-6.0
23,2026/01/25,NYK,25,Mikal Bridges,PT28M49.80S,9,4,3,0,0,2,1,0.1875,0.28571428571428603,0.111111111111111,1,9,2,7,2,2,4.0
24,2026/01/25,NYK,11,Jalen Brunson,PT37M55.40S,31,6,5,0,0,2,3,0.458333333333333,0.416666666666667,0.5,6,12,5,12,3,5,7.0
25,2026/01/25,NYK,23,Mitchell Robinson,PT26M38.80S,6,0,10,2,2,0,4,0.75,0.75,0.0,0,0,3,4,0,0,14.0
26,2026/01/25,NYK,28,Guerschon Yabusele,PT02M50.00S,0,1,1,0,0,0,0,0.0,0.0,0.0,0,0,0,0,0,0,0.0
27,2026/01/25,NYK,44,Landry Shamet,PT24M30.80S,12,2,4,0,0,1,1,0.444444444444444,0.5,0.428571428571429,3,7,1,2,1,2,3.0
28,2026/01/25,NYK,2,Miles McBride,PT26M11.00S,9,2,1,2,0,0,3,0.272727272727273,0.666666666666666,0.125,1,8,2,3,2,4,-1.0
29,2026/01/25,NYK,55,Ariel Hukporti,PT04M06.00S,2,0,3,0,1,0,1,1.0,1.0,0.0,0,0,1,1,0,0,-3.0
30,2026/01/25,PHI,9,Kelly Oubre Jr.,PT37M14.00S,14,3,7,2,0,1,2,0.5,0.666666666666666,0.25,1,4,4,6,3,5,-3.0
31,2026/01/25,PHI,8,Paul George,PT32M17.90S,9,2,6,2,0,1,2,0.3,0.428571428571429,0.0,0,3,3,7,3,3,-2.0
32,2026/01/25,PHI,21,Joel Embiid,PT36M24.10S,38,5,11,0,1,4,2,0.619047619047619,0.625,0.6,3,5,10,16,9,12,-3.0
33,2026/01/25,PHI,77,VJ Edgecombe,PT39M13.00S,14,4,3,1,0,2,5,0.555555555555556,0.8,0.25,1,4,4,5,3,4,1.0
34,2026/01/25,PHI,0,Tyrese Maxey,PT38M04.00S,22,6,3,2,1,3,4,0.533333333333333,0.625,0.428571428571429,3,7,5,8,3,3,-7.0
35,2026/01/25,PHI,25,Dominick Barlow,PT16M37.40S,4,1,2,0,0,0,0,0.5,0.0,0.5,1,2,0,0,1,2,-2.0
36,2026/01/25,PHI,5,Quentin Grimes,PT18M51.60S,4,3,3,0,1,0,1,0.333333333333333,1.0,0.0,0,4,2,2,0,0,0.0
37,2026/01/25,PHI,30,Adem Bona,PT11M35.00S,2,0,1,0,1,1,4,0.5,0.5,0.0,0,0,1,2,0,0,0.0
38,2026/01/25,PHI,12,Trendon Watford,PT09M43.00S,2,0,1,0,0,1,1,0.5,0.5,0.0,0,0,1,2,0,0,1.0
39,2026/01/25,CLE,32,Dean Wade,PT25M55.00S,10,1,3,3,2,0,1,1.0,1.0,1.0,2,2,2,2,0,0,10.0
40,2026/01/25,CLE,4,Evan Mobley,PT34M32.50S,13,3,7,0,1,2,1,0.28571428571428603,0.375,0.166666666666667,1,6,3,8,4,4,14.0
41,2026/01/25,CLE,31,Jarrett Allen,PT24M50.00S,8,1,6,3,2,2,4,0.6,0.75,0.0,0,1,3,4,2,2,7.0
42,2026/01/25,CLE,20,Jaylon Tyson,PT32M18.50S,17,4,5,0,0,2,2,0.555555555555556,0.5,0.6,3,5,2,4,4,4,5.0
43,2026/01/25,CLE,45,Donovan Mitchell,PT37M37.00S,36,9,5,2,0,3,4,0.5,0.590909090909091,0.25,2,8,13,22,4,5,15.0
44,2026/01/25,CLE,9,Craig Porter Jr.,PT15M15.50S,4,1,0,0,1,1,0,0.666666666666666,0.666666666666666,0.0,0,0,2,3,0,1,0.0
45,2026/01/25,CLE,35,Nae'Qwan Tomlin,PT24M58.50S,9,4,1,0,0,1,5,0.6,1.0,0.5,2,4,1,1,1,2,-8.0
46,2026/01/25,CLE,2,Lonzo Ball,PT24M33.00S,6,2,8,3,0,1,4,0.5,0.0,0.5,2,4,0,0,0,0,5.0
47,2026/01/25,CLE,3,Thomas Bryant,PT10M14.00S,4,1,3,0,0,2,3,0.333333333333333,0.0,0.5,1,2,0,1,1,2,13.0
48,2026/01/25,CLE,24,Tyrese Proctor,PT09M46.00S,12,1,0,0,0,0,1,1.0,1.0,1.0,2,2,2,2,2,2,9.0
49,2026/01/25,ORL,3,Desmond Bane,PT38M26.00S,20,3,4,2,0,3,4,0.5,0.625,0.333333333333333,2,6,5,8,4,4,-8.0
50,2026/01/25,ORL,5,Paolo Banchero,PT38M27.00S,27,2,5,0,0,2,2,0.5,0.5,0.5,3,6,4,8,10,12,-6.0
51,2026/01/25,ORL,34,Wendell Carter Jr.,PT29M49.00S,11,3,5,1,2,3,1,0.333333333333333,0.5,0.2,1,5,2,4,4,4,-2.0
52,2026/01/25,ORL,0,Anthony Black,PT39M55.50S,16,5,5,2,1,2,3,0.5,0.6,0.428571428571429,3,7,3,5,1,2,-6.0
53,2026/01/25,ORL,4,Jalen Suggs,PT24M24.50S,9,6,1,0,0,1,3,0.5,1.0,0.25,1,4,2,2,2,2,-17.0
54,2026/01/25,ORL,11,Jase Richardson,PT15M03.00S,4,2,1,0,0,1,0,0.25,1.0,0.0,0,3,1,1,2,2,-4.0
55,2026/01/25,ORL,21,Moritz Wagner,PT12M53.50S,13,0,6,1,0,1,3,0.36363636363636404,0.5,0.2,1,5,3,6,4,4,-14.0
56,2026/01/25,ORL,23,Tristan da Silva,PT19M52.00S,0,0,1,1,0,0,1,0.0,0.0,0.0,0,2,0,1,0,0,4.0
57,2026/01/25,ORL,93,Noah Penda,PT15M52.00S,3,0,3,1,0,3,2,0.25,0.5,0.0,0,2,1,2,1,2,-19.0
58,2026/01/25,ORL,35,Goga Bitadze,PT05M17.50S,2,0,6,0,0,0,1,0.25,0.25,0.0,0,0,1,4,0,0,2.0
59,2026/01/25,BOS,7,Jaylen Brown,PT37M06.00S,33,5,8,1,1,2,1,0.5,0.6,0.25,2,8,12,20,3,4,-13.0
60,2026/01/25,BOS,30,Sam Hauser,PT23M39.80S,8,3,4,2,0,0,0,0.428571428571429,1.0,0.333333333333333,2,6,1,1,0,0,-12.0
61,2026/01/25,BOS,77,Amari Williams,PT10M08.20S,2,0,2,0,1,0,0,1.0,1.0,0.0,0,0,1,1,0,0,-3.0
62,2026/01/25,BOS,9,Derrick White,PT38M34.00S,15,7,7,1,1,0,1,0.277777777777778,0.28571428571428603,0.272727272727273,3,11,2,7,2,2,1.0
63,2026/01/25,BOS,11,Payton Pritchard,PT29M31.80S,10,7,3,0,0,1,0,0.4,0.428571428571429,0.333333333333333,1,3,3,7,1,1,-4.0
64,2026/01/25,BOS,4,Anfernee Simons,PT27M44.20S,21,5,4,2,0,2,3,0.5,0.6,0.45454545454545503,5,11,3,5,0,0,0.0
65,2026/01/25,BOS,52,Luka Garza,PT13M32.00S,4,1,2,0,1,1,1,0.5,1.0,0.0,0,2,2,2,0,0,-3.0
66,2026/01/25,BOS,55,Baylor Scheierman,PT06M21.00S,2,0,3,0,0,0,1,0.333333333333333,0.5,0.0,0,1,1,2,0,0,1.0
67,2026/01/25,BOS,88,Neemias Queta,PT24M15.80S,6,0,3,2,1,0,0,0.333333333333333,0.4,0.0,0,1,2,5,2,2,3.0
68,2026/01/25,BOS,28,Hugo González,PT11M08.00S,3,0,1,2,0,0,1,1.0,0.0,1.0,1,1,0,0,0,0,7.0
69,2026/01/25,BOS,27,Jordan Walsh,PT17M59.20S,7,0,1,0,0,0,1,0.6,1.0,0.333333333333333,1,3,2,2,0,0,8.0
70,2026/01/25,CHI,35,Isaac Okoro,PT27M03.00S,12,1,2,0,2,0,0,0.555555555555556,1.0,0.333333333333333,2,6,3,3,0,1,8.0
71,2026/01/25,CHI,25,Jalen Smith,PT27M24.00S,14,0,9,0,0,0,3,0.6,0.8,0.4,2,5,4,5,0,0,11.0
72,2026/01/25,CHI,9,Nikola Vučević,PT34M32.00S,16,6,7,1,2,1,1,0.7,0.625,1.0,2,2,5,8,0,0,-7.0
73,2026/01/25,CHI,14,Matas Buzelis,PT32M26.00S,14,5,8,0,1,2,2,0.384615384615385,0.333333333333333,0.4,4,10,1,3,0,0,15.0
74,2026/01/25,CHI,0,Coby White,PT32M17.20S,22,7,1,0,0,4,2,0.375,0.14285714285714302,0.555555555555556,5,9,1,7,5,5,5.0
75,2026/01/25,CHI,13,Kevin Huerter,PT24M06.00S,12,3,6,1,0,0,3,0.714285714285714,0.75,0.666666666666666,2,3,3,4,0,0,5.0
76,2026/01/25,CHI,11,Ayo Dosunmu,PT22M33.00S,10,0,2,0,1,3,2,0.444444444444444,0.5,0.4,2,5,2,4,0,0,-10.0
77,2026/01/25,CHI,3,Josh Giddey,PT23M35.80S,4,10,8,0,0,5,0,0.166666666666667,0.25,0.0,0,2,1,4,2,2,-5.0
78,2026/01/25,CHI,44,Patrick Williams,PT16M03.00S,10,0,1,0,0,0,2,0.8,1.0,0.666666666666666,2,3,2,2,0,0,-7.0
79,2026/01/25,LAL,23,LeBron James,PT36M34.20S,17,5,8,1,1,1,2,0.5,0.538461538461538,0.333333333333333,1,3,7,13,0,0,-8.0
80,2026/01/25,LAL,12,Jake LaRavia,PT30M28.00S,13,1,6,0,1,4,4,0.5,1.0,0.333333333333333,2,6,2,2,3,4,12.0
81,2026/01/25,LAL,5,Deandre Ayton,PT23M45.20S,9,0,11,0,1,1,4,0.25,0.25,0.0,0,0,4,16,1,2,-12.0
82,2026/01/25,LAL,36,Marcus Smart,PT32M01.20S,13,3,7,0,2,3,3,0.4,0.333333333333333,0.5,2,4,2,6,3,5,-2.0
83,2026/01/25,LAL,77,Luka Dončić,PT39M08.80S,33,11,8,1,1,5,2,0.533333333333333,0.714285714285714,0.375,3,8,5,7,14,15,18.0
84,2026/01/25,LAL,7,Gabe Vincent,PT15M23.80S,0,1,1,2,0,0,1,0.0,0.0,0.0,0,2,0,0,0,0,8.0
85,2026/01/25,LAL,11,Jaxson Hayes,PT14M36.80S,6,1,1,0,1,0,2,1.0,1.0,0.0,0,0,3,3,0,0,1.0
86,2026/01/25,LAL,28,Rui Hachimura,PT27M08.00S,17,1,8,0,1,0,1,0.461538461538462,0.333333333333333,0.5714285714285711,4,7,2,6,1,1,21.0
87,2026/01/25,LAL,2,Jarred Vanderbilt,PT12M29.00S,8,2,4,1,0,0,1,0.5,0.333333333333333,0.666666666666666,2,3,1,3,0,2,-4.0
88,2026/01/25,LAL,17,Drew Timme,PT08M25.00S,0,1,3,2,0,0,0,0.0,0.0,0.0,0,1,0,0,0,0,-4.0
89,2026/01/25,DAL,32,Cooper Flagg,PT34M19.00S,16,6,7,2,0,0,3,0.35,0.4,0.2,1,5,6,15,1,2,-4.0
90,2026/01/25,DAL,16,Caleb Martin,PT23M39.00S,17,1,3,1,2,0,3,0.6,0.5,0.75,3,4,3,6,2,2,14.0
91,2026/01/25,DAL,7,Dwight Powell,PT23M47.20S,0,2,7,2,1,0,2,0.0,0.0,0.0,0,0,0,2,0,0,13.0
92,2026/01/25,DAL,00,Max Christie,PT34M34.90S,24,3,2,1,0,0,1,0.444444444444444,0.5,0.4,4,10,4,8,4,4,-9.0
93,2026/01/25,DAL,13,Naji Marshall,PT36M59.00S,21,2,11,1,0,3,3,0.466666666666667,0.583333333333333,0.0,0,3,7,12,7,10,-8.0
94,2026/01/25,DAL,10,Brandon Williams,PT23M11.00S,20,4,4,0,0,2,2,0.470588235294118,0.5,0.0,0,1,8,16,4,5,-24.0
95,2026/01/25,DAL,21,Daniel Gafford,PT16M15.90S,2,1,2,0,2,0,2,0.0,0.0,0.0,0,0,0,1,2,2,-5.0
96,2026/01/25,DAL,25,P.J. Washington,PT25M30.00S,2,0,3,1,1,1,2,0.2,0.25,0.0,0,1,1,4,0,0,-9.0
97,2026/01/25,DAL,23,Jeremiah Robinson-Earl,PT03M04.00S,0,0,1,0,0,1,0,0.0,0.0,0.0,0,0,0,0,0,0,-4.0
98,2026/01/25,DAL,31,Klay Thompson,PT14M26.00S,6,1,3,2,0,3,1,0.4,0.0,0.4,2,5,0,0,0,2,5.0
99,2026/01/25,DAL,9,Ryan Nembhard,PT04M14.00S,2,2,0,0,0,1,0,0.0,0.0,0.0,0,0,0,1,2,2,1.0
100,2026/01/25,MIA,9,Pelle Larsson,PT25M16.40S,20,3,2,0,1,2,2,0.636363636363636,0.8,0.5,3,6,4,5,3,3,18.0
101,2026/01/25,MIA,22,Andrew Wiggins,PT26M38.50S,17,6,6,1,0,1,2,0.5,0.5714285714285711,0.4,2,5,4,7,3,3,14.0
102,2026/01/25,MIA,13,Bam Adebayo,PT31M01.00S,26,2,15,0,1,3,1,0.42105263157894696,0.444444444444444,0.4,4,10,4,9,6,6,19.0
103,2026/01/25,MIA,24,Norman Powell,PT24M53.00S,13,6,4,0,0,0,1,0.272727272727273,0.428571428571429,0.0,0,4,3,7,7,10,15.0
104,2026/01/25,MIA,25,Kasparas Jakučionis,PT16M55.10S,12,1,5,0,0,0,1,0.666666666666666,0.666666666666666,0.666666666666666,2,3,2,3,2,2,7.0
105,2026/01/25,MIA,11,Jaime Jaquez Jr.,PT27M38.40S,9,5,7,1,0,3,2,0.4,0.4,0.0,0,0,4,10,1,1,22.0
106,2026/01/25,MIA,5,Nikola Jović,PT25M01.00S,23,1,3,1,1,3,0,0.5,0.5,0.5,3,6,3,6,8,11,9.0
107,2026/01/25,MIA,0,Simone Fontecchio,PT23M49.60S,14,2,6,2,0,0,2,0.416666666666667,0.333333333333333,0.444444444444444,4,9,1,3,0,0,19.0
108,2026/01/25,MIA,12,Dru Smith,PT25M32.50S,6,5,10,5,1,0,4,0.2,0.25,0.0,0,2,2,8,2,2,15.0
109,2026/01/25,MIA,15,Myron Gardner,PT10M06.50S,2,4,6,0,2,0,4,0.25,0.333333333333333,0.0,0,1,1,3,0,2,12.0
110,2026/01/25,MIA,16,Keshad Johnson,PT03M08.00S,5,0,0,0,0,1,2,1.0,0.0,1.0,1,1,0,0,2,2,5.0
111,2026/01/25,UTA,19,Ace Bailey,PT28M13.30S,12,2,2,1,2,0,5,0.4,0.6,0.0,0,5,6,10,0,0,-23.0
112,2026/01/25,UTA,5,Cody Williams,PT29M54.00S,5,1,1,1,3,1,2,0.4,0.5,0.0,0,1,2,4,1,2,-26.0
113,2026/01/25,UTA,30,Jusuf Nurkić,PT31M21.00S,17,12,10,1,1,3,5,0.615384615384615,0.583333333333333,1.0,1,1,7,12,0,2,-30.0
114,2026/01/25,UTA,10,Svi Mykhailiuk,PT17M14.00S,8,1,3,1,0,2,1,0.75,0.75,0.0,0,0,3,4,2,2,-15.0
115,2026/01/25,UTA,3,Keyonte George,PT36M10.10S,19,5,2,2,0,2,3,0.31578947368421,0.545454545454545,0.0,0,8,6,11,7,8,-27.0
116,2026/01/25,UTA,8,Isaiah Collier,PT27M54.00S,16,9,6,0,1,2,3,0.6,0.6,0.0,0,0,6,10,4,6,-11.0
117,2026/01/25,UTA,22,Kyle Filipowski,PT15M41.00S,9,3,4,1,0,0,1,0.666666666666666,0.6,1.0,1,1,3,5,0,0,0.0
118,2026/01/25,UTA,2,Kyle Anderson,PT15M04.00S,2,0,1,1,1,1,2,0.5,0.5,0.0,0,0,1,2,0,0,1.0
119,2026/01/25,UTA,28,Brice Sensabaugh,PT23M24.60S,23,1,4,0,0,2,2,0.466666666666667,0.375,0.5714285714285711,4,7,3,8,5,6,-6.0
120,2026/01/25,UTA,13,Walter Clayton Jr.,PT15M04.00S,5,2,1,1,2,1,2,0.333333333333333,0.0,0.5,1,2,0,1,2,2,-18.0
0,2026/01/27,IND,12,Johnny Furphy,PT18M27.00S,6,1,5,2,0,0,2,0.4,0.666666666666666,0.0,0,2,2,3,2,2,15.0
1,2026/01/27,IND,5,Jarace Walker,PT29M35.00S,12,3,7,5,1,3,1,0.5,0.5,0.5,2,4,2,4,2,2,0.0
2,2026/01/27,IND,43,Pascal Siakam,PT35M14.00S,26,4,9,0,3,0,0,0.38095238095238104,0.5,0.222222222222222,2,9,6,12,8,9,-3.0
3,2026/01/27,IND,23,Aaron Nesmith,PT29M13.40S,18,4,2,0,0,3,1,0.545454545454545,0.6,0.5,3,6,3,5,3,4,3.0
4,2026/01/27,IND,2,Andrew Nembhard,PT30M17.00S,6,13,5,1,1,4,1,0.3,0.375,0.0,0,2,3,8,0,1,2.0
5,2026/01/27,IND,00,Bennedict Mathurin,PT24M48.00S,16,1,2,1,0,1,1,0.6,0.5714285714285711,0.666666666666666,2,3,4,7,2,3,-25.0
6,2026/01/27,IND,11,Micah Potter,PT19M46.00S,4,1,5,1,1,2,2,0.25,0.5,0.0,0,4,2,4,0,0,-19.0
7,2026/01/27,IND,9,T.J. McConnell,PT18M19.00S,16,3,1,1,0,2,1,0.636363636363636,0.7,0.0,0,1,7,10,2,2,-18.0
8,2026/01/27,IND,26,Ben Sheppard,PT14M15.60S,2,0,0,0,0,1,1,0.333333333333333,1.0,0.0,0,2,1,1,0,0,-17.0
9,2026/01/27,IND,22,Isaiah Jackson,PT12M19.00S,4,0,5,0,1,0,2,0.666666666666666,0.666666666666666,0.0,0,0,2,3,0,0,-12.0
10,2026/01/27,IND,32,Jay Huff,PT03M28.00S,3,1,1,0,0,0,0,1.0,0.0,1.0,1,1,0,0,0,0,-3.0
11,2026/01/27,IND,7,Kam Jones,PT01M26.00S,0,0,0,0,0,0,0,0.0,0.0,0.0,0,0,0,0,0,0,-1.0
12,2026/01/27,IND,29,Quenton Jackson,PT01M26.00S,3,0,0,0,0,0,0,0.5,1.0,0.0,0,1,1,1,1,2,-1.0
13,2026/01/27,IND,55,Ethan Thompson,PT01M26.00S,0,0,0,0,0,0,0,0.0,0.0,0.0,0,0,0,0,0,0,-1.0
14,2026/01/27,ATL,24,Corey Kispert,PT16M43.00S,7,3,0,0,0,1,1,0.25,0.5,0.0,0,4,2,4,3,3,-25.0
15,2026/01/27,ATL,1,Jalen Johnson,PT34M31.00S,15,6,7,4,1,4,1,0.26315789473684204,0.333333333333333,0.14285714285714302,1,7,4,12,4,4,0.0
16,2026/01/27,ATL,17,Onyeka Okongwu,PT31M16.00S,12,2,10,0,1,1,3,0.384615384615385,0.428571428571429,0.333333333333333,2,6,3,7,0,0,7.0
17,2026/01/27,ATL,5,Dyson Daniels,PT34M39.40S,22,9,5,1,1,1,2,0.666666666666666,0.75,0.333333333333333,1,3,9,12,1,2,2.0
18,2026/01/27,ATL,7,Nickeil Alexander-Walker,PT34M05.00S,21,3,3,3,1,4,3,0.384615384615385,0.0,0.5,5,10,0,3,6,6,10.0
19,2026/01/27,ATL,3,CJ McCollum,PT27M48.60S,23,7,8,2,1,2,4,0.6,0.5,0.714285714285714,5,7,4,8,0,0,27.0
20,2026/01/27,ATL,35,Christian Koloko,PT16M44.00S,12,1,4,0,3,0,4,1.0,1.0,0.0,0,0,6,6,0,0,9.0
21,2026/01/27,ATL,4,Luke Kennard,PT23M17.00S,13,3,2,0,1,1,1,1.0,1.0,1.0,3,3,1,1,2,2,26.0
22,2026/01/27,ATL,18,Mouhamed Gueye,PT13M29.00S,7,1,6,1,0,0,1,0.75,1.0,0.5,1,2,2,2,0,0,16.0
23,2026/01/27,ATL,27,Vít Krejčí,PT06M07.00S,0,0,1,0,0,0,0,0.0,0.0,0.0,0,1,0,0,0,0,6.0
24,2026/01/27,ATL,2,Keaton Wallace,PT01M20.00S,0,0,0,0,0,0,0,0.0,0.0,0.0,0,0,0,0,0,0,2.0
25,2026/01/27,PHI,9,Kelly Oubre Jr.,PT25M08.00S,17,0,2,2,0,2,1,0.583333333333333,0.75,0.25,1,4,6,8,2,2,-40.0
26,2026/01/27,PHI,25,Dominick Barlow,PT25M18.00S,9,1,3,2,0,0,1,0.5,0.5714285714285711,0.0,0,1,4,7,1,2,-13.0
27,2026/01/27,PHI,1,Andre Drummond,PT19M17.00S,4,1,7,1,2,3,3,0.666666666666666,0.666666666666666,0.0,0,0,2,3,0,2,-25.0
28,2026/01/27,PHI,77,VJ Edgecombe,PT25M44.00S,9,1,6,1,0,2,4,0.18181818181818202,0.14285714285714302,0.25,1,4,1,7,4,4,-36.0
29,2026/01/27,PHI,0,Tyrese Maxey,PT25M18.00S,6,7,2,0,0,3,0,0.25,0.333333333333333,0.0,0,3,3,9,0,0,-36.0
30,2026/01/27,PHI,30,Adem Bona,PT16M28.60S,2,0,2,2,0,1,3,0.5,0.5,0.0,0,0,1,2,0,0,-26.0
31,2026/01/27,PHI,33,Jabari Walker,PT20M03.40S,9,0,2,3,0,0,2,0.375,0.0,0.5,3,6,0,2,0,0,8.0
32,2026/01/27,PHI,5,Quentin Grimes,PT26M14.00S,14,5,3,1,0,2,2,0.45454545454545503,0.555555555555556,0.0,0,2,5,9,4,5,-7.0
33,2026/01/27,PHI,20,Jared McCain,PT22M52.00S,16,3,3,0,1,3,0,0.461538461538462,0.4,0.5,4,8,2,5,0,0,3.0
34,2026/01/27,PHI,12,Trendon Watford,PT17M13.00S,3,0,2,1,0,1,3,0.166666666666667,0.166666666666667,0.0,0,0,1,6,1,2,-14.0
35,2026/01/27,PHI,11,Justin Edwards,PT16M24.00S,4,2,1,1,0,0,2,0.333333333333333,1.0,0.0,0,2,1,1,2,2,1.0
36,2026/01/27,CHA,7,Kon Knueppel,PT20M22.00S,12,6,8,2,0,4,2,0.555555555555556,0.75,0.4,2,5,3,4,0,0,28.0
37,2026/01/27,CHA,0,Miles Bridges,PT18M57.00S,10,3,3,0,1,0,4,0.5714285714285711,0.75,0.333333333333333,1,3,3,4,1,1,22.0
38,2026/01/27,CHA,14,Moussa Diabaté,PT20M06.00S,12,0,5,0,0,1,1,0.857142857142857,0.857142857142857,0.0,0,0,6,7,0,1,32.0
39,2026/01/27,CHA,24,Brandon Miller,PT27M10.00S,30,2,8,2,0,1,1,0.818181818181818,1.0,0.75,6,8,3,3,6,6,40.0
40,2026/01/27,CHA,1,LaMelo Ball,PT20M23.60S,11,8,2,1,0,4,1,0.333333333333333,0.333333333333333,0.333333333333333,2,6,2,6,1,1,36.0
41,2026/01/27,CHA,10,Josh Green,PT21M18.00S,12,4,2,1,0,2,1,0.5,0.666666666666666,0.333333333333333,1,3,2,3,5,5,21.0
42,2026/01/27,CHA,4,Sion James,PT18M48.40S,0,1,1,0,0,1,1,0.0,0.0,0.0,0,2,0,0,0,0,0.0
43,2026/01/27,CHA,11,Ryan Kalkbrenner,PT25M55.00S,13,3,9,1,3,3,3,0.75,0.75,0.0,0,0,6,8,1,4,4.0
44,2026/01/27,CHA,2,Grant Williams,PT17M03.00S,9,0,5,0,0,1,2,0.428571428571429,0.5,0.4,2,5,1,2,1,3,28.0
45,2026/01/27,CHA,8,Collin Sexton,PT18M12.00S,10,3,2,1,0,3,4,0.428571428571429,1.0,0.2,1,5,2,2,3,4,6.0
46,2026/01/27,CHA,23,Tre Mann,PT12M00.00S,4,3,0,0,0,2,1,0.5,0.0,0.5,1,2,0,0,1,2,-13.0
47,2026/01/27,CHA,31,Tidjane Salaün,PT12M00.00S,7,0,6,0,0,1,1,0.6,0.666666666666666,0.5,1,2,2,3,0,0,-13.0
48,2026/01/27,CHA,21,Pat Connaughton,PT07M45.00S,0,1,2,0,0,0,0,0.0,0.0,0.0,0,0,0,0,0,0,-6.0
49,2026/01/27,ORL,3,Desmond Bane,PT38M29.00S,19,0,4,1,1,0,3,0.411764705882353,0.4,0.428571428571429,3,7,4,10,2,2,-17.0
50,2026/01/27,ORL,5,Paolo Banchero,PT39M48.00S,37,4,10,0,0,2,1,0.619047619047619,0.6875,0.4,2,5,11,16,9,13,-14.0
51,2026/01/27,ORL,34,Wendell Carter Jr.,PT33M30.00S,9,1,7,0,1,0,3,0.5,0.75,0.25,1,4,3,4,0,0,-13.0
52,2026/01/27,ORL,0,Anthony Black,PT37M13.00S,14,5,4,3,1,2,3,0.428571428571429,0.8,0.222222222222222,2,9,4,5,0,0,-14.0
53,2026/01/27,ORL,4,Jalen Suggs,PT27M17.30S,4,6,5,2,1,3,3,0.153846153846154,0.25,0.0,0,5,2,8,0,0,-6.0
54,2026/01/27,ORL,2,Tyus Jones,PT18M17.00S,3,3,3,2,0,0,0,0.333333333333333,0.0,0.5,1,2,0,1,0,0,1.0
55,2026/01/27,ORL,93,Noah Penda,PT14M11.70S,2,1,3,1,0,1,3,0.25,0.333333333333333,0.0,0,1,1,3,0,0,-2.0
56,2026/01/27,ORL,21,Moritz Wagner,PT12M27.00S,5,0,3,0,0,1,1,0.222222222222222,0.166666666666667,0.333333333333333,1,3,1,6,0,0,-5.0
57,2026/01/27,ORL,11,Jase Richardson,PT04M44.00S,0,0,1,0,0,1,1,0.0,0.0,0.0,0,1,0,0,0,0,-7.0
58,2026/01/27,ORL,1,Jonathan Isaac,PT04M58.00S,0,0,1,0,1,0,1,0.0,0.0,0.0,0,0,0,0,0,0,-1.0
59,2026/01/27,ORL,23,Tristan da Silva,PT09M05.00S,5,1,1,1,1,1,0,0.5,0.5,0.5,1,2,1,2,0,0,-2.0
60,2026/01/27,CLE,32,Dean Wade,PT28M53.80S,6,2,7,1,1,1,1,0.5,1.0,0.0,0,2,2,2,2,2,21.0
61,2026/01/27,CLE,4,Evan Mobley,PT34M59.70S,20,2,9,0,2,1,4,0.5625,0.615384615384615,0.333333333333333,1,3,8,13,1,4,5.0
62,2026/01/27,CLE,31,Jarrett Allen,PT33M12.00S,9,1,4,0,0,0,2,0.666666666666666,0.666666666666666,0.0,0,0,4,6,1,3,18.0
63,2026/01/27,CLE,20,Jaylon Tyson,PT34M46.00S,14,4,9,1,1,3,1,0.5,0.428571428571429,0.666666666666666,2,3,3,7,2,2,12.0
64,2026/01/27,CLE,45,Donovan Mitchell,PT35M08.50S,45,4,4,1,0,4,2,0.6,0.5882352941176471,0.625,5,8,10,17,10,12,23.0
65,2026/01/27,CLE,2,Lonzo Ball,PT13M53.00S,0,1,1,1,1,1,2,0.0,0.0,0.0,0,1,0,0,0,0,-1.0
66,2026/01/27,CLE,9,Craig Porter Jr.,PT15M28.80S,4,5,5,0,0,0,2,0.4,0.5,0.0,0,1,2,4,0,0,5.0
67,2026/01/27,CLE,35,Nae'Qwan Tomlin,PT23M35.70S,8,1,3,0,0,2,1,0.28571428571428603,0.333333333333333,0.25,1,4,1,3,3,4,-5.0
68,2026/01/27,CLE,22,Larry Nance Jr.,PT06M01.00S,2,0,1,0,0,0,0,0.5,1.0,0.0,0,1,1,1,0,0,-1.0
69,2026/01/27,CLE,24,Tyrese Proctor,PT14M01.50S,6,3,2,2,0,2,0,0.666666666666666,0.0,1.0,2,2,0,1,0,0,3.0
70,2026/01/27,POR,91,Sidy Cissoko,PT24M46.00S,4,1,4,1,0,2,4,0.5,1.0,0.0,0,1,1,1,2,4,-11.0
71,2026/01/27,POR,33,Toumani Camara,PT36M13.00S,18,1,8,3,0,2,5,0.461538461538462,0.75,0.333333333333333,3,9,3,4,3,3,-6.0
72,2026/01/27,POR,23,Donovan Clingan,PT28M19.00S,9,1,15,0,5,3,2,0.444444444444444,0.75,0.2,1,5,3,4,0,2,-19.0
73,2026/01/27,POR,17,Shaedon Sharpe,PT34M19.00S,9,3,5,1,0,3,3,0.25,0.333333333333333,0.166666666666667,1,6,2,6,2,2,-4.0
74,2026/01/27,POR,5,Jrue Holiday,PT24M26.50S,14,3,3,3,0,2,1,0.45454545454545503,0.5,0.428571428571429,3,7,2,4,1,2,3.0
75,2026/01/27,POR,35,Robert Williams III,PT19M41.00S,6,0,2,2,1,1,2,1.0,1.0,0.0,0,0,3,3,0,0,11.0
76,2026/01/27,POR,2,Caleb Love,PT25M44.50S,11,5,3,0,0,2,0,0.357142857142857,0.5714285714285711,0.14285714285714302,1,7,4,7,0,0,-2.0
77,2026/01/27,POR,9,Jerami Grant,PT26M34.00S,19,3,2,0,2,0,2,0.444444444444444,0.5,0.333333333333333,1,3,3,6,10,15,-4.0
78,2026/01/27,POR,21,Rayan Rupert,PT15M48.00S,4,0,4,1,0,3,3,0.25,0.5,0.0,0,2,1,2,2,2,-7.0
79,2026/01/27,POR,18,Javonte Cooke,PT04M09.00S,0,0,0,0,0,0,0,0.0,0.0,0.0,0,0,0,1,0,0,-1.0
80,2026/01/27,BOS,7,Jaylen Brown,PT36M13.00S,20,4,8,4,0,1,1,0.470588235294118,0.5,0.333333333333333,1,3,7,14,3,5,6.0
81,2026/01/27,BOS,30,Sam Hauser,PT29M39.50S,11,3,7,2,0,0,3,0.333333333333333,0.2,0.428571428571429,3,7,1,5,0,0,5.0
82,2026/01/27,BOS,88,Neemias Queta,PT22M07.00S,4,6,4,0,1,2,3,0.333333333333333,0.333333333333333,0.0,0,0,2,6,0,0,4.0
83,2026/01/27,BOS,11,Payton Pritchard,PT34M44.00S,23,3,4,0,0,0,1,0.5,0.6,0.45454545454545503,5,11,3,5,2,4,23.0
84,2026/01/27,BOS,9,Derrick White,PT34M28.00S,18,4,4,2,0,9,4,0.5,0.5,0.5,2,4,5,10,2,2,2.0
85,2026/01/27,BOS,77,Amari Williams,PT25M53.00S,9,1,7,1,2,2,5,0.375,0.375,0.0,0,0,3,8,3,5,4.0
86,2026/01/27,BOS,28,Hugo González,PT14M12.50S,2,2,0,0,0,0,0,0.5,1.0,0.0,0,1,1,1,0,0,19.0
87,2026/01/27,BOS,4,Anfernee Simons,PT26M24.50S,12,1,1,2,1,1,1,0.416666666666667,0.6,0.28571428571428603,2,7,3,5,0,0,-9.0
88,2026/01/27,BOS,55,Baylor Scheierman,PT12M59.50S,2,0,5,0,0,1,3,0.5,0.5,0.0,0,0,1,2,0,0,-12.0
89,2026/01/27,BOS,27,Jordan Walsh,PT03M19.00S,1,0,1,0,0,1,0,0.0,0.0,0.0,0,1,0,0,1,2,-2.0
90,2026/01/27,LAL,12,Jake LaRavia,PT33M25.00S,8,3,5,3,0,0,1,0.5,0.5,0.5,2,4,1,2,0,0,-9.0
91,2026/01/27,LAL,23,LeBron James,PT32M52.00S,24,3,5,1,0,2,3,0.473684210526316,0.533333333333333,0.25,1,4,8,15,5,6,-14.0
92,2026/01/27,LAL,5,Deandre Ayton,PT22M06.00S,6,0,2,0,0,0,1,0.5,0.5,0.0,0,0,3,6,0,0,-15.0
93,2026/01/27,LAL,36,Marcus Smart,PT32M16.90S,12,1,2,1,0,0,4,0.5,0.666666666666666,0.333333333333333,1,3,2,3,5,7,5.0
94,2026/01/27,LAL,77,Luka Dončić,PT38M04.70S,46,12,7,0,0,3,2,0.6,0.636363636363636,0.5714285714285711,8,14,7,11,8,12,6.0
95,2026/01/27,LAL,11,Jaxson Hayes,PT22M52.70S,8,1,4,1,2,0,2,0.75,0.75,0.0,0,0,3,4,2,2,26.0
96,2026/01/27,LAL,7,Gabe Vincent,PT12M04.40S,0,3,1,0,0,0,0,0.0,0.0,0.0,0,1,0,1,0,0,13.0
97,2026/01/27,LAL,28,Rui Hachimura,PT29M16.00S,23,1,2,1,1,0,1,0.818181818181818,0.833333333333334,0.8,4,5,5,6,1,2,22.0
98,2026/01/27,LAL,2,Jarred Vanderbilt,PT16M39.30S,2,2,7,0,0,1,1,0.333333333333333,1.0,0.0,0,2,1,1,0,0,21.0
99,2026/01/27,CHI,35,Isaac Okoro,PT27M46.00S,7,5,1,0,0,0,2,0.6,0.666666666666666,0.5,1,2,2,3,0,0,10.0
100,2026/01/27,CHI,25,Jalen Smith,PT36M44.00S,13,0,7,1,0,1,3,0.714285714285714,1.0,0.6,3,5,2,2,0,2,5.0
101,2026/01/27,CHI,9,Nikola Vučević,PT36M03.30S,18,5,11,1,0,2,2,0.6,0.714285714285714,0.333333333333333,1,3,5,7,5,5,-3.0
102,2026/01/27,CHI,14,Matas Buzelis,PT22M19.00S,11,4,5,0,0,3,2,0.5,1.0,0.333333333333333,2,6,2,2,1,2,9.0
103,2026/01/27,CHI,0,Coby White,PT31M06.70S,23,6,5,1,0,4,4,0.615384615384615,1.0,0.5,5,10,3,3,2,2,7.0
104,2026/01/27,CHI,13,Kevin Huerter,PT15M32.00S,0,1,1,0,0,0,0,0.0,0.0,0.0,0,5,0,0,0,0,-22.0
105,2026/01/27,CHI,7,Dalen Terry,PT02M57.30S,0,0,0,0,0,0,2,0.0,0.0,0.0,0,1,0,0,0,0,-2.0
106,2026/01/27,CHI,44,Patrick Williams,PT11M50.00S,7,1,0,0,0,1,1,0.6,1.0,0.333333333333333,1,3,2,2,0,0,-22.0
107,2026/01/27,CHI,3,Josh Giddey,PT28M03.70S,19,7,6,0,0,3,0,0.428571428571429,0.5,0.375,3,8,3,6,4,4,-23.0
108,2026/01/27,CHI,11,Ayo Dosunmu,PT25M01.70S,20,2,3,2,0,1,4,0.5714285714285711,0.75,0.333333333333333,2,6,6,8,2,3,-14.0
109,2026/01/27,MEM,23,Cedric Coward,PT29M40.00S,8,2,7,1,1,2,3,0.230769230769231,0.272727272727273,0.0,0,2,3,11,2,3,-14.0
110,2026/01/27,MEM,8,Jaren Jackson Jr.,PT32M14.00S,17,1,7,1,2,1,3,0.470588235294118,0.583333333333333,0.2,1,5,7,12,0,0,-10.0
111,2026/01/27,MEM,7,Santi Aldama,PT27M25.00S,17,2,7,0,0,1,1,0.583333333333333,0.6,0.5,1,2,6,10,2,3,-5.0
112,2026/01/27,MEM,0,Jaylen Wells,PT26M10.00S,12,0,6,1,0,2,4,0.307692307692308,0.428571428571429,0.166666666666667,1,6,3,7,3,3,-9.0
113,2026/01/27,MEM,24,Cam Spencer,PT27M22.90S,5,13,5,1,1,3,1,0.2,0.5,0.0,0,3,1,2,3,3,-5.0
114,2026/01/27,MEM,3,Kentavious Caldwell-Pope,PT18M20.00S,11,1,3,0,0,0,0,0.555555555555556,0.8,0.25,1,4,4,5,0,0,5.0
115,2026/01/27,MEM,45,GG Jackson,PT27M19.70S,14,1,3,1,0,0,2,0.375,0.6,0.0,0,6,6,10,2,3,-4.0
116,2026/01/27,MEM,46,John Konchar,PT20M20.10S,0,1,3,2,0,0,3,0.0,0.0,0.0,0,1,0,0,0,0,0.0
117,2026/01/27,MEM,5,Vince Williams Jr.,PT20M35.00S,7,5,8,2,0,2,4,0.2,0.222222222222222,0.166666666666667,1,6,2,9,0,0,-4.0
118,2026/01/27,MEM,18,Olivier-Maxence Prosper,PT10M33.30S,8,0,3,0,1,2,0,0.5,0.0,1.0,2,2,0,2,2,2,1.0
119,2026/01/27,HOU,7,Kevin Durant,PT37M02.00S,33,2,8,0,1,2,1,0.458333333333333,0.466666666666667,0.444444444444444,4,9,7,15,7,9,1.0
120,2026/01/27,HOU,10,Jabari Smith Jr.,PT33M34.90S,8,2,8,2,0,0,2,0.333333333333333,0.0,0.333333333333333,2,6,0,0,2,2,6.0
121,2026/01/27,HOU,28,Alperen Sengun,PT33M41.80S,33,6,9,1,0,5,5,0.882352941176471,0.9375,0.0,0,1,15,16,3,4,12.0
122,2026/01/27,HOU,17,Tari Eason,PT26M38.20S,17,0,7,2,1,3,1,0.352941176470588,0.222222222222222,0.5,4,8,2,9,1,2,10.0
123,2026/01/27,HOU,1,Amen Thompson,PT41M36.00S,8,14,8,1,0,4,1,0.3,0.333333333333333,0.0,0,1,3,9,2,2,11.0
124,2026/01/27,HOU,15,Reed Sheppard,PT15M17.40S,4,0,4,0,1,2,1,0.18181818181818202,0.5,0.0,0,7,2,4,0,0,-2.0
125,2026/01/27,HOU,20,Josh Okogie,PT25M07.30S,2,2,7,1,0,0,1,0.333333333333333,1.0,0.0,0,2,1,1,0,1,7.0
126,2026/01/27,HOU,2,Dorian Finney-Smith,PT16M00.40S,3,2,2,2,0,0,0,0.25,0.0,0.333333333333333,1,3,0,1,0,0,9.0
127,2026/01/27,HOU,30,Clint Capela,PT06M37.00S,0,0,3,0,0,0,0,0.0,0.0,0.0,0,0,0,0,0,0,-7.0
128,2026/01/27,HOU,8,Jae'Sean Tate,PT04M25.00S,0,1,1,0,0,0,1,0.0,0.0,0.0,0,0,0,0,0,0,-2.0
129,2026/01/27,GSW,4,Moses Moody,PT26M16.00S,10,1,4,0,1,1,0,0.333333333333333,0.4,0.28571428571428603,2,7,2,5,0,0,-13.0
130,2026/01/27,GSW,15,Gui Santos,PT26M10.50S,11,2,10,1,1,4,1,0.384615384615385,0.5714285714285711,0.166666666666667,1,6,4,7,0,0,-5.0
131,2026/01/27,GSW,21,Quinten Post,PT27M34.00S,13,0,5,0,1,0,2,0.416666666666667,0.4,0.428571428571429,3,7,2,5,0,0,-13.0
132,2026/01/27,GSW,61,Pat Spencer,PT33M32.50S,10,6,5,1,0,4,1,0.36363636363636404,0.28571428571428603,0.5,2,4,2,7,0,0,-10.0
133,2026/01/27,GSW,2,Brandin Podziemski,PT27M45.00S,12,4,7,0,0,3,2,0.307692307692308,0.36363636363636404,0.0,0,2,4,11,4,5,-14.0
134,2026/01/27,GSW,3,Will Richard,PT28M10.00S,4,3,2,6,0,1,1,0.222222222222222,0.666666666666666,0.0,0,6,2,3,0,0,-11.0
135,2026/01/27,GSW,7,Buddy Hield,PT28M51.50S,5,3,2,1,1,1,3,0.2,0.166666666666667,0.25,1,4,1,6,0,2,-20.0
136,2026/01/27,GSW,0,Gary Payton II,PT11M52.50S,4,0,1,1,0,2,6,0.5,1.0,0.0,0,2,2,2,0,0,-20.0
137,2026/01/27,GSW,32,Trayce Jackson-Davis,PT20M26.00S,8,1,4,2,0,2,3,0.428571428571429,0.428571428571429,0.0,0,0,3,7,2,4,-12.0
138,2026/01/27,GSW,33,Malevy Leons,PT09M22.00S,6,1,5,1,0,0,0,0.5,0.666666666666666,0.0,0,1,2,3,2,2,-7.0
139,2026/01/27,MIN,3,Jaden McDaniels,PT30M24.00S,14,3,3,0,3,3,1,0.444444444444444,0.4,0.5,2,4,2,5,4,4,17.0
140,2026/01/27,MIN,30,Julius Randle,PT22M50.00S,18,2,7,1,0,6,2,0.466666666666667,0.666666666666666,0.166666666666667,1,6,6,9,3,3,13.0
141,2026/01/27,MIN,27,Rudy Gobert,PT34M59.00S,15,2,17,1,2,3,1,0.625,0.625,0.0,0,0,5,8,5,7,22.0
142,2026/01/27,MIN,0,Donte DiVincenzo,PT31M21.50S,15,8,4,1,3,4,1,0.5,0.0,0.555555555555556,5,9,0,1,0,0,12.0
143,2026/01/27,MIN,10,Mike Conley,PT20M35.10S,2,2,2,0,1,0,1,0.0,0.0,0.0,0,4,0,0,2,2,11.0
144,2026/01/27,MIN,11,Naz Reid,PT25M10.00S,15,3,7,3,1,3,3,0.5,0.6,0.428571428571429,3,7,3,5,0,0,30.0
145,2026/01/27,MIN,8,Bones Hyland,PT24M44.00S,17,5,7,2,0,1,4,0.666666666666666,0.6,0.75,3,4,3,5,2,4,19.0
146,2026/01/27,MIN,22,Jaylen Clark,PT24M43.40S,4,2,3,2,0,0,0,0.333333333333333,0.333333333333333,0.0,0,0,1,3,2,2,15.0
147,2026/01/27,MIN,19,Joan Beringer,PT09M31.00S,6,0,4,0,0,0,2,0.375,0.375,0.0,0,0,3,8,0,0,-2.0
148,2026/01/27,MIN,4,Rob Dillingham,PT05M14.00S,0,1,1,1,0,1,0,0.0,0.0,0.0,0,0,0,2,0,0,-4.0
149,2026/01/27,MIN,7,Joe Ingles,PT05M14.00S,0,1,0,1,0,0,0,0.0,0.0,0.0,0,0,0,0,0,0,-4.0
150,2026/01/27,MIN,9,Johnny Juzang,PT05M14.00S,2,0,1,0,0,1,0,0.0,0.0,0.0,0,1,0,0,2,4,-4.0
0,2026/01/28,POR,33,Toumani Camara,PT32M52.00S,16,4,9,0,1,1,5,0.545454545454545,0.4,0.666666666666666,4,6,2,5,0,2,2.0
1,2026/01/28,POR,8,Deni Avdija,PT30M44.00S,17,3,12,0,1,6,1,0.428571428571429,0.333333333333333,0.6,3,5,3,9,2,6,-9.0
2,2026/01/28,POR,23,Donovan Clingan,PT29M59.00S,14,2,20,1,1,2,3,0.352941176470588,0.428571428571429,0.0,0,3,6,14,2,2,-17.0
3,2026/01/28,POR,17,Shaedon Sharpe,PT34M57.00S,31,2,4,2,1,3,3,0.55,0.545454545454545,0.555555555555556,5,9,6,11,4,4,-10.0
4,2026/01/28,POR,5,Jrue Holiday,PT24M44.00S,5,5,7,1,0,3,1,0.14285714285714302,0.2,0.0,0,4,2,10,1,3,3.0
5,2026/01/28,POR,91,Sidy Cissoko,PT15M24.00S,0,0,0,1,0,0,1,0.0,0.0,0.0,0,2,0,1,0,0,5.0
6,2026/01/28,POR,2,Caleb Love,PT16M31.00S,6,1,2,0,0,1,0,0.25,0.28571428571428603,0.0,0,1,2,7,2,4,-5.0
7,2026/01/28,POR,9,Jerami Grant,PT23M42.00S,6,0,4,0,1,1,1,0.3,0.6,0.0,0,5,3,5,0,0,-1.0
8,2026/01/28,POR,16,Yang Hansen,PT11M55.00S,6,1,5,0,0,1,1,0.333333333333333,0.4,0.0,0,1,2,5,2,2,11.0
9,2026/01/28,POR,21,Rayan Rupert,PT19M12.00S,10,1,6,5,0,2,1,0.666666666666666,0.5,1.0,2,2,2,4,0,0,1.0
10,2026/01/28,WAS,18,Kyshawn George,PT36M36.00S,19,5,9,3,2,1,2,0.3125,0.166666666666667,0.4,4,10,1,6,5,6,19.0
11,2026/01/28,WAS,22,Khris Middleton,PT26M46.00S,19,5,6,3,1,1,2,0.5,0.5,0.5,1,2,6,12,4,4,15.0
12,2026/01/28,WAS,20,Alex Sarr,PT36M07.00S,29,3,12,2,6,2,1,0.37931034482758597,0.4,0.333333333333333,3,9,8,20,4,5,16.0
13,2026/01/28,WAS,0,Bilal Coulibaly,PT27M36.00S,5,6,5,2,2,0,0,0.5,0.0,1.0,1,1,0,1,2,2,19.0
14,2026/01/28,WAS,12,Tre Johnson,PT32M02.00S,18,2,4,0,1,0,2,0.538461538461538,0.5,0.6,3,5,4,8,1,1,4.0
15,2026/01/28,WAS,9,Justin Champagnie,PT18M05.00S,1,1,3,1,0,2,1,0.0,0.0,0.0,0,1,0,1,1,2,-9.0
16,2026/01/28,WAS,7,Bub Carrington,PT27M58.40S,11,1,1,2,0,3,2,0.36363636363636404,0.4,0.333333333333333,2,6,2,5,1,1,-6.0
17,2026/01/28,WAS,5,Jamir Watkins,PT11M59.60S,2,1,2,2,0,2,3,0.25,0.333333333333333,0.0,0,1,1,3,0,0,-16.0
18,2026/01/28,WAS,16,Anthony Gill,PT06M11.00S,2,1,2,1,0,1,2,0.5,0.5,0.0,0,0,1,2,0,0,-8.0
19,2026/01/28,WAS,27,Will Riley,PT10M57.00S,6,2,1,0,0,1,0,0.666666666666666,0.0,1.0,2,2,0,1,0,0,-10.0
20,2026/01/28,WAS,17,Skal Labissiere,PT03M34.00S,0,0,1,0,0,0,1,0.0,0.0,0.0,0,1,0,0,0,0,-8.0
21,2026/01/28,WAS,8,Malaki Branham,PT02M08.00S,3,0,0,0,0,0,1,1.0,0.0,1.0,1,1,0,0,0,0,4.0
22,2026/01/28,SAC,9,Precious Achiuwa,PT23M41.00S,6,0,5,2,0,2,1,0.428571428571429,0.6,0.0,0,2,3,5,0,0,-8.0
23,2026/01/28,SAC,10,DeMar DeRozan,PT38M55.70S,34,0,5,0,0,2,3,0.5,0.631578947368421,0.14285714285714302,1,7,12,19,7,8,-17.0
24,2026/01/28,SAC,11,Domantas Sabonis,PT32M46.00S,11,7,12,0,1,3,2,0.5,0.625,0.0,0,2,5,8,1,2,-17.0
25,2026/01/28,SAC,5,Nique Clifford,PT29M50.00S,7,1,3,3,0,1,0,0.375,0.4,0.333333333333333,1,3,2,5,0,0,-2.0
26,2026/01/28,SAC,18,Russell Westbrook,PT33M27.00S,14,5,4,1,0,6,4,0.31578947368421,0.4,0.222222222222222,2,9,4,10,0,0,-17.0
27,2026/01/28,SAC,23,Keon Ellis,PT22M13.00S,3,1,1,0,0,0,1,0.25,0.0,0.25,1,4,0,0,0,0,-2.0
28,2026/01/28,SAC,32,Dylan Cardwell,PT21M58.30S,4,0,10,0,2,0,3,0.666666666666666,0.666666666666666,0.0,0,0,2,3,0,0,-6.0
29,2026/01/28,SAC,17,Dennis Schröder,PT22M36.00S,4,4,1,2,0,1,1,0.125,0.2,0.0,0,3,1,5,2,2,-12.0
30,2026/01/28,SAC,42,Maxime Raynaud,PT14M33.00S,4,0,3,0,0,1,1,0.5,0.5,0.0,0,0,1,2,2,2,1.0
31,2026/01/28,NYK,8,OG Anunoby,PT32M28.00S,15,0,2,2,0,7,3,0.714285714285714,0.666666666666666,0.75,3,4,2,3,2,2,5.0
32,2026/01/28,NYK,3,Josh Hart,PT31M25.00S,7,4,9,3,0,4,2,0.333333333333333,0.5,0.0,0,2,2,4,3,3,-2.0
33,2026/01/28,NYK,32,Karl-Anthony Towns,PT27M03.00S,17,4,11,0,0,2,2,0.333333333333333,0.28571428571428603,0.375,3,8,2,7,4,4,-3.0
34,2026/01/28,NYK,25,Mikal Bridges,PT37M32.00S,18,5,3,0,0,1,1,0.615384615384615,0.6,0.666666666666666,2,3,6,10,0,0,14.0
35,2026/01/28,NYK,11,Jalen Brunson,PT34M39.00S,28,4,3,0,1,2,2,0.529411764705882,0.555555555555556,0.5,4,8,5,9,6,7,17.0
36,2026/01/28,NYK,23,Mitchell Robinson,PT26M59.00S,7,0,13,2,0,0,1,0.6,0.6,0.0,0,0,3,5,1,2,25.0
37,2026/01/28,NYK,28,Guerschon Yabusele,PT02M55.00S,0,0,0,0,0,0,0,0.0,0.0,0.0,0,1,0,0,0,0,3.0
38,2026/01/28,NYK,44,Landry Shamet,PT17M15.00S,2,3,1,2,0,1,2,0.333333333333333,0.333333333333333,0.0,0,0,1,3,0,0,1.0
39,2026/01/28,NYK,2,Miles McBride,PT29M44.00S,9,4,2,2,0,1,3,0.36363636363636404,0.6,0.166666666666667,1,6,3,5,0,0,20.0
40,2026/01/28,MIL,18,Kyle Kuzma,PT31M48.00S,17,8,8,2,0,2,1,0.5,0.5,0.5,2,4,4,8,3,4,-5.0
41,2026/01/28,MIL,9,Bobby Portis,PT35M34.30S,17,8,12,1,0,2,2,0.5,0.615384615384615,0.0,0,3,8,13,1,3,-4.0
42,2026/01/28,MIL,3,Myles Turner,PT35M27.00S,31,3,4,1,2,2,3,0.625,0.75,0.5,4,8,6,8,7,8,-6.0
43,2026/01/28,MIL,20,AJ Green,PT29M16.00S,8,3,2,0,0,0,0,0.5,0.5,0.5,2,4,1,2,0,0,-1.0
44,2026/01/28,MIL,13,Ryan Rollins,PT38M44.60S,24,4,8,0,2,0,0,0.529411764705882,0.538461538461538,0.5,2,4,7,13,4,5,-4.0
45,2026/01/28,MIL,11,Gary Harris,PT13M50.00S,0,2,1,0,0,1,0,0.0,0.0,0.0,0,0,0,0,0,0,-9.0
46,2026/01/28,MIL,5,Gary Trent Jr.,PT20M49.00S,13,0,0,0,0,0,2,0.444444444444444,0.0,0.444444444444444,4,9,0,0,1,3,-16.0
47,2026/01/28,MIL,50,Cole Anthony,PT14M13.40S,10,1,1,0,0,2,2,0.375,0.333333333333333,0.5,1,2,2,6,3,4,-17.0
48,2026/01/28,MIL,00,Jericho Sims,PT10M45.70S,0,0,1,0,0,2,2,0.0,0.0,0.0,0,0,0,0,0,0,-11.0
49,2026/01/28,MIL,17,Amir Coffey,PT02M23.00S,0,0,0,0,0,0,0,0.0,0.0,0.0,0,0,0,0,0,0,-3.0
50,2026/01/28,MIL,35,Pete Nance,PT02M23.00S,2,0,0,0,0,0,0,0.5,0.5,0.0,0,0,1,2,0,0,-3.0
51,2026/01/28,MIL,43,Thanasis Antetokounmpo,PT02M23.00S,0,0,1,0,0,0,0,0.0,0.0,0.0,0,0,0,0,0,0,-3.0
52,2026/01/28,MIL,44,Andre Jackson Jr.,PT02M23.00S,0,0,0,0,0,0,0,0.0,0.0,0.0,0,0,0,0,0,0,-3.0
53,2026/01/28,PHI,9,Kelly Oubre Jr.,PT22M34.00S,7,0,4,1,1,0,3,0.5,0.75,0.0,0,2,3,4,1,2,1.0
54,2026/01/28,PHI,8,Paul George,PT32M58.00S,32,5,5,2,0,1,3,0.5238095238095241,0.333333333333333,0.6,9,15,2,6,1,2,13.0
55,2026/01/28,PHI,21,Joel Embiid,PT29M07.60S,29,5,9,1,0,2,2,0.458333333333333,0.5,0.25,1,4,10,20,6,6,6.0
56,2026/01/28,PHI,77,VJ Edgecombe,PT31M20.00S,12,7,8,1,2,1,3,0.5714285714285711,0.25,1.0,3,3,1,4,1,2,4.0
57,2026/01/28,PHI,0,Tyrese Maxey,PT36M03.00S,22,9,3,0,0,1,2,0.473684210526316,0.636363636363636,0.25,2,8,7,11,2,2,5.0
58,2026/01/28,PHI,20,Jared McCain,PT24M10.00S,17,3,1,0,0,0,2,0.75,0.5,0.833333333333334,5,6,1,2,0,0,13.0
59,2026/01/28,PHI,11,Justin Edwards,PT24M16.00S,8,1,3,1,0,1,2,0.6,1.0,0.5,2,4,1,1,0,0,14.0
60,2026/01/28,PHI,12,Trendon Watford,PT06M10.00S,2,3,1,1,0,0,1,0.5,0.5,0.0,0,0,1,2,0,0,8.0
61,2026/01/28,PHI,30,Adem Bona,PT17M24.40S,6,0,8,0,2,0,3,0.5,0.5,0.0,0,0,3,6,0,1,10.0
62,2026/01/28,PHI,25,Dominick Barlow,PT12M14.00S,4,2,4,0,0,0,1,0.666666666666666,0.666666666666666,0.0,0,0,2,3,0,0,7.0
63,2026/01/28,PHI,33,Jabari Walker,PT02M15.00S,0,0,0,0,0,0,0,0.0,0.0,0.0,0,0,0,0,0,0,3.0
64,2026/01/28,PHI,22,Johni Broome,PT01M28.00S,0,0,0,0,0,0,0,0.0,0.0,0.0,0,0,0,0,0,0,1.0
65,2026/01/28,NOP,41,Saddiq Bey,PT33M14.40S,16,5,13,2,0,1,1,0.25,0.1,0.5,3,6,1,10,5,5,2.0
66,2026/01/28,NOP,1,Zion Williamson,PT33M38.00S,21,2,11,0,1,3,4,0.7272727272727271,0.7272727272727271,0.0,0,0,8,11,5,5,4.0
67,2026/01/28,NOP,22,Derik Queen,PT26M12.00S,9,1,7,2,1,0,2,0.36363636363636404,0.36363636363636404,0.0,0,0,4,11,1,1,0.0
68,2026/01/28,NOP,25,Trey Murphy III,PT39M07.00S,10,5,5,3,1,0,2,0.15,0.222222222222222,0.0909090909090909,1,11,2,9,3,5,-4.0
69,2026/01/28,NOP,2,Herbert Jones,PT26M32.00S,9,5,5,2,2,0,4,0.25,0.666666666666666,0.111111111111111,1,9,2,3,2,2,0.0
70,2026/01/28,NOP,17,Karlo Matković,PT10M03.10S,6,0,2,1,1,0,0,0.5,0.0,1.0,2,2,0,2,0,0,-14.0
71,2026/01/28,NOP,0,Jeremiah Fears,PT18M00.50S,7,1,2,3,1,0,3,0.333333333333333,0.333333333333333,0.333333333333333,1,3,2,6,0,0,-2.0
72,2026/01/28,NOP,15,Jose Alvarado,PT20M01.00S,8,4,3,0,0,2,1,0.428571428571429,1.0,0.333333333333333,2,6,1,1,0,0,-10.0
73,2026/01/28,NOP,21,Yves Missi,PT21M13.50S,9,2,6,0,4,2,2,1.0,1.0,0.0,0,0,4,4,1,4,-9.0
74,2026/01/28,NOP,14,Micah Peavy,PT11M58.50S,0,0,0,0,0,0,2,0.0,0.0,0.0,0,3,0,2,0,0,-12.0
75,2026/01/28,OKC,21,Aaron Wiggins,PT34M07.00S,13,1,5,3,0,5,0,0.36363636363636404,0.4,0.333333333333333,2,6,2,5,3,4,6.0
76,2026/01/28,OKC,6,Jaylin Williams,PT26M48.80S,4,5,10,0,4,3,3,0.125,0.2,0.0,0,3,1,5,2,2,2.0
77,2026/01/28,OKC,7,Chet Holmgren,PT32M59.00S,20,3,14,0,5,1,1,0.5714285714285711,0.636363636363636,0.333333333333333,1,3,7,11,3,3,4.0
78,2026/01/28,OKC,5,Luguentz Dort,PT34M07.00S,12,3,8,1,0,1,2,0.333333333333333,0.0,0.444444444444444,4,9,0,3,0,0,8.0
79,2026/01/28,OKC,2,Shai Gilgeous-Alexander,PT35M49.70S,29,4,6,0,0,3,3,0.36363636363636404,0.42105263157894696,0.0,0,3,8,19,13,14,14.0
80,2026/01/28,OKC,11,Isaiah Joe,PT24M25.00S,17,3,3,0,0,1,2,0.545454545454545,1.0,0.5,5,10,1,1,0,0,9.0
81,2026/01/28,OKC,13,Ousmane Dieng,PT19M06.00S,4,2,4,0,0,0,2,0.4,0.666666666666666,0.0,0,2,2,3,0,0,-11.0
82,2026/01/28,OKC,23,Brooks Barnhizer,PT04M59.00S,0,0,1,0,0,0,0,0.0,0.0,0.0,0,0,0,0,0,0,5.0
83,2026/01/28,OKC,34,Kenrich Williams,PT21M20.50S,3,4,2,0,0,2,2,0.5,0.0,1.0,1,1,0,1,0,0,6.0
84,2026/01/28,OKC,15,Branden Carlson,PT06M18.00S,2,0,0,0,0,0,0,0.5,1.0,0.0,0,1,1,1,0,0,2.0
85,2026/01/28,DET,9,Ausar Thompson,PT19M40.00S,14,1,4,5,1,1,5,0.714285714285714,0.714285714285714,0.0,0,0,5,7,4,4,14.0
86,2026/01/28,DET,12,Tobias Harris,PT31M19.00S,22,3,8,2,0,0,1,0.666666666666666,0.769230769230769,0.0,0,2,10,13,2,2,6.0
87,2026/01/28,DET,0,Jalen Duren,PT29M55.70S,14,0,8,1,0,0,3,0.6,0.6,0.0,0,0,6,10,2,4,5.0
88,2026/01/28,DET,55,Duncan Robinson,PT23M08.00S,2,3,3,0,0,0,1,0.111111111111111,1.0,0.0,0,8,1,1,0,0,4.0
89,2026/01/28,DET,2,Cade Cunningham,PT36M26.60S,22,11,3,0,1,0,1,0.529411764705882,0.615384615384615,0.25,1,4,8,13,3,4,1.0
90,2026/01/28,DET,23,Jaden Ivey,PT17M45.00S,8,2,3,0,1,1,1,0.375,0.5,0.333333333333333,2,6,1,2,0,0,3.0
91,2026/01/28,DET,28,Isaiah Stewart,PT20M26.10S,7,0,2,0,0,0,1,0.428571428571429,0.6,0.0,0,2,3,5,1,1,-7.0
92,2026/01/28,DET,5,Ronald Holland II,PT22M59.40S,10,0,3,2,0,3,4,0.5714285714285711,0.666666666666666,0.5,2,4,2,3,0,0,-8.0
93,2026/01/28,DET,24,Daniss Jenkins,PT18M52.00S,0,3,1,0,0,0,1,0.0,0.0,0.0,0,2,0,6,0,0,-5.0
94,2026/01/28,DET,31,Javonte Green,PT19M28.20S,10,1,6,0,0,1,3,0.5,0.666666666666666,0.333333333333333,1,3,2,3,3,3,-3.0
95,2026/01/28,DEN,21,Spencer Jones,PT32M43.00S,12,1,3,2,1,1,2,0.8,0.0,0.8,4,5,0,0,0,0,-4.0
96,2026/01/28,DEN,8,Peyton Watson,PT36M57.00S,13,3,3,0,3,3,3,0.3,0.357142857142857,0.166666666666667,1,6,5,14,0,0,-12.0
97,2026/01/28,DEN,17,Jonas Valančiūnas,PT30M53.00S,16,1,16,0,1,4,2,0.6,0.555555555555556,1.0,1,1,5,9,3,4,0.0
98,2026/01/28,DEN,24,Jalen Pickett,PT16M26.00S,4,1,3,1,0,1,2,0.666666666666666,0.666666666666666,0.0,0,0,2,3,0,0,-5.0
99,2026/01/28,DEN,27,Jamal Murray,PT38M40.00S,24,10,5,0,1,2,2,0.388888888888889,0.583333333333333,0.0,0,6,7,12,10,15,8.0
100,2026/01/28,DEN,10,Tim Hardaway Jr.,PT31M48.80S,14,3,4,0,0,0,1,0.384615384615385,0.25,0.444444444444444,4,9,1,4,0,0,3.0
101,2026/01/28,DEN,22,Zeke Nnaji,PT17M09.20S,4,1,6,0,1,3,1,0.666666666666666,0.666666666666666,0.0,0,0,2,3,0,0,-4.0
102,2026/01/28,DEN,3,Julian Strawther,PT12M10.00S,4,0,2,0,0,0,0,0.5,0.5,0.0,0,0,1,2,2,2,-3.0
103,2026/01/28,DEN,11,Bruce Brown,PT23M13.00S,16,2,7,1,2,1,3,0.7,0.875,0.0,0,2,7,8,2,2,7.0
104,2026/01/28,BKN,14,Terance Mann,PT29M55.30S,7,2,3,0,0,3,4,0.6,1.0,0.0,0,2,3,3,1,1,-14.0
105,2026/01/28,BKN,17,Michael Porter Jr.,PT36M58.70S,36,3,5,3,0,3,3,0.625,0.642857142857143,0.6,6,10,9,14,0,1,0.0
106,2026/01/28,BKN,33,Nic Claxton,PT28M41.00S,8,8,5,0,2,2,3,0.333333333333333,0.333333333333333,0.0,0,0,2,6,4,6,-9.0
107,2026/01/28,BKN,4,Drake Powell,PT08M28.00S,0,0,0,0,0,1,0,0.0,0.0,0.0,0,0,0,0,0,0,-9.0
108,2026/01/28,BKN,8,Egor Dëmin,PT31M09.50S,15,3,5,0,0,3,3,0.555555555555556,1.0,0.428571428571429,3,7,2,2,2,2,-2.0
109,2026/01/28,BKN,24,Cam Thomas,PT24M56.00S,11,3,3,0,0,2,0,0.4,0.5,0.0,0,2,4,8,3,5,0.0
110,2026/01/28,BKN,1,Ziaire Williams,PT27M41.00S,11,5,1,1,0,1,3,0.333333333333333,0.0,0.428571428571429,3,7,0,2,2,2,15.0
111,2026/01/28,BKN,20,Day'Ron Sharpe,PT19M19.00S,7,2,7,3,0,0,1,0.6,0.6,0.0,0,0,3,5,1,2,5.0
112,2026/01/28,BKN,2,Danny Wolf,PT14M10.50S,4,0,5,0,0,2,3,0.333333333333333,0.666666666666666,0.0,0,3,2,3,0,0,-3.0
113,2026/01/28,BKN,77,Ben Saraf,PT18M41.00S,3,2,1,2,0,3,1,1.0,0.0,1.0,1,1,0,0,0,0,-3.0
114,2026/01/28,PHX,3,Dillon Brooks,PT34M08.30S,26,3,3,1,1,3,2,0.6,0.7,0.4,2,5,7,10,6,6,4.0
115,2026/01/28,PHX,00,Royce O'Neale,PT34M25.00S,7,4,2,2,1,1,4,0.222222222222222,0.5,0.0,0,5,2,4,3,3,1.0
116,2026/01/28,PHX,15,Mark Williams,PT30M04.60S,27,1,6,1,1,0,2,0.8125,0.8125,0.0,0,0,13,16,1,1,7.0
117,2026/01/28,PHX,8,Grayson Allen,PT34M08.30S,18,6,3,1,0,2,1,0.636363636363636,0.714285714285714,0.5,2,4,5,7,2,3,4.0
118,2026/01/28,PHX,23,Jordan Goodwin,PT28M59.50S,4,3,9,1,0,3,3,0.333333333333333,0.5,0.0,0,2,2,4,0,0,-7.0
119,2026/01/28,PHX,0,Ryan Dunn,PT21M26.70S,9,2,2,4,0,0,1,0.666666666666666,0.75,0.5,1,2,3,4,0,0,-7.0
120,2026/01/28,PHX,17,Jamaree Bouyea,PT24M29.50S,10,1,3,1,1,2,2,0.45454545454545503,0.555555555555556,0.0,0,2,5,9,0,0,9.0
121,2026/01/28,PHX,11,Oso Ighodaro,PT17M30.10S,3,1,2,1,0,4,2,1.0,1.0,0.0,0,0,1,1,1,3,-6.0
122,2026/01/28,PHX,21,Nigel Hayes-Davis,PT07M16.00S,1,0,1,0,1,0,1,0.0,0.0,0.0,0,0,0,1,1,2,9.0
123,2026/01/28,PHX,20,Rasheer Fleming,PT07M32.00S,1,1,1,0,0,0,0,0.0,0.0,0.0,0,0,0,1,1,2,6.0
124,2026/01/28,LAC,2,Kawhi Leonard,PT27M39.00S,21,4,7,0,1,2,1,0.5,0.545454545454545,0.428571428571429,3,7,6,11,0,0,24.0
125,2026/01/28,LAC,20,John Collins,PT22M59.00S,11,1,2,0,0,2,5,0.444444444444444,0.5,0.4,2,5,2,4,1,2,10.0
126,2026/01/28,LAC,40,Ivica Zubac,PT22M14.00S,9,3,7,0,0,3,1,0.666666666666666,0.666666666666666,0.0,0,0,4,6,1,2,7.0
127,2026/01/28,LAC,8,Kris Dunn,PT30M38.00S,14,2,2,5,0,1,1,0.6,0.666666666666666,0.5,2,4,4,6,0,0,15.0
128,2026/01/28,LAC,1,James Harden,PT30M44.00S,16,10,3,4,0,2,1,0.357142857142857,0.333333333333333,0.375,3,8,2,6,3,4,5.0
129,2026/01/28,LAC,33,Nicolas Batum,PT21M21.00S,8,0,2,0,0,0,2,0.6,1.0,0.5,2,4,1,1,0,0,0.0
130,2026/01/28,LAC,4,Kobe Sanders,PT21M47.00S,8,3,5,0,0,1,5,0.428571428571429,1.0,0.333333333333333,2,6,1,1,0,0,4.0
131,2026/01/28,LAC,22,Jordan Miller,PT25M26.00S,11,3,4,1,1,0,1,0.28571428571428603,0.4,0.0,0,2,2,5,7,10,6.0
132,2026/01/28,LAC,11,Brook Lopez,PT20M03.00S,14,0,5,0,1,0,0,0.5714285714285711,1.0,0.5,3,6,1,1,3,3,13.0
133,2026/01/28,LAC,12,Cam Christie,PT05M43.00S,0,1,1,0,0,0,0,0.0,0.0,0.0,0,1,0,1,0,0,-8.0
134,2026/01/28,LAC,14,Yanic Konan Niederhäuser,PT05M43.00S,0,0,0,0,0,0,2,0.0,0.0,0.0,0,1,0,0,0,0,-8.0
135,2026/01/28,LAC,24,Kobe Brown,PT05M43.00S,3,0,1,0,0,0,0,0.5,0.0,0.5,1,2,0,0,0,0,-8.0
136,2026/01/28,UTA,5,Cody Williams,PT25M10.00S,11,0,2,2,0,2,2,0.5714285714285711,0.6,0.5,1,2,3,5,2,2,-17.0
137,2026/01/28,UTA,23,Lauri Markkanen,PT29M03.00S,19,4,5,0,2,2,1,0.333333333333333,0.222222222222222,0.5,3,6,2,9,6,7,-12.0
138,2026/01/28,UTA,42,Kevin Love,PT24M14.00S,3,1,11,1,0,1,2,0.2,0.0,0.25,1,4,0,1,0,0,-20.0
139,2026/01/28,UTA,19,Ace Bailey,PT28M38.00S,20,0,1,0,0,1,1,0.5,0.5714285714285711,0.444444444444444,4,9,4,7,0,0,-12.0
140,2026/01/28,UTA,8,Isaiah Collier,PT29M18.00S,12,9,4,0,0,1,3,0.444444444444444,0.5714285714285711,0.0,0,2,4,7,4,4,1.0
141,2026/01/28,UTA,2,Kyle Anderson,PT24M50.00S,12,5,3,1,0,0,1,0.666666666666666,0.6,1.0,1,1,3,5,3,3,7.0
142,2026/01/28,UTA,22,Kyle Filipowski,PT23M46.00S,8,2,10,1,0,3,4,0.75,1.0,0.0,0,1,3,3,2,4,8.0
143,2026/01/28,UTA,28,Brice Sensabaugh,PT24M46.00S,13,3,1,1,0,0,1,0.545454545454545,0.625,0.333333333333333,1,3,5,8,0,1,13.0
144,2026/01/28,UTA,13,Walter Clayton Jr.,PT18M42.00S,5,2,2,0,1,2,2,0.4,0.333333333333333,0.5,1,2,1,3,0,0,-13.0
145,2026/01/28,UTA,0,Taylor Hendricks,PT11M33.00S,0,2,1,0,0,3,0,0.0,0.0,0.0,0,3,0,1,0,0,-15.0
0,2026/01/29,LAL,23,LeBron James,PT27M08.00S,11,5,3,1,0,6,3,0.3,0.428571428571429,0.0,0,3,3,7,5,6,-23.0
1,2026/01/29,LAL,12,Jake LaRavia,PT26M36.00S,6,3,0,2,1,2,3,0.25,0.666666666666666,0.0,0,5,2,3,2,2,-9.0
2,2026/01/29,LAL,5,Deandre Ayton,PT19M26.00S,10,2,4,0,1,1,3,1.0,1.0,0.0,0,0,4,4,2,2,-20.0
3,2026/01/29,LAL,36,Marcus Smart,PT23M48.00S,2,0,3,1,0,1,2,0.25,0.333333333333333,0.0,0,1,1,3,0,0,-18.0
4,2026/01/29,LAL,77,Luka Dončić,PT29M46.00S,29,6,5,0,0,2,1,0.6,0.75,0.375,3,8,9,12,2,6,-23.0
5,2026/01/29,LAL,28,Rui Hachimura,PT17M36.00S,0,0,2,0,1,1,0,0.0,0.0,0.0,0,2,0,5,0,0,-17.0
6,2026/01/29,LAL,7,Gabe Vincent,PT24M31.00S,11,1,3,0,0,2,1,0.666666666666666,1.0,0.6,3,5,1,1,0,0,-12.0
7,2026/01/29,LAL,11,Jaxson Hayes,PT18M11.00S,7,1,5,0,0,0,2,0.75,0.75,0.0,0,0,3,4,1,2,-6.0
8,2026/01/29,LAL,2,Jarred Vanderbilt,PT15M49.00S,4,2,6,1,0,0,1,0.28571428571428603,0.4,0.0,0,2,2,5,0,0,-11.0
9,2026/01/29,LAL,17,Drew Timme,PT12M00.00S,6,0,2,0,0,1,0,0.6,1.0,0.0,0,2,3,3,0,0,-8.0
10,2026/01/29,LAL,4,Dalton Knecht,PT08M23.00S,5,0,1,0,0,0,0,0.666666666666666,1.0,0.5,1,2,1,1,0,0,-1.0
11,2026/01/29,LAL,9,Bronny James,PT08M23.00S,8,1,2,1,0,0,0,1.0,1.0,1.0,2,2,1,1,0,0,-1.0
12,2026/01/29,LAL,14,Maxi Kleber,PT08M23.00S,0,0,0,1,0,0,0,0.0,0.0,0.0,0,0,0,0,0,0,-1.0
13,2026/01/29,CLE,20,Jaylon Tyson,PT29M23.00S,20,6,6,1,0,1,2,0.533333333333333,0.625,0.428571428571429,3,7,5,8,1,1,29.0
14,2026/01/29,CLE,32,Dean Wade,PT17M56.00S,11,2,5,1,0,0,1,0.8,1.0,0.666666666666666,2,3,2,2,1,2,17.0
15,2026/01/29,CLE,31,Jarrett Allen,PT24M04.00S,17,2,9,1,0,2,1,0.7272727272727271,0.7272727272727271,0.0,0,0,8,11,1,2,24.0
16,2026/01/29,CLE,5,Sam Merrill,PT23M55.00S,4,4,1,0,1,1,0,0.25,0.0,0.333333333333333,1,3,0,1,1,2,31.0
17,2026/01/29,CLE,45,Donovan Mitchell,PT28M40.00S,25,5,5,1,0,0,4,0.428571428571429,0.5,0.333333333333333,3,9,6,12,4,4,11.0
18,2026/01/29,CLE,9,Craig Porter Jr.,PT15M18.00S,7,3,1,2,0,0,1,0.6,1.0,0.333333333333333,1,3,2,2,0,0,16.0
19,2026/01/29,CLE,12,De'Andre Hunter,PT21M01.00S,19,1,3,1,0,0,0,0.466666666666667,0.5714285714285711,0.375,3,8,4,7,2,2,7.0
20,2026/01/29,CLE,22,Larry Nance Jr.,PT12M02.00S,0,0,3,1,0,1,1,0.0,0.0,0.0,0,2,0,1,0,0,-14.0
21,2026/01/29,CLE,35,Nae'Qwan Tomlin,PT28M32.00S,8,3,4,2,1,1,2,0.666666666666666,1.0,0.0,0,2,4,4,0,0,8.0
22,2026/01/29,CLE,24,Tyrese Proctor,PT10M40.00S,8,3,0,1,0,0,2,0.6,0.333333333333333,1.0,2,2,1,3,0,0,-5.0
23,2026/01/29,CLE,3,Thomas Bryant,PT16M29.00S,10,1,4,1,0,0,0,0.5714285714285711,1.0,0.4,2,5,2,2,0,0,18.0
24,2026/01/29,CLE,2,Lonzo Ball,PT12M00.00S,0,2,5,0,0,2,1,0.0,0.0,0.0,0,0,0,0,0,0,8.0
25,2026/01/29,CHI,35,Isaac Okoro,PT22M50.00S,5,0,2,0,0,0,3,0.333333333333333,0.333333333333333,0.333333333333333,1,3,1,3,0,0,7.0
26,2026/01/29,CHI,14,Matas Buzelis,PT31M31.00S,20,0,8,0,1,1,1,0.636363636363636,0.6,0.666666666666666,4,6,3,5,2,2,-8.0
27,2026/01/29,CHI,9,Nikola Vučević,PT29M30.00S,25,4,9,1,2,3,3,0.5882352941176471,0.538461538461538,0.75,3,4,7,13,2,2,-11.0
28,2026/01/29,CHI,0,Coby White,PT31M34.00S,14,4,2,0,0,0,3,0.333333333333333,0.4,0.2,1,5,4,10,3,4,-9.0
29,2026/01/29,CHI,3,Josh Giddey,PT28M34.90S,10,7,4,1,0,3,2,0.375,0.6,0.0,0,3,3,5,4,4,-1.0
30,2026/01/29,CHI,25,Jalen Smith,PT27M40.10S,13,3,11,1,0,2,3,0.555555555555556,0.4,0.75,3,4,2,5,0,1,-3.0
31,2026/01/29,CHI,11,Ayo Dosunmu,PT28M30.00S,19,4,4,0,0,1,2,0.533333333333333,0.666666666666666,0.0,0,3,8,12,3,4,3.0
32,2026/01/29,CHI,13,Kevin Huerter,PT17M24.00S,4,4,4,0,0,0,2,0.4,0.4,0.0,0,0,2,5,0,1,2.0
33,2026/01/29,CHI,7,Dalen Terry,PT03M26.00S,0,0,0,0,0,0,0,0.0,0.0,0.0,0,0,0,0,0,0,1.0
34,2026/01/29,CHI,44,Patrick Williams,PT17M07.00S,0,1,3,0,0,1,3,0.0,0.0,0.0,0,2,0,0,0,0,2.0
35,2026/01/29,CHI,15,Julian Phillips,PT01M53.00S,0,0,0,0,0,0,0,0.0,0.0,0.0,0,0,0,0,0,0,2.0
36,2026/01/29,IND,12,Johnny Furphy,PT21M51.00S,2,2,7,1,1,0,1,0.0,0.0,0.0,0,1,0,3,2,2,2.0
37,2026/01/29,IND,5,Jarace Walker,PT21M31.90S,16,0,0,0,0,0,0,0.75,0.8,0.666666666666666,2,3,4,5,2,2,-14.0
38,2026/01/29,IND,43,Pascal Siakam,PT36M08.00S,20,5,3,0,0,2,3,0.375,0.45454545454545503,0.2,1,5,5,11,7,8,12.0
39,2026/01/29,IND,23,Aaron Nesmith,PT33M58.00S,14,4,4,1,1,0,2,0.555555555555556,0.5,0.6,3,5,2,4,1,1,13.0
40,2026/01/29,IND,2,Andrew Nembhard,PT33M42.00S,18,9,6,1,0,1,2,0.428571428571429,0.5714285714285711,0.28571428571428603,2,7,4,7,4,4,10.0
41,2026/01/29,IND,00,Bennedict Mathurin,PT28M21.00S,15,1,8,0,0,2,4,0.4,0.2,0.6,3,5,1,5,4,4,-7.0
42,2026/01/29,IND,32,Jay Huff,PT23M27.10S,10,1,7,3,1,1,0,0.4,0.6,0.2,1,5,3,5,1,2,11.0
43,2026/01/29,IND,9,T.J. McConnell,PT15M48.00S,8,6,4,1,0,0,2,0.5714285714285711,0.5714285714285711,0.0,0,0,4,7,0,0,-7.0
44,2026/01/29,IND,22,Isaiah Jackson,PT02M32.80S,0,0,0,0,0,0,2,0.0,0.0,0.0,0,0,0,0,0,0,-3.0
45,2026/01/29,IND,26,Ben Sheppard,PT05M45.00S,3,1,1,0,0,0,1,0.5,0.0,1.0,1,1,0,1,0,0,1.0
46,2026/01/29,IND,11,Micah Potter,PT16M55.20S,7,1,3,0,0,0,1,0.4,0.0,0.5,2,4,0,1,1,2,-3.0
47,2026/01/29,ATL,24,Corey Kispert,PT20M11.00S,13,1,2,0,0,0,0,0.555555555555556,0.5,0.6,3,5,2,4,0,0,10.0
48,2026/01/29,ATL,1,Jalen Johnson,PT32M44.20S,19,7,14,0,0,3,5,0.375,0.272727272727273,0.6,3,5,3,11,4,6,23.0
49,2026/01/29,ATL,17,Onyeka Okongwu,PT28M44.00S,17,3,6,2,1,2,2,0.5,0.666666666666666,0.333333333333333,2,6,4,6,3,4,1.0
50,2026/01/29,ATL,5,Dyson Daniels,PT35M23.00S,15,9,6,5,1,1,2,0.636363636363636,0.6,1.0,1,1,6,10,0,0,9.0
51,2026/01/29,ATL,7,Nickeil Alexander-Walker,PT30M54.00S,21,3,1,3,0,2,2,0.466666666666667,0.666666666666666,0.416666666666667,5,12,2,3,2,2,15.0
52,2026/01/29,ATL,3,CJ McCollum,PT29M24.00S,13,3,3,1,0,1,2,0.428571428571429,0.555555555555556,0.2,1,5,5,9,0,0,12.0
53,2026/01/29,ATL,35,Christian Koloko,PT12M33.00S,0,1,2,0,0,0,3,0.0,0.0,0.0,0,0,0,1,0,0,14.0
54,2026/01/29,ATL,4,Luke Kennard,PT23M59.00S,9,0,0,0,0,0,1,0.5714285714285711,0.75,0.333333333333333,1,3,3,4,0,1,-6.0
55,2026/01/29,ATL,18,Mouhamed Gueye,PT18M33.80S,5,2,4,0,0,0,2,0.666666666666666,1.0,0.5,1,2,1,1,0,0,-8.0
56,2026/01/29,ATL,27,Vít Krejčí,PT06M11.00S,5,0,0,0,0,0,0,0.666666666666666,1.0,0.5,1,2,1,1,0,0,-10.0
57,2026/01/29,ATL,2,Keaton Wallace,PT01M23.00S,0,0,0,0,0,0,0,0.0,0.0,0.0,0,1,0,1,0,0,-5.0
58,2026/01/29,BOS,7,Jaylen Brown,PT29M12.00S,21,3,7,0,1,3,2,0.45,0.6,0.0,0,5,9,15,3,4,-24.0
59,2026/01/29,BOS,30,Sam Hauser,PT25M26.00S,12,1,7,0,1,0,1,0.555555555555556,1.0,0.333333333333333,2,6,3,3,0,0,-12.0
60,2026/01/29,BOS,77,Amari Williams,PT15M11.00S,2,2,6,0,1,2,1,0.333333333333333,0.333333333333333,0.0,0,0,1,3,0,0,-11.0
61,2026/01/29,BOS,11,Payton Pritchard,PT27M54.00S,12,0,4,0,0,0,1,0.45454545454545503,0.625,0.0,0,3,5,8,2,2,-30.0
62,2026/01/29,BOS,9,Derrick White,PT30M53.00S,11,3,4,1,1,2,0,0.384615384615385,0.5,0.2,1,5,4,8,0,0,0.0
63,2026/01/29,BOS,52,Luka Garza,PT23M52.00S,11,6,6,0,0,4,1,0.5,0.625,0.0,0,2,5,8,1,1,3.0
64,2026/01/29,BOS,4,Anfernee Simons,PT18M45.00S,12,1,1,1,0,2,1,0.714285714285714,1.0,0.5,2,4,3,3,0,0,-4.0
65,2026/01/29,BOS,28,Hugo González,PT26M37.00S,10,0,5,0,1,1,2,0.75,0.0,0.75,3,4,0,0,1,2,-3.0
66,2026/01/29,BOS,55,Baylor Scheierman,PT16M37.00S,6,4,3,0,0,0,0,0.2,0.5,0.0,0,3,1,2,4,5,11.0
67,2026/01/29,BOS,27,Jordan Walsh,PT20M54.00S,4,1,7,1,1,1,4,0.25,0.25,0.0,0,0,1,4,2,2,7.0
68,2026/01/29,BOS,8,Josh Minott,PT04M39.00S,5,0,1,0,0,1,0,0.666666666666666,1.0,0.5,1,2,1,1,0,0,8.0
69,2026/01/29,ORL,3,Desmond Bane,PT36M35.00S,23,5,1,2,0,1,2,0.625,0.7,0.5,3,6,7,10,0,0,-5.0
70,2026/01/29,ORL,5,Paolo Banchero,PT38M28.00S,31,4,12,1,1,1,1,0.478260869565217,0.5,0.333333333333333,1,3,10,20,8,10,27.0
71,2026/01/29,ORL,34,Wendell Carter Jr.,PT27M02.00S,10,1,5,0,0,1,5,0.5,0.666666666666666,0.4,2,5,2,3,0,0,6.0
72,2026/01/29,ORL,0,Anthony Black,PT37M24.00S,26,5,7,4,2,0,3,0.578947368421053,0.583333333333333,0.5714285714285711,4,7,7,12,0,1,19.0
73,2026/01/29,ORL,4,Jalen Suggs,PT29M10.30S,16,4,5,0,1,2,2,0.4,0.625,0.14285714285714302,1,7,5,8,3,4,-3.0
74,2026/01/29,ORL,2,Tyus Jones,PT19M25.00S,5,9,1,0,0,1,1,0.666666666666666,0.5,1.0,1,1,1,2,0,0,9.0
75,2026/01/29,ORL,1,Jonathan Isaac,PT16M46.70S,4,3,5,2,2,0,0,0.333333333333333,0.5,0.0,0,1,1,2,2,2,4.0
76,2026/01/29,ORL,23,Tristan da Silva,PT20M52.00S,12,4,2,3,0,1,1,0.555555555555556,0.75,0.4,2,5,3,4,0,0,3.0
77,2026/01/29,ORL,93,Noah Penda,PT07M55.00S,3,1,3,0,0,0,1,0.166666666666667,0.0,0.5,1,2,0,4,0,0,-16.0
78,2026/01/29,ORL,21,Moritz Wagner,PT04M25.00S,3,0,1,0,0,0,0,0.5,0.0,1.0,1,1,0,1,0,0,-3.0
79,2026/01/29,ORL,11,Jase Richardson,PT01M57.00S,0,0,0,0,0,0,0,0.0,0.0,0.0,0,0,0,0,0,0,4.0
80,2026/01/29,MIA,9,Pelle Larsson,PT27M49.00S,8,2,9,1,0,1,0,0.428571428571429,0.428571428571429,0.0,0,0,3,7,2,2,-9.0
81,2026/01/29,MIA,22,Andrew Wiggins,PT31M36.00S,16,3,5,1,1,2,3,0.545454545454545,0.625,0.333333333333333,1,3,5,8,3,3,-15.0
82,2026/01/29,MIA,13,Bam Adebayo,PT38M40.00S,21,7,12,2,0,3,0,0.5,0.428571428571429,0.5714285714285711,4,7,3,7,3,4,-4.0
83,2026/01/29,MIA,24,Norman Powell,PT28M13.00S,22,1,2,0,1,3,5,0.470588235294118,0.6,0.28571428571428603,2,7,6,10,4,4,-7.0
84,2026/01/29,MIA,25,Kasparas Jakučionis,PT19M56.00S,2,1,2,2,0,2,3,0.25,0.333333333333333,0.0,0,1,1,3,0,0,-6.0
85,2026/01/29,MIA,5,Nikola Jović,PT18M30.00S,2,0,2,0,1,2,0,0.25,0.5,0.0,0,2,1,2,0,0,-4.0
86,2026/01/29,MIA,11,Jaime Jaquez Jr.,PT27M34.20S,13,4,4,0,0,4,5,0.6,0.625,0.5,1,2,5,8,0,0,2.0
87,2026/01/29,MIA,12,Dru Smith,PT21M32.00S,13,7,3,0,0,1,1,0.6,0.666666666666666,0.5,1,2,2,3,6,6,-7.0
88,2026/01/29,MIA,0,Simone Fontecchio,PT19M29.80S,23,2,5,0,1,0,1,0.636363636363636,0.5,0.666666666666666,6,9,1,2,3,4,8.0
89,2026/01/29,MIA,7,Kel'el Ware,PT06M40.00S,4,0,4,0,1,0,0,0.4,0.5,0.0,0,1,2,4,0,0,-3.0
90,2026/01/29,NYK,8,OG Anunoby,PT33M44.00S,26,5,3,6,2,0,3,0.611111111111111,0.75,0.333333333333333,2,6,9,12,2,3,18.0
91,2026/01/29,NYK,3,Josh Hart,PT35M11.00S,22,6,5,2,0,2,4,0.636363636363636,0.75,0.5714285714285711,4,7,3,4,4,6,10.0
92,2026/01/29,NYK,32,Karl-Anthony Towns,PT35M00.20S,8,2,22,0,1,2,0,0.272727272727273,0.333333333333333,0.0,0,2,3,9,2,2,19.0
93,2026/01/29,NYK,25,Mikal Bridges,PT36M20.00S,30,4,1,1,1,2,2,0.8,0.888888888888889,0.666666666666666,4,6,8,9,2,2,19.0
94,2026/01/29,NYK,11,Jalen Brunson,PT29M50.00S,13,4,1,0,1,4,4,0.384615384615385,0.5,0.0,0,3,5,10,3,3,3.0
95,2026/01/29,NYK,13,Tyler Kolek,PT20M04.00S,5,10,1,0,0,3,2,0.5,0.333333333333333,1.0,1,1,1,3,0,0,23.0
96,2026/01/29,NYK,44,Landry Shamet,PT20M58.00S,9,1,4,1,0,1,3,0.3,0.0,0.333333333333333,3,9,0,1,0,0,20.0
97,2026/01/29,NYK,55,Ariel Hukporti,PT07M48.80S,2,0,5,0,0,1,2,0.0,0.0,0.0,0,0,0,0,2,2,11.0
98,2026/01/29,NYK,51,Mohamed Diawara,PT06M53.00S,0,0,0,0,0,0,0,0.0,0.0,0.0,0,1,0,0,0,0,8.0
99,2026/01/29,NYK,28,Guerschon Yabusele,PT07M25.00S,4,0,5,2,0,1,0,0.5,1.0,0.0,0,2,2,2,0,0,3.0
100,2026/01/29,NYK,00,Jordan Clarkson,PT06M46.00S,0,0,1,0,0,0,1,0.0,0.0,0.0,0,1,0,2,0,0,1.0
101,2026/01/29,TOR,3,Brandon Ingram,PT33M37.00S,27,2,6,3,0,2,2,0.625,0.692307692307692,0.333333333333333,1,3,9,13,6,6,-14.0
102,2026/01/29,TOR,4,Scottie Barnes,PT31M39.00S,17,5,10,0,1,5,1,0.461538461538462,0.5,0.333333333333333,1,3,5,10,4,5,-14.0
103,2026/01/29,TOR,12,Collin Murray-Boyles,PT28M15.80S,4,4,5,0,4,2,2,0.5,0.5,0.0,0,0,1,2,2,4,-9.0
104,2026/01/29,TOR,9,RJ Barrett,PT24M01.00S,14,3,8,0,0,0,2,0.230769230769231,0.222222222222222,0.25,1,4,2,9,7,8,-10.0
105,2026/01/29,TOR,5,Immanuel Quickley,PT29M50.80S,7,3,4,1,0,3,5,0.333333333333333,0.28571428571428603,0.5,1,2,2,7,0,0,-4.0
106,2026/01/29,TOR,54,Sandro Mamukelashvili,PT24M31.00S,9,1,4,1,3,3,2,0.5,0.75,0.25,1,4,3,4,0,0,-8.0
107,2026/01/29,TOR,14,Ja'Kobe Walter,PT20M03.20S,0,1,1,0,0,0,2,0.0,0.0,0.0,0,4,0,2,0,0,-19.0
108,2026/01/29,TOR,23,Jamal Shead,PT22M34.20S,3,1,2,2,0,3,1,0.25,0.0,0.333333333333333,1,3,0,1,0,0,-8.0
109,2026/01/29,TOR,1,Gradey Dick,PT15M36.00S,11,0,3,1,0,1,0,0.28571428571428603,0.25,0.333333333333333,1,3,1,4,6,6,-9.0
110,2026/01/29,TOR,2,Jonathan Mogbo,PT02M28.00S,0,0,0,1,0,1,0,0.0,0.0,0.0,0,0,0,1,0,0,-10.0
111,2026/01/29,TOR,17,Garrett Temple,PT02M28.00S,0,0,0,0,0,0,1,0.0,0.0,0.0,0,0,0,0,0,0,-10.0
112,2026/01/29,TOR,30,Ochai Agbaji,PT02M28.00S,0,0,0,0,0,0,1,0.0,0.0,0.0,0,0,0,0,0,0,-10.0
113,2026/01/29,TOR,77,Jamison Battle,PT02M28.00S,0,0,0,0,0,0,0,0.0,0.0,0.0,0,0,0,0,0,0,-10.0
114,2026/01/29,CHA,7,Kon Knueppel,PT25M52.00S,10,6,1,0,0,0,2,0.5,0.666666666666666,0.4,2,5,2,3,0,0,23.0
115,2026/01/29,CHA,0,Miles Bridges,PT28M23.00S,20,3,6,0,0,1,1,0.7272727272727271,1.0,0.5714285714285711,4,7,4,4,0,0,32.0
116,2026/01/29,CHA,14,Moussa Diabaté,PT33M04.50S,18,2,19,2,1,3,1,0.888888888888889,0.875,1.0,1,1,7,8,1,2,30.0
117,2026/01/29,CHA,24,Brandon Miller,PT29M45.00S,26,3,1,0,0,3,0,0.529411764705882,0.555555555555556,0.5,4,8,5,9,4,4,31.0
118,2026/01/29,CHA,1,LaMelo Ball,PT23M26.00S,16,4,1,2,0,2,1,0.428571428571429,0.4,0.444444444444444,4,9,2,5,0,0,32.0
119,2026/01/29,CHA,4,Sion James,PT22M08.00S,5,2,2,0,0,2,2,0.4,0.333333333333333,0.5,1,2,1,3,0,0,-8.0
120,2026/01/29,CHA,10,Josh Green,PT16M24.00S,0,0,1,0,0,2,0,0.0,0.0,0.0,0,3,0,1,0,0,-12.0
121,2026/01/29,CHA,11,Ryan Kalkbrenner,PT14M55.50S,6,0,4,0,0,1,0,1.0,1.0,0.0,0,0,3,3,0,0,-15.0
122,2026/01/29,CHA,2,Grant Williams,PT19M37.00S,2,1,3,0,0,1,0,0.2,0.333333333333333,0.0,0,2,1,3,0,0,-17.0
123,2026/01/29,CHA,8,Collin Sexton,PT17M21.00S,6,4,4,1,0,2,4,0.2,0.28571428571428603,0.0,0,3,2,7,2,2,-14.0
124,2026/01/29,CHA,33,Liam McNeeley,PT06M06.00S,0,0,1,0,0,0,0,0.0,0.0,0.0,0,0,0,2,0,0,-3.0
125,2026/01/29,CHA,23,Tre Mann,PT02M58.00S,3,0,0,0,0,0,0,0.5,0.0,0.5,1,2,0,0,0,0,-4.0
126,2026/01/29,MEM,0,Jaylen Wells,PT25M23.00S,6,0,2,1,1,1,3,0.375,0.6,0.0,0,3,3,5,0,0,-17.0
127,2026/01/29,MEM,8,Jaren Jackson Jr.,PT33M10.00S,26,4,4,2,0,2,2,0.5,0.545454545454545,0.444444444444444,4,9,6,11,2,2,-8.0
128,2026/01/29,MEM,31,Jock Landale,PT25M57.00S,10,0,3,0,1,1,1,0.444444444444444,0.6,0.25,1,4,3,5,1,2,-26.0
129,2026/01/29,MEM,23,Cedric Coward,PT26M50.00S,17,5,2,0,0,1,0,0.666666666666666,0.6,0.75,3,4,3,5,2,2,-4.0
130,2026/01/29,MEM,24,Cam Spencer,PT28M00.00S,4,6,0,1,0,2,1,0.125,0.5,0.0,0,6,1,2,2,2,-22.0
131,2026/01/29,MEM,3,Kentavious Caldwell-Pope,PT21M10.00S,0,4,2,3,0,1,1,0.0,0.0,0.0,0,3,0,2,0,0,-11.0
132,2026/01/29,MEM,45,GG Jackson,PT24M29.00S,12,1,4,1,2,2,1,0.625,0.666666666666666,0.5,1,2,4,6,1,2,-11.0
133,2026/01/29,MEM,5,Vince Williams Jr.,PT20M00.00S,10,4,5,0,1,0,1,0.444444444444444,0.666666666666666,0.333333333333333,2,6,2,3,0,0,7.0
134,2026/01/29,MEM,46,John Konchar,PT24M30.00S,8,3,6,2,2,1,0,1.0,1.0,1.0,2,2,1,1,0,0,3.0
135,2026/01/29,MEM,18,Olivier-Maxence Prosper,PT10M31.00S,4,0,1,0,0,1,0,0.5,0.0,1.0,1,1,0,1,1,2,14.0
136,2026/01/29,MIN,3,Jaden McDaniels,PT30M25.00S,8,2,2,0,0,0,4,0.375,0.333333333333333,0.4,2,5,1,3,0,0,-4.0
137,2026/01/29,MIN,30,Julius Randle,PT33M37.00S,31,4,5,1,0,1,3,0.5714285714285711,0.666666666666666,0.0,0,3,12,18,7,7,2.0
138,2026/01/29,MIN,27,Rudy Gobert,PT20M36.00S,6,1,6,2,2,2,4,0.4,0.4,0.0,0,0,2,5,2,7,9.0
139,2026/01/29,MIN,5,Anthony Edwards,PT38M04.00S,20,6,6,3,1,2,0,0.352941176470588,0.230769230769231,0.75,3,4,3,13,5,6,14.0
140,2026/01/29,MIN,0,Donte DiVincenzo,PT27M34.00S,8,1,5,5,0,1,2,0.375,0.333333333333333,0.4,2,5,1,3,0,0,9.0
141,2026/01/29,MIN,10,Mike Conley,PT22M32.00S,6,5,1,1,1,1,2,0.333333333333333,0.0,0.4,2,5,0,1,0,0,6.0
142,2026/01/29,MIN,11,Naz Reid,PT27M59.10S,23,3,8,3,1,4,4,0.529411764705882,0.857142857142857,0.3,3,10,6,7,2,2,6.0
143,2026/01/29,MIN,22,Jaylen Clark,PT11M02.90S,0,1,1,0,0,0,1,0.0,0.0,0.0,0,1,0,1,0,0,9.0
144,2026/01/29,MIN,19,Joan Beringer,PT15M55.00S,9,1,4,0,1,0,2,0.75,0.75,0.0,0,0,3,4,3,4,11.0
145,2026/01/29,MIN,8,Bones Hyland,PT12M15.00S,7,2,4,0,0,1,3,0.5,0.6,0.0,0,1,3,5,1,1,3.0
146,2026/01/29,DAL,16,Caleb Martin,PT32M29.10S,4,5,8,2,0,1,1,0.28571428571428603,0.4,0.0,0,2,2,5,0,0,-17.0
147,2026/01/29,DAL,25,P.J. Washington,PT33M34.00S,21,2,7,0,2,3,2,0.5,0.625,0.0,0,4,10,16,1,4,-12.0
148,2026/01/29,DAL,21,Daniel Gafford,PT20M53.00S,14,0,6,1,0,2,3,0.625,0.625,0.0,0,0,5,8,4,5,-6.0
149,2026/01/29,DAL,00,Max Christie,PT32M14.70S,9,1,4,1,0,3,1,0.125,0.333333333333333,0.0,0,5,1,3,7,8,-10.0
150,2026/01/29,DAL,13,Naji Marshall,PT32M15.00S,18,1,6,0,1,2,3,0.5,0.5,0.0,0,0,7,14,4,5,1.0
151,2026/01/29,DAL,7,Dwight Powell,PT26M37.00S,5,4,9,0,0,2,4,0.5,0.5,0.0,0,0,2,4,1,2,-5.0
152,2026/01/29,DAL,10,Brandon Williams,PT23M43.00S,17,3,5,0,0,2,2,0.4,0.333333333333333,1.0,1,1,3,9,8,12,-2.0
153,2026/01/29,DAL,1,Jaden Hardy,PT24M17.20S,11,3,2,1,0,0,0,0.5,0.5,0.5,2,4,2,4,1,3,-1.0
154,2026/01/29,DAL,9,Ryan Nembhard,PT09M56.00S,6,2,1,0,0,2,3,0.6,1.0,0.0,0,2,3,3,0,0,-9.0
155,2026/01/29,DAL,14,Miles Kelly,PT04M01.00S,0,1,2,1,0,0,0,0.0,0.0,0.0,0,0,0,0,0,0,-4.0
156,2026/01/29,GSW,4,Moses Moody,PT25M57.00S,26,0,5,2,0,0,0,0.6,0.666666666666666,0.555555555555556,5,9,4,6,3,4,28.0
157,2026/01/29,GSW,23,Draymond Green,PT22M37.00S,0,6,2,1,2,3,2,0.0,0.0,0.0,0,6,0,0,0,0,17.0
158,2026/01/29,GSW,20,Al Horford,PT24M04.00S,9,8,5,1,3,1,2,0.8,1.0,0.5,1,2,3,3,0,0,22.0
159,2026/01/29,GSW,2,Brandin Podziemski,PT28M19.00S,11,7,8,1,1,2,3,0.333333333333333,0.25,0.5,1,2,1,4,6,6,16.0
160,2026/01/29,GSW,30,Stephen Curry,PT28M01.00S,27,2,1,2,0,5,1,0.5,0.75,0.4,4,10,3,4,9,10,16.0
161,2026/01/29,GSW,8,De'Anthony Melton,PT23M07.00S,12,2,2,3,0,3,3,0.375,0.333333333333333,0.4,2,5,1,3,4,5,13.0
162,2026/01/29,GSW,15,Gui Santos,PT21M33.00S,16,4,3,2,2,1,3,0.857142857142857,1.0,0.666666666666666,2,3,4,4,2,3,6.0
163,2026/01/29,GSW,21,Quinten Post,PT17M17.00S,10,2,6,0,0,0,1,0.5714285714285711,0.666666666666666,0.5,2,4,2,3,0,0,-3.0
164,2026/01/29,GSW,3,Will Richard,PT20M22.00S,13,3,5,3,0,2,2,0.625,1.0,0.5,3,6,2,2,0,0,-3.0
165,2026/01/29,GSW,7,Buddy Hield,PT17M13.00S,13,4,3,0,0,1,0,0.625,1.0,0.5,3,6,2,2,0,0,-11.0
166,2026/01/29,GSW,32,Trayce Jackson-Davis,PT03M50.00S,2,1,1,0,0,2,0,1.0,1.0,0.0,0,0,1,1,0,0,-7.0
167,2026/01/29,GSW,33,Malevy Leons,PT03M50.00S,0,0,0,0,0,0,0,0.0,0.0,0.0,0,1,0,0,0,0,-7.0
168,2026/01/29,GSW,61,Pat Spencer,PT03M50.00S,1,0,1,0,0,0,0,0.0,0.0,0.0,0,0,0,0,1,2,-7.0
169,2026/01/29,UTA,10,Svi Mykhailiuk,PT15M53.00S,2,0,2,0,0,3,3,0.2,0.5,0.0,0,3,1,2,0,0,-16.0
170,2026/01/29,UTA,23,Lauri Markkanen,PT33M13.00S,18,2,3,2,1,1,1,0.428571428571429,0.625,0.166666666666667,1,6,5,8,5,5,-15.0
171,2026/01/29,UTA,30,Jusuf Nurkić,PT22M38.00S,11,5,5,1,0,4,2,0.5714285714285711,0.6,0.5,1,2,3,5,2,2,-30.0
172,2026/01/29,UTA,19,Ace Bailey,PT34M04.00S,19,4,7,2,1,0,3,0.533333333333333,0.625,0.428571428571429,3,7,5,8,0,0,-14.0
173,2026/01/29,UTA,3,Keyonte George,PT32M42.00S,19,7,7,2,0,2,4,0.4,0.272727272727273,0.75,3,4,3,11,4,6,-22.0
174,2026/01/29,UTA,2,Kyle Anderson,PT21M53.00S,6,6,5,0,1,1,3,0.4,0.4,0.0,0,0,2,5,2,2,3.0
175,2026/01/29,UTA,8,Isaiah Collier,PT29M30.00S,12,6,3,4,0,3,1,0.5,0.714285714285714,0.0,0,3,5,7,2,2,-2.0
176,2026/01/29,UTA,22,Kyle Filipowski,PT16M50.00S,12,3,4,2,0,2,3,1.0,1.0,1.0,2,2,3,3,0,0,8.0
177,2026/01/29,UTA,28,Brice Sensabaugh,PT26M04.00S,22,3,0,2,0,1,2,0.545454545454545,1.0,0.444444444444444,4,9,2,2,6,7,-7.0
178,2026/01/29,UTA,13,Walter Clayton Jr.,PT07M13.00S,3,2,1,1,0,2,0,0.333333333333333,0.0,0.5,1,2,0,1,0,0,15.0
179,2026/01/29,SAS,30,Julian Champagnie,PT20M51.00S,2,0,3,0,0,1,1,0.25,1.0,0.0,0,3,1,1,0,0,3.0
180,2026/01/29,SAS,40,Harrison Barnes,PT28M46.00S,9,1,1,0,0,0,1,0.666666666666666,0.75,0.5,1,2,3,4,0,0,1.0
181,2026/01/29,SAS,1,Victor Wembanyama,PT28M35.80S,28,3,16,2,5,4,4,0.533333333333333,0.666666666666666,0.0,0,3,8,12,12,15,6.0
182,2026/01/29,SAS,5,Stephon Castle,PT32M44.80S,16,6,5,2,0,2,3,0.583333333333333,0.6,0.5,1,2,6,10,1,3,3.0
183,2026/01/29,SAS,4,De'Aaron Fox,PT33M32.80S,18,8,5,0,1,5,0,0.545454545454545,0.666666666666666,0.4,2,5,4,6,4,4,5.0
184,2026/01/29,SAS,7,Luke Kornet,PT18M44.00S,0,2,4,0,1,0,0,0.0,0.0,0.0,0,0,0,0,0,2,8.0
185,2026/01/29,SAS,3,Keldon Johnson,PT26M40.80S,17,5,7,0,0,1,4,0.533333333333333,0.636363636363636,0.25,1,4,7,11,0,0,18.0
186,2026/01/29,SAS,24,Devin Vassell,PT22M42.00S,5,0,1,1,0,0,1,0.28571428571428603,0.5,0.2,1,5,1,2,0,0,9.0
187,2026/01/29,SAS,2,Dylan Harper,PT22M03.00S,16,3,4,0,1,2,1,0.7272727272727271,0.888888888888889,0.0,0,2,8,9,0,0,18.0
188,2026/01/29,SAS,11,Carter Bryant,PT03M19.20S,0,0,0,0,0,0,0,0.0,0.0,0.0,0,0,0,0,0,0,-5.0
189,2026/01/29,SAS,0,Jordan McLaughlin,PT00M40.20S,0,0,0,0,0,0,0,0.0,0.0,0.0,0,0,0,1,0,0,-2.0
190,2026/01/29,SAS,18,Bismack Biyombo,PT00M40.20S,0,0,0,0,0,0,0,0.0,0.0,0.0,0,0,0,0,0,0,-2.0
191,2026/01/29,SAS,43,Lindy Waters III,PT00M40.20S,0,0,0,0,0,0,0,0.0,0.0,0.0,0,0,0,0,0,0,-2.0
192,2026/01/29,HOU,7,Kevin Durant,PT36M10.90S,24,6,2,0,1,3,2,0.470588235294118,0.461538461538462,0.5,2,4,6,13,6,6,-9.0
193,2026/01/29,HOU,10,Jabari Smith Jr.,PT37M00.90S,8,2,7,1,0,2,3,0.375,0.333333333333333,0.4,2,5,1,3,0,0,-12.0
194,2026/01/29,HOU,28,Alperen Sengun,PT35M46.50S,18,7,10,2,0,1,5,0.35,0.333333333333333,0.5,1,2,6,18,3,7,-14.0
195,2026/01/29,HOU,17,Tari Eason,PT24M46.00S,10,0,6,3,1,0,4,0.4,0.28571428571428603,0.666666666666666,2,3,2,7,0,0,-7.0
196,2026/01/29,HOU,1,Amen Thompson,PT35M52.90S,25,4,7,4,1,2,0,0.478260869565217,0.478260869565217,0.0,0,0,11,23,3,3,-15.0
197,2026/01/29,HOU,20,Josh Okogie,PT14M44.40S,0,3,3,1,1,0,1,0.0,0.0,0.0,0,3,0,0,0,0,10.0
198,2026/01/29,HOU,15,Reed Sheppard,PT25M59.00S,9,0,5,1,2,1,1,0.333333333333333,0.375,0.25,1,4,3,8,0,0,-16.0
199,2026/01/29,HOU,2,Dorian Finney-Smith,PT19M26.10S,0,0,2,0,0,2,2,0.0,0.0,0.0,0,2,0,0,0,0,-6.0
200,2026/01/29,HOU,30,Clint Capela,PT08M31.10S,5,0,4,0,2,0,0,0.5,0.5,0.0,0,0,2,4,1,2,3.0
0,2026/01/30,SAC,5,Nique Clifford,PT26M57.00S,2,2,6,0,1,2,1,0.14285714285714302,0.166666666666667,0.0,0,1,1,6,0,0,2.0
1,2026/01/30,SAC,9,Precious Achiuwa,PT34M13.30S,8,3,13,1,1,2,3,0.5714285714285711,0.8,0.0,0,2,4,5,0,0,-1.0
2,2026/01/30,SAC,11,Domantas Sabonis,PT28M14.30S,14,3,7,0,0,3,4,0.6,0.666666666666666,0.0,0,1,6,9,2,4,-5.0
3,2026/01/30,SAC,10,DeMar DeRozan,PT37M51.70S,25,8,4,0,0,1,2,0.6,0.5714285714285711,1.0,1,1,8,14,6,8,2.0
4,2026/01/30,SAC,17,Dennis Schröder,PT31M15.00S,27,2,4,1,0,2,2,0.5625,0.5714285714285711,0.555555555555556,5,9,4,7,4,4,-12.0
5,2026/01/30,SAC,8,Zach LaVine,PT28M41.10S,17,3,1,2,0,3,3,0.3125,0.3,0.333333333333333,2,6,3,10,5,5,-3.0
6,2026/01/30,SAC,32,Dylan Cardwell,PT14M24.40S,0,0,4,0,1,2,5,0.0,0.0,0.0,0,0,0,0,0,0,-7.0
7,2026/01/30,SAC,42,Maxime Raynaud,PT18M47.00S,8,0,7,1,0,1,5,0.75,1.0,0.0,0,1,3,3,2,2,4.0
8,2026/01/30,SAC,23,Keon Ellis,PT19M36.20S,10,0,0,1,1,0,1,0.5714285714285711,1.0,0.4,2,5,2,2,0,0,10.0
9,2026/01/30,PHI,9,Kelly Oubre Jr.,PT37M15.60S,4,0,3,0,0,1,2,0.333333333333333,0.5,0.0,0,1,1,2,2,2,5.0
10,2026/01/30,PHI,8,Paul George,PT36M04.00S,15,5,2,2,0,1,1,0.466666666666667,0.545454545454545,0.25,1,4,6,11,0,0,5.0
11,2026/01/30,PHI,21,Joel Embiid,PT35M54.70S,37,8,5,1,1,2,3,0.619047619047619,0.631578947368421,0.5,1,2,12,19,10,13,9.0
12,2026/01/30,PHI,77,VJ Edgecombe,PT35M04.60S,5,3,5,3,0,1,1,0.28571428571428603,0.5,0.2,1,5,1,2,0,0,0.0
13,2026/01/30,PHI,0,Tyrese Maxey,PT40M35.00S,40,8,4,1,0,2,3,0.666666666666666,0.888888888888889,0.444444444444444,4,9,8,9,12,13,8.0
14,2026/01/30,PHI,25,Dominick Barlow,PT20M47.50S,5,0,1,1,0,0,4,1.0,1.0,0.0,0,0,1,1,3,3,-5.0
15,2026/01/30,PHI,20,Jared McCain,PT15M08.40S,4,1,1,0,0,2,1,0.5,1.0,0.0,0,2,2,2,0,0,-1.0
16,2026/01/30,PHI,30,Adem Bona,PT08M17.80S,0,0,2,0,2,0,3,0.0,0.0,0.0,0,0,0,1,0,0,-3.0
17,2026/01/30,PHI,11,Justin Edwards,PT07M05.40S,3,0,1,0,0,0,1,0.5,0.0,0.5,1,2,0,0,0,0,-4.0
18,2026/01/30,PHI,1,Andre Drummond,PT03M47.00S,0,0,0,0,0,0,0,0.0,0.0,0.0,0,0,0,0,0,0,-4.0
19,2026/01/30,MIL,18,Kyle Kuzma,PT34M39.00S,19,6,9,0,0,3,3,0.444444444444444,0.533333333333333,0.0,0,3,8,15,3,3,-8.0
20,2026/01/30,MIL,9,Bobby Portis,PT36M26.00S,19,3,7,0,1,0,1,0.470588235294118,0.5,0.4,2,5,6,12,1,2,-21.0
21,2026/01/30,MIL,3,Myles Turner,PT39M26.00S,21,1,14,0,6,2,4,0.5,0.6,0.333333333333333,2,6,6,10,3,3,2.0
22,2026/01/30,MIL,20,AJ Green,PT36M57.40S,2,3,2,0,1,1,3,0.166666666666667,0.5,0.0,0,4,1,2,0,1,-10.0
23,2026/01/30,MIL,13,Ryan Rollins,PT26M29.20S,17,8,3,4,0,1,3,0.538461538461538,0.5,0.6,3,5,4,8,0,0,-3.0
24,2026/01/30,MIL,44,Andre Jackson Jr.,PT03M28.00S,0,0,0,0,0,0,1,0.0,0.0,0.0,0,1,0,0,0,0,1.0
25,2026/01/30,MIL,50,Cole Anthony,PT17M36.10S,5,1,2,1,0,1,3,0.18181818181818202,0.2,0.166666666666667,1,6,1,5,0,0,-9.0
26,2026/01/30,MIL,5,Gary Trent Jr.,PT24M50.30S,3,2,0,1,1,1,0,0.166666666666667,0.0,0.2,1,5,0,1,0,0,-1.0
27,2026/01/30,MIL,35,Pete Nance,PT20M08.00S,13,1,6,1,0,0,2,0.6,0.714285714285714,0.333333333333333,1,3,5,7,0,0,-1.0
28,2026/01/30,WAS,18,Kyshawn George,PT35M33.00S,23,5,5,2,1,1,1,0.416666666666667,0.5,0.25,2,8,8,16,1,1,2.0
29,2026/01/30,WAS,22,Khris Middleton,PT26M02.00S,13,4,6,0,0,5,0,0.444444444444444,0.6,0.25,1,4,3,5,4,4,6.0
30,2026/01/30,WAS,20,Alex Sarr,PT31M31.00S,16,2,17,1,2,2,2,0.461538461538462,0.5,0.333333333333333,1,3,5,10,3,4,3.0
31,2026/01/30,WAS,12,Tre Johnson,PT11M28.00S,8,2,0,0,0,0,0,0.28571428571428603,0.5,0.0,0,3,2,4,4,4,10.0
32,2026/01/30,WAS,0,Bilal Coulibaly,PT27M50.00S,8,1,10,2,2,1,3,0.5,0.6,0.0,0,1,3,5,2,2,14.0
33,2026/01/30,WAS,9,Justin Champagnie,PT25M53.00S,12,1,6,1,1,0,2,0.5,0.5714285714285711,0.333333333333333,1,3,4,7,1,2,9.0
34,2026/01/30,WAS,7,Bub Carrington,PT28M31.00S,13,6,4,1,0,3,0,0.444444444444444,0.5,0.4,2,5,2,4,3,3,-2.0
35,2026/01/30,WAS,5,Jamir Watkins,PT20M40.10S,4,0,9,1,1,1,2,0.14285714285714302,0.25,0.0,0,3,1,4,2,2,7.0
36,2026/01/30,WAS,27,Will Riley,PT18M28.90S,6,0,1,0,0,0,0,0.2,0.0,0.333333333333333,1,3,0,2,3,4,3.0
37,2026/01/30,WAS,8,Malaki Branham,PT14M03.00S,6,0,3,0,0,0,1,0.333333333333333,0.5,0.0,0,2,2,4,2,2,-2.0
38,2026/01/30,MIA,9,Pelle Larsson,PT28M35.00S,15,3,6,2,0,1,2,0.5,0.5,0.5,1,2,3,6,6,7,-5.0
39,2026/01/30,MIA,22,Andrew Wiggins,PT32M49.00S,10,2,3,1,0,4,1,0.444444444444444,0.5,0.333333333333333,1,3,3,6,1,2,-8.0
40,2026/01/30,MIA,13,Bam Adebayo,PT33M53.00S,20,2,12,0,0,1,0,0.368421052631579,0.45454545454545503,0.25,2,8,5,11,4,4,6.0
41,2026/01/30,MIA,24,Norman Powell,PT30M15.60S,21,1,0,2,0,4,2,0.4375,0.416666666666667,0.5,2,4,5,12,5,6,-8.0
42,2026/01/30,MIA,25,Kasparas Jakučionis,PT12M51.00S,0,4,3,1,0,1,4,0.0,0.0,0.0,0,1,0,0,0,0,1.0
43,2026/01/30,MIA,7,Kel'el Ware,PT12M03.00S,12,2,4,0,2,0,2,0.666666666666666,0.5,0.75,3,4,1,2,1,2,-4.0
44,2026/01/30,MIA,11,Jaime Jaquez Jr.,PT32M06.00S,19,6,10,3,0,0,0,0.615384615384615,0.7,0.333333333333333,1,3,7,10,2,2,4.0
45,2026/01/30,MIA,12,Dru Smith,PT22M34.40S,11,5,5,3,0,1,2,0.5,0.5,0.5,2,4,2,4,1,1,4.0
46,2026/01/30,MIA,0,Simone Fontecchio,PT17M38.00S,0,3,2,0,0,1,4,0.0,0.0,0.0,0,4,0,0,0,0,13.0
47,2026/01/30,MIA,5,Nikola Jović,PT17M15.00S,8,1,4,0,0,0,2,0.444444444444444,0.666666666666666,0.0,0,3,4,6,0,0,12.0
48,2026/01/30,CHI,35,Isaac Okoro,PT26M11.50S,8,0,2,0,1,0,4,0.428571428571429,0.25,0.666666666666666,2,3,1,4,0,0,-7.0
49,2026/01/30,CHI,25,Jalen Smith,PT15M19.00S,11,0,5,0,0,1,1,0.5714285714285711,0.5,1.0,1,1,3,6,2,2,-11.0
50,2026/01/30,CHI,9,Nikola Vučević,PT37M22.00S,15,3,10,0,0,2,3,0.333333333333333,0.384615384615385,0.2,1,5,5,13,2,2,9.0
51,2026/01/30,CHI,14,Matas Buzelis,PT33M44.00S,16,4,9,1,1,1,4,0.4,0.4,0.4,2,5,4,10,2,3,2.0
52,2026/01/30,CHI,0,Coby White,PT31M33.50S,14,8,4,2,0,3,5,0.18181818181818202,0.0,0.25,2,8,0,3,8,10,5.0
53,2026/01/30,CHI,11,Ayo Dosunmu,PT31M23.00S,23,5,7,0,0,4,2,0.5,0.583333333333333,0.25,1,4,7,12,6,6,-5.0
54,2026/01/30,CHI,13,Kevin Huerter,PT32M35.00S,15,3,10,1,2,0,0,0.416666666666667,0.333333333333333,0.444444444444444,4,9,1,3,1,2,3.0
55,2026/01/30,CHI,44,Patrick Williams,PT12M07.00S,0,0,1,0,0,2,1,0.0,0.0,0.0,0,1,0,3,0,0,-10.0
56,2026/01/30,CHI,7,Dalen Terry,PT14M58.00S,8,2,4,1,0,2,0,0.666666666666666,0.0,1.0,2,2,0,1,2,2,-4.0
57,2026/01/30,CHI,15,Julian Phillips,PT04M47.00S,3,0,0,0,0,0,0,1.0,1.0,0.0,0,0,1,1,1,2,3.0
58,2026/01/30,HOU,7,Kevin Durant,PT34M22.00S,31,4,5,0,0,3,2,0.545454545454545,0.642857142857143,0.375,3,8,9,14,4,4,12.0
59,2026/01/30,HOU,10,Jabari Smith Jr.,PT31M36.00S,14,3,8,3,5,3,0,0.416666666666667,0.5,0.333333333333333,2,6,3,6,2,2,15.0
60,2026/01/30,HOU,28,Alperen Sengun,PT27M55.00S,9,4,13,0,3,2,3,0.214285714285714,0.214285714285714,0.0,0,0,3,14,3,4,5.0
61,2026/01/30,HOU,20,Josh Okogie,PT33M49.20S,10,1,10,0,1,1,1,0.5,0.0,0.6,3,5,0,1,1,2,14.0
62,2026/01/30,HOU,1,Amen Thompson,PT35M00.00S,9,5,7,2,3,0,1,0.444444444444444,0.444444444444444,0.0,0,0,4,9,1,4,13.0
63,2026/01/30,HOU,8,Jae'Sean Tate,PT19M13.50S,4,0,3,1,0,1,1,0.333333333333333,0.5,0.0,0,2,2,4,0,0,5.0
64,2026/01/30,HOU,15,Reed Sheppard,PT25M46.80S,13,4,4,1,0,1,1,0.357142857142857,0.28571428571428603,0.428571428571429,3,7,2,7,0,0,20.0
65,2026/01/30,HOU,30,Clint Capela,PT17M51.80S,10,2,7,1,2,0,0,1.0,1.0,0.0,0,0,4,4,2,2,17.0
66,2026/01/30,HOU,0,Aaron Holiday,PT07M58.70S,4,0,2,0,0,0,2,0.25,0.0,0.5,1,2,0,2,1,2,1.0
67,2026/01/30,HOU,4,JD Davison,PT02M09.00S,0,0,0,0,0,0,0,0.0,0.0,0.0,0,0,0,0,0,0,-4.0
68,2026/01/30,HOU,27,Isaiah Crawford,PT02M09.00S,0,0,0,0,0,0,0,0.0,0.0,0.0,0,0,0,0,0,0,-4.0
69,2026/01/30,HOU,32,Jeff Green,PT02M09.00S,0,0,0,0,0,0,0,0.0,0.0,0.0,0,1,0,0,0,0,-4.0
70,2026/01/30,ATL,27,Vít Krejčí,PT26M59.00S,9,1,4,2,0,1,5,0.5714285714285711,0.75,0.333333333333333,1,3,3,4,0,0,2.0
71,2026/01/30,ATL,24,Corey Kispert,PT30M58.00S,17,2,2,1,1,2,0,0.538461538461538,0.625,0.4,2,5,5,8,1,2,-17.0
72,2026/01/30,ATL,35,Christian Koloko,PT25M40.00S,6,2,7,1,1,1,4,0.428571428571429,0.6,0.0,0,2,3,5,0,0,-13.0
73,2026/01/30,ATL,5,Dyson Daniels,PT31M29.00S,4,7,6,3,0,1,2,0.166666666666667,0.222222222222222,0.0,0,3,2,9,0,0,2.0
74,2026/01/30,ATL,7,Nickeil Alexander-Walker,PT34M53.00S,20,1,5,0,0,3,2,0.375,0.375,0.375,3,8,3,8,5,5,-26.0
75,2026/01/30,ATL,3,CJ McCollum,PT30M35.00S,23,2,5,0,0,3,1,0.473684210526316,0.5,0.45454545454545503,5,11,4,8,0,0,-20.0
76,2026/01/30,ATL,18,Mouhamed Gueye,PT20M30.00S,2,2,3,0,1,0,2,0.125,0.2,0.0,0,3,1,5,0,0,-6.0
77,2026/01/30,ATL,4,Luke Kennard,PT16M27.00S,0,1,7,0,1,0,0,0.0,0.0,0.0,0,0,0,3,0,0,-5.0
78,2026/01/30,ATL,14,Asa Newell,PT20M20.00S,5,0,7,0,1,1,0,0.25,0.25,0.25,1,4,1,4,0,0,-11.0
79,2026/01/30,CHA,7,Kon Knueppel,PT36M25.00S,34,3,4,1,0,0,0,0.625,0.5,0.666666666666666,8,12,2,4,6,6,7.0
80,2026/01/30,CHA,0,Miles Bridges,PT38M12.00S,17,8,8,1,2,3,0,0.411764705882353,0.5,0.2,1,5,6,12,2,2,11.0
81,2026/01/30,CHA,14,Moussa Diabaté,PT32M04.20S,10,3,5,0,2,0,4,0.555555555555556,0.555555555555556,0.0,0,0,5,9,0,0,0.0
82,2026/01/30,CHA,24,Brandon Miller,PT26M46.60S,23,2,6,0,1,0,5,0.538461538461538,0.666666666666666,0.428571428571429,3,7,4,6,6,6,12.0
83,2026/01/30,CHA,1,LaMelo Ball,PT30M48.50S,22,9,3,0,1,3,1,0.470588235294118,0.28571428571428603,0.6,6,10,2,7,0,0,9.0
84,2026/01/30,CHA,10,Josh Green,PT14M31.00S,2,1,3,0,0,1,2,0.5,0.5,0.0,0,0,1,2,0,0,-8.0
85,2026/01/30,CHA,4,Sion James,PT15M39.50S,0,0,8,0,0,1,2,0.0,0.0,0.0,0,2,0,1,0,0,-5.0
86,2026/01/30,CHA,11,Ryan Kalkbrenner,PT15M26.80S,5,0,3,0,1,0,1,0.5,0.5,0.0,0,0,1,2,3,4,0.0
87,2026/01/30,CHA,31,Tidjane Salaün,PT09M48.00S,2,0,3,1,0,2,0,0.5,0.5,0.0,0,0,1,2,0,0,-9.0
88,2026/01/30,CHA,8,Collin Sexton,PT20M18.40S,8,2,2,1,2,0,2,0.3,0.2,0.4,2,5,1,5,0,0,-7.0
89,2026/01/30,DAL,16,Caleb Martin,PT27M14.00S,6,2,11,1,2,2,2,0.333333333333333,0.0,1.0,2,2,0,4,0,0,-11.0
90,2026/01/30,DAL,25,P.J. Washington,PT35M05.00S,14,3,9,1,2,1,3,0.31578947368421,0.357142857142857,0.2,1,5,5,14,1,1,-5.0
91,2026/01/30,DAL,21,Daniel Gafford,PT25M11.80S,5,3,4,0,1,1,0,0.5,0.5,0.0,0,0,2,4,1,2,-8.0
92,2026/01/30,DAL,00,Max Christie,PT29M12.00S,13,3,3,0,1,1,1,0.4,0.625,0.14285714285714302,1,7,5,8,0,0,-13.0
93,2026/01/30,DAL,32,Cooper Flagg,PT38M06.00S,49,3,10,0,1,2,2,0.689655172413793,0.708333333333334,0.6,3,5,17,24,6,6,2.0
94,2026/01/30,DAL,7,Dwight Powell,PT05M01.00S,0,0,2,0,0,0,1,0.0,0.0,0.0,0,0,0,0,0,0,-3.0
95,2026/01/30,DAL,10,Brandon Williams,PT20M57.00S,15,6,1,2,0,1,1,0.6,0.666666666666666,0.0,0,1,6,9,3,3,11.0
96,2026/01/30,DAL,31,Klay Thompson,PT27M01.00S,16,1,3,1,0,0,3,0.4,0.5,0.36363636363636404,4,11,2,4,0,0,3.0
97,2026/01/30,DAL,30,Moussa Cisse,PT17M18.20S,3,0,5,1,1,0,2,0.0,0.0,0.0,0,0,0,1,3,4,11.0
98,2026/01/30,DAL,1,Jaden Hardy,PT05M41.00S,0,1,1,0,0,0,0,0.0,0.0,0.0,0,1,0,0,0,0,5.0
99,2026/01/30,DAL,9,Ryan Nembhard,PT09M13.00S,0,4,1,1,0,0,0,0.0,0.0,0.0,0,1,0,2,0,0,-2.0
100,2026/01/30,BKN,17,Michael Porter Jr.,PT37M06.20S,38,3,10,2,2,1,3,0.464285714285714,0.461538461538462,0.466666666666667,7,15,6,13,5,5,12.0
101,2026/01/30,BKN,2,Danny Wolf,PT27M33.10S,7,3,4,0,1,0,3,0.428571428571429,0.666666666666666,0.25,1,4,2,3,0,0,5.0
102,2026/01/30,BKN,33,Nic Claxton,PT31M18.00S,10,7,8,0,1,2,4,0.5714285714285711,0.5714285714285711,0.0,0,0,4,7,2,2,6.0
103,2026/01/30,BKN,14,Terance Mann,PT28M56.00S,12,1,6,0,0,2,2,0.333333333333333,0.25,0.4,2,5,1,4,4,5,11.0
104,2026/01/30,BKN,88,Nolan Traore,PT30M19.00S,9,4,2,0,1,0,2,0.5714285714285711,0.666666666666666,0.0,0,1,4,6,1,2,4.0
105,2026/01/30,BKN,20,Day'Ron Sharpe,PT16M43.80S,7,1,9,2,0,1,3,0.6,0.6,0.0,0,0,3,5,1,2,-12.0
106,2026/01/30,BKN,77,Ben Saraf,PT17M41.00S,0,3,2,0,1,1,1,0.0,0.0,0.0,0,1,0,3,0,0,-8.0
107,2026/01/30,BKN,4,Drake Powell,PT19M58.80S,7,1,1,0,0,1,2,0.4,0.5,0.333333333333333,1,3,1,2,2,2,-11.0
108,2026/01/30,BKN,13,Tyrese Martin,PT17M23.00S,5,0,6,0,0,0,0,0.25,0.333333333333333,0.2,1,5,1,3,0,0,-19.0
109,2026/01/30,BKN,22,Jalen Wilson,PT13M01.10S,8,1,1,0,0,0,1,0.6,0.5,0.666666666666666,2,3,1,2,0,0,-8.0
110,2026/01/30,DEN,21,Spencer Jones,PT15M14.00S,1,0,1,0,0,0,2,0.0,0.0,0.0,0,2,0,1,1,2,-23.0
111,2026/01/30,DEN,8,Peyton Watson,PT34M12.00S,19,3,2,0,2,0,1,0.466666666666667,0.416666666666667,0.666666666666666,2,3,5,12,3,6,0.0
112,2026/01/30,DEN,17,Jonas Valančiūnas,PT24M35.00S,12,3,9,1,0,0,3,0.36363636363636404,0.4,0.0,0,1,4,10,4,4,11.0
113,2026/01/30,DEN,24,Jalen Pickett,PT15M01.00S,0,3,3,0,0,0,0,0.0,0.0,0.0,0,2,0,0,0,0,-9.0
114,2026/01/30,DEN,27,Jamal Murray,PT32M58.00S,27,6,4,2,0,2,1,0.5625,0.538461538461538,0.666666666666666,2,3,7,13,7,7,-9.0
115,2026/01/30,DEN,10,Tim Hardaway Jr.,PT27M34.40S,25,3,8,1,0,0,0,0.6,0.5,0.636363636363636,7,11,2,4,0,1,21.0
116,2026/01/30,DEN,22,Zeke Nnaji,PT22M49.60S,4,1,7,0,2,1,2,0.5,0.5,0.0,0,0,2,4,0,0,-3.0
117,2026/01/30,DEN,11,Bruce Brown,PT32M59.00S,12,3,3,0,0,2,2,0.714285714285714,0.666666666666666,1.0,1,1,4,6,1,3,13.0
118,2026/01/30,DEN,3,Julian Strawther,PT21M55.00S,7,1,1,2,0,0,2,0.333333333333333,0.25,0.5,1,2,1,4,2,2,11.0
119,2026/01/30,DEN,5,Hunter Tyson,PT12M42.00S,0,1,3,0,0,1,1,0.0,0.0,0.0,0,1,0,0,0,0,8.0
120,2026/01/30,DET,9,Ausar Thompson,PT25M08.40S,6,6,4,0,0,1,2,0.5,0.5,0.0,0,0,3,6,0,0,-3.0
121,2026/01/30,DET,12,Tobias Harris,PT29M32.60S,13,1,5,1,0,2,1,0.555555555555556,0.4,0.75,3,4,2,5,0,0,-2.0
122,2026/01/30,DET,0,Jalen Duren,PT28M17.00S,23,4,13,0,1,1,0,0.9090909090909091,0.9090909090909091,0.0,0,0,10,11,3,3,-1.0
123,2026/01/30,DET,55,Duncan Robinson,PT30M16.90S,9,1,1,1,0,0,5,0.36363636363636404,0.6,0.166666666666667,1,6,3,5,0,0,-3.0
124,2026/01/30,DET,2,Cade Cunningham,PT33M39.00S,26,7,3,3,0,2,1,0.36363636363636404,0.461538461538462,0.222222222222222,2,9,6,13,8,10,-5.0
125,2026/01/30,DET,23,Jaden Ivey,PT07M21.00S,0,0,2,0,0,0,0,0.0,0.0,0.0,0,1,0,2,0,0,-9.0
126,2026/01/30,DET,28,Isaiah Stewart,PT23M33.00S,11,0,2,1,0,2,4,0.8,0.8,0.0,0,0,4,5,3,5,-19.0
127,2026/01/30,DET,5,Ronald Holland II,PT17M01.40S,0,2,1,0,1,0,1,0.0,0.0,0.0,0,3,0,2,0,0,-17.0
128,2026/01/30,DET,24,Daniss Jenkins,PT22M29.60S,6,5,3,0,0,1,2,0.25,0.4,0.0,0,3,2,5,2,3,-18.0
129,2026/01/30,DET,31,Javonte Green,PT11M20.10S,0,0,2,1,0,0,3,0.0,0.0,0.0,0,2,0,1,0,0,-13.0
130,2026/01/30,DET,7,Paul Reed,PT03M47.00S,2,0,0,1,0,0,0,0.5,0.5,0.0,0,0,1,2,0,0,0.0
131,2026/01/30,DET,20,Chaz Lanier,PT03M47.00S,0,0,0,0,0,0,0,0.0,0.0,0.0,0,1,0,0,0,0,0.0
132,2026/01/30,DET,34,Bobi Klintman,PT03M47.00S,0,0,1,0,0,0,0,0.0,0.0,0.0,0,0,0,1,0,0,0.0
133,2026/01/30,PHX,3,Dillon Brooks,PT32M41.50S,40,4,8,1,1,1,3,0.590909090909091,0.6,0.5714285714285711,4,7,9,15,10,12,14.0
134,2026/01/30,PHX,00,Royce O'Neale,PT28M16.10S,10,2,2,1,0,2,5,0.5,0.666666666666666,0.4,2,5,2,3,0,0,3.0
135,2026/01/30,PHX,15,Mark Williams,PT24M46.60S,6,1,5,0,1,1,1,0.6,0.6,0.0,0,0,3,5,0,0,2.0
136,2026/01/30,PHX,8,Grayson Allen,PT34M06.50S,24,5,3,0,1,2,1,0.357142857142857,0.5,0.333333333333333,4,12,1,2,10,10,18.0
137,2026/01/30,PHX,12,Collin Gillespie,PT25M39.40S,16,2,5,1,0,3,2,0.416666666666667,0.0,0.45454545454545503,5,11,0,1,1,1,-1.0
138,2026/01/30,PHX,23,Jordan Goodwin,PT22M38.10S,2,3,4,2,0,1,2,0.25,0.5,0.0,0,2,1,2,0,0,21.0
139,2026/01/30,PHX,11,Oso Ighodaro,PT20M21.50S,6,2,9,1,0,2,5,0.666666666666666,0.666666666666666,0.0,0,0,2,3,2,4,19.0
140,2026/01/30,PHX,0,Ryan Dunn,PT13M09.90S,3,0,2,0,0,0,2,0.5,0.0,1.0,1,1,0,1,0,0,5.0
141,2026/01/30,PHX,17,Jamaree Bouyea,PT20M00.40S,6,1,2,2,0,1,0,0.375,0.6,0.0,0,3,3,5,0,0,15.0
142,2026/01/30,PHX,18,Isaiah Livers,PT11M26.00S,1,2,5,0,0,0,0,0.0,0.0,0.0,0,0,0,0,1,2,3.0
143,2026/01/30,PHX,10,Khaman Maluach,PT02M18.00S,0,0,0,0,0,1,2,0.0,0.0,0.0,0,0,0,0,0,0,-3.0
144,2026/01/30,PHX,20,Rasheer Fleming,PT02M18.00S,0,0,0,0,0,1,0,0.0,0.0,0.0,0,1,0,0,0,0,-3.0
145,2026/01/30,PHX,21,Nigel Hayes-Davis,PT02M18.00S,0,0,2,0,0,0,0,0.0,0.0,0.0,0,0,0,0,0,0,-3.0
146,2026/01/30,OKC,21,Aaron Wiggins,PT24M46.00S,10,5,4,2,0,3,1,0.375,0.25,0.5,2,4,1,4,2,2,-15.0
147,2026/01/30,OKC,6,Jaylin Williams,PT26M59.60S,5,1,4,1,0,0,0,0.333333333333333,0.333333333333333,0.333333333333333,1,3,1,3,0,0,-8.0
148,2026/01/30,OKC,7,Chet Holmgren,PT30M01.00S,15,2,5,1,3,1,0,0.6,0.625,0.5,1,2,5,8,2,2,-5.0
149,2026/01/30,OKC,5,Luguentz Dort,PT27M17.40S,5,2,4,0,0,0,3,0.28571428571428603,0.2,0.5,1,2,1,5,0,0,-17.0
150,2026/01/30,OKC,2,Shai Gilgeous-Alexander,PT31M25.00S,30,8,6,1,0,5,3,0.666666666666666,0.6875,0.5,1,2,11,16,5,5,-22.0
151,2026/01/30,OKC,11,Isaiah Joe,PT25M09.50S,6,3,3,3,1,1,1,0.28571428571428603,0.0,0.333333333333333,2,6,0,1,0,0,-2.0
152,2026/01/30,OKC,22,Cason Wallace,PT25M30.00S,13,0,1,1,1,0,2,0.45454545454545503,0.666666666666666,0.2,1,5,4,6,2,2,-9.0
153,2026/01/30,OKC,34,Kenrich Williams,PT18M04.50S,7,1,3,1,0,2,1,0.5,0.5,0.5,1,2,2,4,0,0,1.0
154,2026/01/30,OKC,55,Isaiah Hartenstein,PT18M20.00S,11,2,5,0,0,2,4,0.5,0.5,0.0,0,0,3,6,5,6,-7.0
155,2026/01/30,OKC,3,Chris Youngblood,PT04M09.00S,5,2,0,0,0,0,0,0.25,0.0,0.25,1,4,0,0,2,3,8.0
156,2026/01/30,OKC,13,Ousmane Dieng,PT04M09.00S,2,1,0,1,0,1,0,0.5,1.0,0.0,0,1,1,1,0,0,8.0
157,2026/01/30,OKC,23,Brooks Barnhizer,PT04M09.00S,2,0,1,0,0,0,0,1.0,1.0,0.0,0,0,1,1,0,0,8.0
158,2026/01/30,MIN,3,Jaden McDaniels,PT30M46.50S,21,4,4,0,2,2,3,0.7272727272727271,0.5,1.0,5,5,3,6,0,0,18.0
159,2026/01/30,MIN,30,Julius Randle,PT24M42.00S,13,5,5,4,1,2,3,0.357142857142857,0.375,0.333333333333333,2,6,3,8,1,1,13.0
160,2026/01/30,MIN,27,Rudy Gobert,PT34M11.00S,14,3,11,1,0,0,1,0.833333333333334,0.833333333333334,0.0,0,0,5,6,4,8,20.0
161,2026/01/30,MIN,5,Anthony Edwards,PT34M37.10S,26,5,5,2,1,3,1,0.529411764705882,0.714285714285714,0.4,4,10,5,7,4,5,24.0
162,2026/01/30,MIN,0,Donte DiVincenzo,PT31M29.90S,11,5,5,2,1,1,4,0.307692307692308,0.25,0.333333333333333,3,9,1,4,0,0,12.0
163,2026/01/30,MIN,8,Bones Hyland,PT23M27.90S,9,1,4,2,0,5,3,0.333333333333333,0.0,0.5,3,6,0,3,0,0,12.0
164,2026/01/30,MIN,11,Naz Reid,PT28M43.00S,18,2,7,0,1,2,3,0.6,1.0,0.5,4,8,2,2,2,4,11.0
165,2026/01/30,MIN,22,Jaylen Clark,PT14M42.60S,7,1,3,0,1,0,2,0.75,1.0,0.5,1,2,2,2,0,0,0.0
166,2026/01/30,MIN,4,Rob Dillingham,PT03M28.00S,2,0,0,1,0,3,0,0.5,0.5,0.0,0,0,1,2,0,0,-10.0
167,2026/01/30,MIN,7,Joe Ingles,PT03M28.00S,0,0,0,0,0,0,0,0.0,0.0,0.0,0,0,0,1,0,0,-10.0
168,2026/01/30,MIN,9,Johnny Juzang,PT03M28.00S,2,0,1,0,0,0,0,0.5,1.0,0.0,0,1,1,1,0,0,-10.0
169,2026/01/30,MIN,19,Joan Beringer,PT03M28.00S,0,0,1,0,0,1,0,0.0,0.0,0.0,0,0,0,0,0,0,-10.0
170,2026/01/30,MIN,33,Leonard Miller,PT03M28.00S,0,0,0,0,0,0,1,0.0,0.0,0.0,0,0,0,0,0,0,-10.0
0,2026/01/31,LAL,12,Jake LaRavia,PT25M09.00S,3,1,6,3,1,0,2,0.333333333333333,1.0,0.0,0,2,1,1,1,2,24.0
1,2026/01/31,LAL,23,LeBron James,PT29M36.00S,20,6,3,2,0,3,1,0.5,0.461538461538462,0.666666666666666,2,3,6,13,2,2,25.0
2,2026/01/31,LAL,5,Deandre Ayton,PT28M57.00S,28,3,13,1,3,1,0,0.857142857142857,0.857142857142857,0.0,0,0,12,14,4,4,30.0
3,2026/01/31,LAL,77,Luka Dončić,PT30M32.00S,37,13,11,3,0,5,0,0.619047619047619,0.875,0.461538461538462,6,13,7,8,5,7,21.0
4,2026/01/31,LAL,36,Marcus Smart,PT26M31.00S,3,4,1,1,0,4,1,0.5,0.0,0.5,1,2,0,0,0,0,21.0
5,2026/01/31,LAL,7,Gabe Vincent,PT18M15.00S,6,2,0,1,0,0,0,0.4,0.0,0.4,2,5,0,0,0,0,3.0
6,2026/01/31,LAL,11,Jaxson Hayes,PT13M34.00S,10,1,3,1,0,0,0,0.8,0.8,0.0,0,0,4,5,2,2,-3.0
7,2026/01/31,LAL,28,Rui Hachimura,PT17M40.00S,11,2,2,0,0,1,1,0.6,0.5,0.666666666666666,2,3,1,2,3,6,-2.0
8,2026/01/31,LAL,2,Jarred Vanderbilt,PT16M14.00S,8,1,2,4,0,0,1,0.6,0.666666666666666,0.5,1,2,2,3,1,2,7.0
9,2026/01/31,LAL,17,Drew Timme,PT17M05.00S,4,3,1,0,0,1,2,0.5,1.0,0.0,0,1,1,1,2,2,17.0
10,2026/01/31,LAL,4,Dalton Knecht,PT05M29.00S,4,0,1,1,0,1,0,0.5,1.0,0.0,0,1,1,1,2,2,4.0
11,2026/01/31,LAL,9,Bronny James,PT05M29.00S,4,1,0,0,0,0,0,0.333333333333333,0.5,0.0,0,1,1,2,2,3,4.0
12,2026/01/31,LAL,14,Maxi Kleber,PT05M29.00S,4,1,3,0,0,0,0,1.0,1.0,0.0,0,0,2,2,0,0,4.0
13,2026/01/31,WAS,9,Justin Champagnie,PT23M42.00S,9,0,4,0,0,0,2,0.5714285714285711,0.75,0.333333333333333,1,3,3,4,0,0,-27.0
14,2026/01/31,WAS,18,Kyshawn George,PT27M04.00S,15,6,3,1,2,4,4,0.416666666666667,0.6,0.28571428571428603,2,7,3,5,3,4,-17.0
15,2026/01/31,WAS,20,Alex Sarr,PT28M18.00S,16,5,6,2,0,1,2,0.5714285714285711,0.7272727272727271,0.0,0,3,8,11,0,0,-30.0
16,2026/01/31,WAS,0,Bilal Coulibaly,PT24M10.00S,7,2,2,0,0,0,0,0.272727272727273,0.5,0.0,0,5,3,6,1,2,-22.0
17,2026/01/31,WAS,7,Bub Carrington,PT25M29.00S,15,6,3,2,0,5,2,0.45454545454545503,0.333333333333333,0.5,4,8,1,3,1,1,-28.0
18,2026/01/31,WAS,5,Jamir Watkins,PT34M48.00S,8,2,6,1,1,2,3,0.272727272727273,0.333333333333333,0.25,2,8,1,3,0,0,-15.0
19,2026/01/31,WAS,16,Anthony Gill,PT17M04.00S,9,0,10,0,1,1,1,0.8,0.8,0.0,0,0,4,5,1,1,2.0
20,2026/01/31,WAS,27,Will Riley,PT24M56.00S,13,5,2,4,0,2,1,0.333333333333333,0.25,0.428571428571429,3,7,2,8,0,0,-5.0
21,2026/01/31,WAS,13,Sharife Cooper,PT12M46.00S,2,2,2,0,0,1,2,0.25,0.333333333333333,0.0,0,1,1,3,0,0,-10.0
22,2026/01/31,WAS,8,Malaki Branham,PT21M43.00S,17,0,1,0,0,2,2,0.666666666666666,0.666666666666666,0.666666666666666,4,6,2,3,1,2,-3.0
23,2026/01/31,TOR,3,Brandon Ingram,PT35M22.00S,35,2,3,1,1,0,3,0.565217391304348,0.6,0.5,4,8,9,15,5,7,-13.0
24,2026/01/31,TOR,4,Scottie Barnes,PT35M34.00S,19,6,8,0,4,2,4,0.583333333333333,0.777777777777778,0.0,0,3,7,9,5,7,6.0
25,2026/01/31,TOR,12,Collin Murray-Boyles,PT33M19.00S,12,4,6,3,1,5,1,0.714285714285714,0.714285714285714,0.0,0,0,5,7,2,2,-19.0
26,2026/01/31,TOR,9,RJ Barrett,PT31M03.00S,16,5,3,1,0,2,2,0.428571428571429,0.666666666666666,0.0,0,5,6,9,4,5,-9.0
27,2026/01/31,TOR,5,Immanuel Quickley,PT33M01.00S,13,6,7,1,0,1,5,0.384615384615385,0.428571428571429,0.333333333333333,2,6,3,7,1,3,-16.0
28,2026/01/31,TOR,23,Jamal Shead,PT21M19.00S,4,4,1,0,0,0,1,0.5,0.666666666666666,0.0,0,1,2,3,0,0,-4.0
29,2026/01/31,TOR,54,Sandro Mamukelashvili,PT23M58.00S,8,4,4,2,0,0,5,0.25,1.0,0.0,0,3,1,1,6,6,-8.0
30,2026/01/31,TOR,14,Ja'Kobe Walter,PT15M51.00S,13,1,3,0,0,1,1,0.833333333333334,0.8,1.0,1,1,4,5,2,2,13.0
31,2026/01/31,TOR,1,Gradey Dick,PT07M24.00S,0,1,2,0,0,1,2,0.0,0.0,0.0,0,1,0,0,0,0,-1.0
32,2026/01/31,TOR,30,Ochai Agbaji,PT03M09.00S,0,0,1,0,0,1,0,0.0,0.0,0.0,0,0,0,0,0,0,1.0
33,2026/01/31,ORL,3,Desmond Bane,PT36M24.00S,32,2,1,0,0,2,4,0.733333333333333,0.8,0.7,7,10,4,5,3,3,17.0
34,2026/01/31,ORL,5,Paolo Banchero,PT40M36.00S,20,6,9,2,1,3,2,0.45454545454545503,0.4,1.0,1,1,4,10,9,11,18.0
35,2026/01/31,ORL,34,Wendell Carter Jr.,PT34M52.00S,23,3,7,1,0,0,4,0.642857142857143,0.7,0.5,2,4,7,10,3,3,23.0
36,2026/01/31,ORL,0,Anthony Black,PT39M54.00S,25,6,4,0,1,0,3,0.45454545454545503,0.666666666666666,0.2,1,5,4,6,14,14,14.0
37,2026/01/31,ORL,4,Jalen Suggs,PT33M14.00S,14,10,6,3,0,1,4,0.357142857142857,0.333333333333333,0.375,3,8,2,6,1,1,13.0
38,2026/01/31,ORL,2,Tyus Jones,PT10M20.00S,3,1,0,0,0,2,0,0.5,0.0,1.0,1,1,0,1,0,0,-5.0
39,2026/01/31,ORL,23,Tristan da Silva,PT22M12.00S,8,0,1,0,1,0,3,0.5,0.5,0.5,2,4,1,2,0,0,-10.0
40,2026/01/31,ORL,1,Jonathan Isaac,PT13M08.00S,4,0,4,0,0,3,2,0.5,0.5,0.0,0,0,1,2,2,3,-13.0
41,2026/01/31,ORL,93,Noah Penda,PT06M30.00S,0,0,3,1,0,1,0,0.0,0.0,0.0,0,1,0,1,0,0,2.0
42,2026/01/31,ORL,21,Moritz Wagner,PT02M50.00S,1,0,0,0,0,0,1,0.0,0.0,0.0,0,0,0,1,1,2,-9.0
43,2026/01/31,SAC,10,DeMar DeRozan,PT18M01.00S,6,2,1,0,0,0,2,0.2,0.25,0.0,0,2,2,8,2,3,-11.0
44,2026/01/31,SAC,9,Precious Achiuwa,PT13M10.00S,2,0,3,0,0,0,1,0.2,0.2,0.0,0,0,1,5,0,0,-8.0
45,2026/01/31,SAC,42,Maxime Raynaud,PT36M04.00S,14,1,14,0,1,2,2,0.857142857142857,0.833333333333334,1.0,1,1,5,6,1,1,-15.0
46,2026/01/31,SAC,8,Zach LaVine,PT23M27.00S,17,1,4,0,0,1,1,0.555555555555556,0.8,0.25,1,4,4,5,6,7,-28.0
47,2026/01/31,SAC,17,Dennis Schröder,PT23M34.00S,4,3,4,1,1,2,1,0.0909090909090909,0.14285714285714302,0.0,0,4,1,7,2,2,-24.0
48,2026/01/31,SAC,5,Nique Clifford,PT33M58.00S,15,1,3,0,0,1,2,0.416666666666667,0.4,0.428571428571429,3,7,2,5,2,2,-11.0
49,2026/01/31,SAC,0,Malik Monk,PT22M59.00S,12,4,3,0,0,2,1,0.214285714285714,0.125,0.333333333333333,2,6,1,8,4,4,3.0
50,2026/01/31,SAC,32,Dylan Cardwell,PT27M34.00S,8,1,8,1,2,3,4,0.75,0.75,0.0,0,0,3,4,2,2,0.0
51,2026/01/31,SAC,23,Keon Ellis,PT19M49.00S,6,2,2,1,2,1,2,0.5,0.0,0.666666666666666,2,3,0,1,0,0,-4.0
52,2026/01/31,SAC,22,Devin Carter,PT10M49.00S,5,2,3,0,0,2,2,0.5,0.5,0.5,1,2,1,2,0,0,-3.0
53,2026/01/31,SAC,29,Daeqwon Plowden,PT07M04.00S,2,1,2,0,0,0,0,0.333333333333333,1.0,0.0,0,2,1,1,0,0,4.0
54,2026/01/31,SAC,24,Isaiah Stevens,PT03M31.00S,2,1,0,1,0,0,0,0.0,0.0,0.0,0,0,0,0,2,2,2.0
55,2026/01/31,BOS,55,Baylor Scheierman,PT30M47.00S,16,1,5,1,0,0,2,0.6,0.666666666666666,0.5714285714285711,4,7,2,3,0,0,25.0
56,2026/01/31,BOS,30,Sam Hauser,PT29M31.00S,10,1,3,0,0,1,2,0.333333333333333,1.0,0.25,2,8,1,1,2,2,11.0
57,2026/01/31,BOS,88,Neemias Queta,PT28M48.00S,10,2,15,3,1,3,3,0.36363636363636404,0.36363636363636404,0.0,0,0,4,11,2,4,25.0
58,2026/01/31,BOS,11,Payton Pritchard,PT32M36.00S,29,8,2,0,0,2,1,0.75,0.7,0.833333333333334,5,6,7,10,0,0,20.0
59,2026/01/31,BOS,9,Derrick White,PT32M32.00S,7,9,2,1,2,0,0,0.428571428571429,0.5,0.333333333333333,1,3,2,4,0,0,28.0
60,2026/01/31,BOS,4,Anfernee Simons,PT26M22.00S,16,1,2,0,0,0,2,0.375,0.666666666666666,0.2,2,10,4,6,2,2,-8.0
61,2026/01/31,BOS,52,Luka Garza,PT15M41.00S,11,1,8,1,1,0,2,0.8,0.75,1.0,1,1,3,4,2,3,-4.0
62,2026/01/31,BOS,28,Hugo González,PT22M09.00S,2,1,4,0,0,1,1,0.125,0.25,0.0,0,4,1,4,0,1,9.0
63,2026/01/31,BOS,27,Jordan Walsh,PT15M48.00S,5,0,3,1,1,0,2,0.14285714285714302,0.0,0.2,1,5,0,2,2,4,-8.0
64,2026/01/31,BOS,99,Chris Boucher,PT03M31.00S,3,0,0,0,0,0,1,0.333333333333333,0.0,0.333333333333333,1,3,0,0,0,0,-2.0
65,2026/01/31,BOS,8,Josh Minott,PT02M15.00S,3,1,0,0,0,0,1,1.0,0.0,1.0,1,1,0,0,0,0,-1.0
66,2026/01/31,POR,8,Deni Avdija,PT28M27.00S,11,3,5,0,1,4,1,0.28571428571428603,0.375,0.166666666666667,1,6,3,8,2,3,-20.0
67,2026/01/31,POR,33,Toumani Camara,PT26M26.00S,0,1,4,0,0,1,4,0.0,0.0,0.0,0,4,0,0,0,0,-22.0
68,2026/01/31,POR,23,Donovan Clingan,PT21M34.60S,7,1,6,0,0,3,0,0.5,1.0,0.25,1,4,2,2,0,0,-26.0
69,2026/01/31,POR,5,Jrue Holiday,PT21M55.40S,5,4,2,0,0,4,0,0.28571428571428603,0.25,0.333333333333333,1,3,1,4,0,0,-16.0
70,2026/01/31,POR,17,Shaedon Sharpe,PT27M49.40S,26,3,3,1,0,3,1,0.625,0.75,0.5,4,8,6,8,2,4,-11.0
71,2026/01/31,POR,9,Jerami Grant,PT22M01.00S,15,2,1,0,0,4,2,0.444444444444444,0.5,0.4,2,5,2,4,5,6,-17.0
72,2026/01/31,POR,35,Robert Williams III,PT20M19.00S,4,3,11,1,3,0,2,1.0,1.0,0.0,0,0,2,2,0,0,1.0
73,2026/01/31,POR,2,Caleb Love,PT27M14.00S,12,4,3,2,0,1,0,0.333333333333333,0.6,0.2,2,10,3,5,0,0,-11.0
74,2026/01/31,POR,91,Sidy Cissoko,PT26M46.60S,15,2,2,1,1,0,2,1.0,1.0,1.0,2,2,3,3,3,4,-13.0
75,2026/01/31,POR,21,Rayan Rupert,PT09M17.00S,0,0,0,0,0,0,1,0.0,0.0,0.0,0,1,0,2,0,0,-13.0
76,2026/01/31,POR,16,Yang Hansen,PT04M05.00S,0,0,0,0,0,0,0,0.0,0.0,0.0,0,0,0,0,0,0,-1.0
77,2026/01/31,POR,18,Javonte Cooke,PT04M05.00S,2,0,0,0,0,0,0,0.0,0.0,0.0,0,0,0,0,2,2,-1.0
78,2026/01/31,NYK,8,OG Anunoby,PT30M50.00S,24,3,6,0,1,3,3,0.625,0.75,0.5,4,8,6,8,0,0,34.0
79,2026/01/31,NYK,3,Josh Hart,PT29M46.40S,20,5,6,2,1,2,4,0.529411764705882,0.615384615384615,0.25,1,4,8,13,1,2,8.0
80,2026/01/31,NYK,32,Karl-Anthony Towns,PT29M28.00S,14,3,20,0,1,0,1,0.416666666666667,0.444444444444444,0.333333333333333,1,3,4,9,3,4,17.0
81,2026/01/31,NYK,25,Mikal Bridges,PT32M37.00S,10,5,2,3,0,1,2,0.3,0.28571428571428603,0.333333333333333,1,3,2,7,3,3,27.0
82,2026/01/31,NYK,11,Jalen Brunson,PT34M05.60S,26,3,1,2,0,1,1,0.4,0.375,0.416666666666667,5,12,3,8,5,5,21.0
83,2026/01/31,NYK,23,Mitchell Robinson,PT17M04.00S,2,2,7,0,0,1,3,1.0,1.0,0.0,0,0,1,1,0,0,-1.0
84,2026/01/31,NYK,44,Landry Shamet,PT18M42.00S,3,2,1,0,0,0,1,0.166666666666667,0.0,0.25,1,4,0,2,0,0,10.0
85,2026/01/31,NYK,51,Mohamed Diawara,PT17M27.00S,10,2,3,1,0,2,2,0.5,0.666666666666666,0.4,2,5,2,3,0,0,27.0
86,2026/01/31,NYK,13,Tyler Kolek,PT17M45.00S,13,4,2,1,0,2,1,0.714285714285714,1.0,0.6,3,5,2,2,0,0,4.0
87,2026/01/31,NYK,1,Dillon Jones,PT04M05.00S,3,0,0,0,0,0,0,1.0,0.0,1.0,1,1,0,0,0,0,1.0
88,2026/01/31,NYK,28,Guerschon Yabusele,PT04M05.00S,0,0,2,0,0,0,1,0.0,0.0,0.0,0,0,0,0,0,0,1.0
89,2026/01/31,NYK,55,Ariel Hukporti,PT04M05.00S,2,0,2,0,0,1,2,1.0,1.0,0.0,0,0,1,1,0,0,1.0
90,2026/01/31,MEM,23,Cedric Coward,PT23M29.00S,13,5,5,0,0,5,2,0.416666666666667,0.428571428571429,0.4,2,5,3,7,1,1,-13.0
91,2026/01/31,MEM,8,Jaren Jackson Jr.,PT33M42.30S,16,2,9,6,2,2,5,0.31578947368421,0.444444444444444,0.2,2,10,4,9,2,2,-6.0
92,2026/01/31,MEM,31,Jock Landale,PT30M50.00S,12,0,8,1,0,1,2,0.416666666666667,0.45454545454545503,0.0,0,1,5,11,2,2,0.0
93,2026/01/31,MEM,0,Jaylen Wells,PT26M01.80S,10,4,4,1,0,0,2,0.375,0.5,0.25,1,4,2,4,3,3,4.0
94,2026/01/31,MEM,24,Cam Spencer,PT23M56.10S,16,3,1,0,0,1,0,0.857142857142857,0.666666666666666,1.0,4,4,2,3,0,0,8.0
95,2026/01/31,MEM,3,Kentavious Caldwell-Pope,PT24M35.90S,11,2,2,1,0,2,2,0.8,1.0,0.0,0,1,4,4,3,4,4.0
96,2026/01/31,MEM,45,GG Jackson,PT18M25.00S,4,5,8,0,0,0,2,0.2,0.333333333333333,0.0,0,4,2,6,0,0,-4.0
97,2026/01/31,MEM,5,Vince Williams Jr.,PT24M56.90S,13,3,3,2,0,5,4,0.4,0.666666666666666,0.28571428571428603,2,7,2,3,3,3,-16.0
98,2026/01/31,MEM,46,John Konchar,PT22M06.00S,9,2,4,0,0,2,0,0.666666666666666,1.0,0.333333333333333,1,3,3,3,0,0,-12.0
99,2026/01/31,MEM,18,Olivier-Maxence Prosper,PT11M57.00S,2,0,2,0,1,1,0,0.25,0.5,0.0,0,2,1,2,0,0,-5.0
100,2026/01/31,NOP,41,Saddiq Bey,PT34M12.00S,22,2,8,3,0,2,1,0.473684210526316,0.583333333333333,0.28571428571428603,2,7,7,12,2,2,12.0
101,2026/01/31,NOP,1,Zion Williamson,PT33M02.00S,21,4,7,0,2,2,3,0.7,0.7,0.0,0,0,7,10,7,8,14.0
102,2026/01/31,NOP,22,Derik Queen,PT33M53.00S,22,7,9,0,2,5,1,0.666666666666666,0.666666666666666,0.0,0,0,8,12,6,7,11.0
103,2026/01/31,NOP,25,Trey Murphy III,PT33M15.80S,8,2,1,2,1,1,2,0.14285714285714302,0.28571428571428603,0.0,0,7,2,7,4,5,-1.0
104,2026/01/31,NOP,2,Herbert Jones,PT29M58.00S,16,1,4,3,0,2,3,0.777777777777778,1.0,0.333333333333333,1,3,6,6,1,2,10.0
105,2026/01/31,NOP,0,Jeremiah Fears,PT16M56.00S,6,3,4,2,0,3,1,0.375,0.6,0.0,0,3,3,5,0,0,-5.0
106,2026/01/31,NOP,17,Karlo Matković,PT14M26.00S,5,1,4,2,1,0,2,0.5,1.0,0.333333333333333,1,3,1,1,0,0,1.0
107,2026/01/31,NOP,14,Micah Peavy,PT07M20.20S,3,1,0,0,0,0,1,0.5,0.0,0.5,1,2,0,0,0,0,-4.0
108,2026/01/31,NOP,21,Yves Missi,PT14M07.00S,0,1,4,0,0,0,1,0.0,0.0,0.0,0,0,0,0,0,2,-3.0
109,2026/01/31,NOP,15,Jose Alvarado,PT22M50.00S,11,2,1,1,0,0,1,0.4,0.5,0.375,3,8,1,2,0,0,5.0
110,2026/01/31,CLE,20,Jaylon Tyson,PT25M21.10S,16,3,4,0,0,0,1,0.538461538461538,0.625,0.4,2,5,5,8,0,0,-30.0
111,2026/01/31,CLE,32,Dean Wade,PT19M59.10S,3,0,4,0,0,1,1,0.333333333333333,0.0,0.333333333333333,1,3,0,0,0,0,-14.0
112,2026/01/31,CLE,31,Jarrett Allen,PT23M05.00S,12,3,7,1,1,1,2,0.666666666666666,0.666666666666666,0.0,0,0,6,9,0,0,-27.0
113,2026/01/31,CLE,5,Sam Merrill,PT18M46.00S,10,2,2,0,0,1,3,0.333333333333333,0.4,0.28571428571428603,2,7,2,5,0,0,-19.0
114,2026/01/31,CLE,45,Donovan Mitchell,PT27M43.90S,16,6,3,1,0,8,0,0.5,0.75,0.375,3,8,3,4,1,1,-10.0
115,2026/01/31,CLE,2,Lonzo Ball,PT24M33.00S,3,5,6,3,0,3,0,0.125,0.0,0.14285714285714302,1,7,0,1,0,1,-10.0
116,2026/01/31,CLE,12,De'Andre Hunter,PT22M52.00S,17,1,3,3,0,3,2,0.466666666666667,0.625,0.28571428571428603,2,7,5,8,1,3,-10.0
117,2026/01/31,CLE,3,Thomas Bryant,PT24M42.90S,9,6,6,0,1,1,1,0.5,0.0,0.6,3,5,0,1,0,0,14.0
118,2026/01/31,CLE,35,Nae'Qwan Tomlin,PT24M55.00S,14,1,5,2,0,1,3,0.666666666666666,0.857142857142857,0.0,0,2,6,7,2,2,14.0
119,2026/01/31,CLE,24,Tyrese Proctor,PT17M50.00S,4,5,0,1,0,3,3,0.2,0.5,0.0,0,3,1,2,2,2,10.0
120,2026/01/31,CLE,22,Larry Nance Jr.,PT10M12.00S,9,2,3,2,0,0,1,0.6,0.5,1.0,1,1,2,4,2,2,17.0
121,2026/01/31,PHX,3,Dillon Brooks,PT24M24.10S,27,3,2,2,0,2,4,0.642857142857143,0.7,0.5,2,4,7,10,7,8,24.0
122,2026/01/31,PHX,00,Royce O'Neale,PT23M55.10S,12,2,5,1,0,0,2,0.5,0.0,0.5,4,8,0,0,0,0,19.0
123,2026/01/31,PHX,15,Mark Williams,PT23M21.00S,10,2,7,2,1,2,1,0.555555555555556,0.555555555555556,0.0,0,0,5,9,0,0,18.0
124,2026/01/31,PHX,8,Grayson Allen,PT26M56.90S,13,5,5,1,0,2,0,0.5,0.666666666666666,0.4,2,5,2,3,3,5,25.0
125,2026/01/31,PHX,12,Collin Gillespie,PT24M05.20S,16,5,2,2,0,1,3,0.625,0.5,0.666666666666666,4,6,1,2,2,3,5.0
126,2026/01/31,PHX,4,Jalen Green,PT15M34.20S,11,1,4,1,0,2,1,0.444444444444444,0.5,0.428571428571429,3,7,1,2,0,0,7.0
127,2026/01/31,PHX,11,Oso Ighodaro,PT21M44.90S,4,2,6,1,2,1,3,1.0,1.0,0.0,0,0,2,2,0,0,2.0
128,2026/01/31,PHX,23,Jordan Goodwin,PT22M15.90S,17,1,5,3,0,1,0,0.545454545454545,0.333333333333333,0.625,5,8,1,3,0,0,5.0
129,2026/01/31,PHX,0,Ryan Dunn,PT17M39.70S,0,3,3,1,1,3,1,0.0,0.0,0.0,0,4,0,1,0,0,-1.0
130,2026/01/31,PHX,17,Jamaree Bouyea,PT21M17.00S,7,5,0,1,1,2,1,0.5,0.666666666666666,0.333333333333333,1,3,2,3,0,0,1.0
131,2026/01/31,PHX,18,Isaiah Livers,PT07M28.00S,4,2,1,0,0,2,1,0.5,0.0,0.5,1,2,0,0,1,2,-13.0
132,2026/01/31,PHX,20,Rasheer Fleming,PT05M54.00S,5,0,3,0,0,1,2,0.666666666666666,0.5,1.0,1,1,1,2,0,0,-13.0
133,2026/01/31,PHX,10,Khaman Maluach,PT02M42.00S,0,0,0,0,0,0,0,0.0,0.0,0.0,0,0,0,0,0,0,-7.0
134,2026/01/31,PHX,21,Nigel Hayes-Davis,PT02M42.00S,0,0,0,0,0,1,0,0.0,0.0,0.0,0,0,0,0,0,0,-7.0
135,2026/01/31,LAC,2,Kawhi Leonard,PT31M08.00S,21,6,3,2,0,2,2,0.444444444444444,0.5,0.25,1,4,7,14,4,5,-4.0
136,2026/01/31,LAC,20,John Collins,PT31M11.30S,18,4,6,1,1,0,4,0.636363636363636,0.75,0.5714285714285711,4,7,3,4,0,1,-15.0
137,2026/01/31,LAC,40,Ivica Zubac,PT29M41.00S,13,2,7,0,0,2,3,0.6,0.6,0.0,0,0,6,10,1,2,-6.0
138,2026/01/31,LAC,8,Kris Dunn,PT25M28.00S,5,5,2,0,0,0,3,0.222222222222222,0.333333333333333,0.166666666666667,1,6,1,3,0,0,-5.0
139,2026/01/31,LAC,1,James Harden,PT33M55.00S,25,9,5,0,1,4,2,0.470588235294118,0.5714285714285711,0.4,4,10,4,7,5,5,-17.0
140,2026/01/31,LAC,4,Kobe Sanders,PT22M32.00S,8,2,2,0,0,0,1,0.428571428571429,0.5,0.4,2,5,1,2,0,0,-8.0
141,2026/01/31,LAC,11,Brook Lopez,PT16M19.00S,0,0,3,2,1,1,4,0.0,0.0,0.0,0,0,0,0,0,0,-10.0
142,2026/01/31,LAC,22,Jordan Miller,PT18M40.00S,7,0,3,1,0,0,2,0.5,0.75,0.0,0,2,3,4,1,3,-5.0
143,2026/01/31,LAC,33,Nicolas Batum,PT21M49.70S,6,1,3,1,0,0,0,0.333333333333333,0.0,0.333333333333333,2,6,0,0,0,0,-2.0
144,2026/01/31,LAC,12,Cam Christie,PT03M38.00S,3,0,0,0,0,0,0,1.0,1.0,0.0,0,0,1,1,1,1,2.0
145,2026/01/31,LAC,24,Kobe Brown,PT03M38.00S,3,0,0,0,0,0,0,0.0,0.0,0.0,0,0,0,0,3,4,2.0
146,2026/01/31,LAC,14,Yanic Konan Niederhäuser,PT02M00.00S,0,0,0,0,0,0,0,0.0,0.0,0.0,0,0,0,1,0,0,3.0
147,2026/01/31,DEN,21,Spencer Jones,PT35M08.00S,4,1,6,1,1,0,3,0.25,0.0,1.0,1,1,0,3,1,2,3.0
148,2026/01/31,DEN,8,Peyton Watson,PT35M18.00S,21,3,4,0,0,3,1,0.529411764705882,0.583333333333333,0.4,2,5,7,12,1,2,22.0
149,2026/01/31,DEN,15,Nikola Jokić,PT24M32.00S,31,5,12,3,0,1,3,0.7272727272727271,0.75,0.666666666666666,2,3,6,8,13,17,11.0
150,2026/01/31,DEN,24,Jalen Pickett,PT14M11.00S,0,3,3,0,0,0,1,0.0,0.0,0.0,0,4,0,0,0,0,-8.0
151,2026/01/31,DEN,27,Jamal Murray,PT35M52.30S,20,9,4,1,0,3,1,0.7,0.6,0.8,4,5,3,5,2,2,25.0
152,2026/01/31,DEN,10,Tim Hardaway Jr.,PT24M37.00S,22,0,2,0,0,0,1,0.666666666666666,0.5,0.714285714285714,5,7,1,2,5,5,10.0
153,2026/01/31,DEN,17,Jonas Valančiūnas,PT21M28.00S,11,2,6,0,2,2,2,0.45454545454545503,0.45454545454545503,0.0,0,0,5,11,1,1,5.0
154,2026/01/31,DEN,11,Bruce Brown,PT26M20.00S,6,3,2,1,0,2,4,0.333333333333333,0.0,0.5,1,2,0,1,3,3,17.0
155,2026/01/31,DEN,3,Julian Strawther,PT16M33.70S,3,3,3,1,1,0,1,0.5,0.0,1.0,1,1,0,1,0,0,-11.0
156,2026/01/31,DEN,5,Hunter Tyson,PT02M00.00S,0,1,1,0,0,0,0,0.0,0.0,0.0,0,0,0,0,0,0,-3.0
157,2026/01/31,DEN,14,DaRon Holmes II,PT02M00.00S,2,0,0,0,0,0,1,1.0,1.0,0.0,0,0,1,1,0,0,-3.0
158,2026/01/31,DEN,22,Zeke Nnaji,PT02M00.00S,2,0,0,0,0,1,0,1.0,1.0,0.0,0,0,1,1,0,0,-3.0
159,2026/01/31,BKN,14,Terance Mann,PT28M20.00S,7,1,2,1,0,1,1,0.5,0.666666666666666,0.333333333333333,1,3,2,3,0,0,-5.0
160,2026/01/31,BKN,2,Danny Wolf,PT28M29.00S,14,2,5,0,1,1,4,0.545454545454545,1.0,0.28571428571428603,2,7,4,4,0,2,-6.0
161,2026/01/31,BKN,33,Nic Claxton,PT30M11.00S,6,3,9,3,2,2,3,0.428571428571429,0.428571428571429,0.0,0,0,3,7,0,6,-2.0
162,2026/01/31,BKN,8,Egor Dëmin,PT29M23.00S,25,4,10,0,0,1,3,0.5,0.5,0.5,6,12,2,4,3,4,2.0
163,2026/01/31,BKN,88,Nolan Traore,PT25M39.00S,7,6,2,0,2,1,1,0.375,0.5,0.0,0,2,3,6,1,1,-9.0
164,2026/01/31,BKN,20,Day'Ron Sharpe,PT17M49.00S,16,1,9,0,0,2,2,0.8,0.75,1.0,1,1,3,4,7,9,12.0
165,2026/01/31,BKN,24,Cam Thomas,PT24M02.00S,21,4,2,0,0,3,1,0.466666666666667,0.666666666666666,0.166666666666667,1,6,6,9,6,6,14.0
166,2026/01/31,BKN,77,Ben Saraf,PT20M35.00S,2,2,3,1,0,1,2,0.166666666666667,0.333333333333333,0.0,0,3,1,3,0,0,14.0
167,2026/01/31,BKN,4,Drake Powell,PT16M01.00S,2,1,2,0,0,0,2,1.0,1.0,0.0,0,0,1,1,0,0,14.0
168,2026/01/31,BKN,22,Jalen Wilson,PT19M31.00S,9,3,3,1,0,0,1,0.428571428571429,0.0,0.5,3,6,0,1,0,0,16.0
169,2026/01/31,UTA,10,Svi Mykhailiuk,PT21M06.00S,3,3,2,0,0,0,2,0.166666666666667,0.0,0.25,1,4,0,2,0,0,-6.0
170,2026/01/31,UTA,5,Cody Williams,PT28M29.00S,6,1,2,1,1,1,2,0.5,0.5,0.0,0,0,3,6,0,0,6.0
171,2026/01/31,UTA,22,Kyle Filipowski,PT28M29.00S,14,2,12,1,1,2,5,0.666666666666666,0.666666666666666,0.666666666666666,2,3,4,6,0,2,6.0
172,2026/01/31,UTA,19,Ace Bailey,PT29M17.00S,12,0,2,2,0,0,2,0.5,0.6,0.4,2,5,3,5,0,0,5.0
173,2026/01/31,UTA,3,Keyonte George,PT32M18.00S,26,7,3,0,1,3,1,0.818181818181818,1.0,0.333333333333333,1,3,8,8,7,10,-5.0
174,2026/01/31,UTA,8,Isaiah Collier,PT26M33.00S,10,7,2,1,0,4,2,0.5,0.555555555555556,0.0,0,1,5,9,0,0,-7.0
175,2026/01/31,UTA,28,Brice Sensabaugh,PT26M08.00S,18,0,5,0,0,0,3,0.428571428571429,0.5,0.375,3,8,3,6,3,3,-12.0
176,2026/01/31,UTA,0,Taylor Hendricks,PT15M05.00S,7,1,3,0,0,0,1,0.428571428571429,0.666666666666666,0.25,1,4,2,3,0,2,-12.0
177,2026/01/31,UTA,2,Kyle Anderson,PT19M31.00S,2,4,1,1,0,0,4,0.5,0.5,0.0,0,0,1,2,0,0,-16.0
178,2026/01/31,UTA,13,Walter Clayton Jr.,PT13M04.00S,1,1,1,0,1,1,1,0.0,0.0,0.0,0,1,0,2,1,2,-9.0
179,2026/01/31,DET,9,Ausar Thompson,PT28M52.60S,7,2,8,6,0,2,3,0.3,0.3,0.0,0,0,3,10,1,4,3.0
180,2026/01/31,DET,12,Tobias Harris,PT34M17.00S,15,3,8,2,0,2,2,0.3,0.375,0.0,0,2,3,8,9,9,-2.0
181,2026/01/31,DET,0,Jalen Duren,PT29M32.00S,21,3,13,1,0,1,5,0.5,0.5,0.0,0,0,7,14,7,10,9.0
182,2026/01/31,DET,55,Duncan Robinson,PT29M37.40S,15,2,2,0,0,2,2,0.45454545454545503,0.0,0.5,5,10,0,1,0,0,-1.0
183,2026/01/31,DET,2,Cade Cunningham,PT34M50.00S,29,11,4,0,1,3,2,0.578947368421053,0.6,0.5,2,4,9,15,5,6,1.0
184,2026/01/31,DET,28,Isaiah Stewart,PT23M57.00S,14,3,5,0,2,0,3,0.7,0.875,0.0,0,2,7,8,0,0,2.0
185,2026/01/31,DET,5,Ronald Holland II,PT16M06.00S,6,1,4,1,0,1,3,0.4,0.666666666666666,0.0,0,2,2,3,2,2,3.0
186,2026/01/31,DET,23,Jaden Ivey,PT17M32.00S,9,2,4,1,0,1,2,0.428571428571429,0.5,0.333333333333333,1,3,2,4,2,2,8.0
187,2026/01/31,DET,31,Javonte Green,PT08M14.00S,3,0,3,0,0,0,0,1.0,0.0,1.0,1,1,0,0,0,0,5.0
188,2026/01/31,DET,24,Daniss Jenkins,PT17M02.00S,12,4,2,2,0,2,1,0.5,0.5,0.5,1,2,3,6,3,3,7.0
189,2026/01/31,GSW,4,Moses Moody,PT25M04.90S,11,0,4,1,0,2,2,0.375,0.0,0.5,3,6,0,2,2,6,-3.0
190,2026/01/31,GSW,23,Draymond Green,PT32M53.60S,15,7,6,0,0,2,6,0.5,1.0,0.444444444444444,4,9,1,1,1,1,2.0
191,2026/01/31,GSW,20,Al Horford,PT23M17.90S,13,3,7,2,1,1,1,0.555555555555556,0.8,0.25,1,4,4,5,2,2,-11.0
192,2026/01/31,GSW,2,Brandin Podziemski,PT28M18.00S,11,8,8,2,0,4,0,0.125,0.0,0.25,1,4,0,4,8,9,-7.0
193,2026/01/31,GSW,30,Stephen Curry,PT25M24.00S,23,2,1,0,1,4,0,0.4375,0.5,0.4,4,10,3,6,5,5,-5.0
194,2026/01/31,GSW,3,Will Richard,PT15M09.00S,0,1,2,0,0,1,1,0.0,0.0,0.0,0,1,0,0,0,0,-8.0
195,2026/01/31,GSW,8,De'Anthony Melton,PT25M31.30S,18,3,5,2,0,2,4,0.538461538461538,0.666666666666666,0.25,1,4,6,9,3,3,-3.0
196,2026/01/31,GSW,21,Quinten Post,PT13M37.40S,6,1,2,1,0,1,2,0.166666666666667,0.5,0.0,0,4,1,2,4,4,-6.0
197,2026/01/31,GSW,15,Gui Santos,PT25M27.80S,16,1,1,2,1,0,2,0.777777777777778,0.833333333333334,0.666666666666666,2,3,5,6,0,1,-2.0
198,2026/01/31,GSW,7,Buddy Hield,PT17M08.10S,10,2,4,0,0,1,2,0.4,0.666666666666666,0.28571428571428603,2,7,2,3,0,2,1.0
199,2026/01/31,GSW,61,Pat Spencer,PT08M08.00S,1,3,2,0,1,0,0,0.0,0.0,0.0,0,0,0,0,1,2,7.0
0,2026/02/01,SAS,24,Devin Vassell,PT30M23.00S,13,2,5,1,1,0,0,0.5,1.0,0.28571428571428603,2,7,3,3,1,2,7.0
1,2026/02/01,SAS,30,Julian Champagnie,PT28M52.00S,13,1,5,0,2,0,1,0.5714285714285711,0.0,0.666666666666666,4,6,0,1,1,1,-2.0
2,2026/02/01,SAS,1,Victor Wembanyama,PT30M36.40S,16,1,8,1,0,2,2,0.4,0.5,0.0,0,3,6,12,4,4,-14.0
3,2026/02/01,SAS,5,Stephon Castle,PT35M02.00S,16,9,5,0,1,3,4,0.45454545454545503,0.444444444444444,0.5,1,2,4,9,5,6,4.0
4,2026/02/01,SAS,4,De'Aaron Fox,PT32M04.00S,11,7,2,2,0,1,3,0.384615384615385,0.5,0.2,1,5,4,8,0,0,-15.0
5,2026/02/01,SAS,2,Dylan Harper,PT23M14.00S,20,2,1,1,1,2,2,0.692307692307692,0.7,0.666666666666666,2,3,7,10,0,0,-6.0
6,2026/02/01,SAS,7,Luke Kornet,PT19M06.60S,0,1,5,1,1,1,2,0.0,0.0,0.0,0,0,0,0,0,0,0.0
7,2026/02/01,SAS,3,Keldon Johnson,PT15M54.00S,6,1,2,1,0,0,0,0.2,0.5,0.0,0,3,1,2,4,4,-3.0
8,2026/02/01,SAS,40,Harrison Barnes,PT24M48.00S,11,2,3,0,0,1,2,0.5,0.0,0.6,3,5,0,1,2,2,4.0
9,2026/02/01,CHA,7,Kon Knueppel,PT35M03.00S,13,4,6,1,0,2,1,0.45454545454545503,0.5714285714285711,0.25,1,4,4,7,2,3,1.0
10,2026/02/01,CHA,0,Miles Bridges,PT31M27.70S,14,2,6,2,0,1,4,0.416666666666667,0.666666666666666,0.166666666666667,1,6,4,6,3,3,-11.0
11,2026/02/01,CHA,14,Moussa Diabaté,PT33M17.70S,12,6,10,0,2,0,3,0.666666666666666,0.666666666666666,0.0,0,0,6,9,0,0,19.0
12,2026/02/01,CHA,24,Brandon Miller,PT34M51.00S,26,2,8,1,1,2,1,0.333333333333333,0.333333333333333,0.333333333333333,3,9,4,12,9,9,13.0
13,2026/02/01,CHA,1,LaMelo Ball,PT31M53.00S,16,8,8,0,0,3,3,0.333333333333333,0.333333333333333,0.333333333333333,2,6,3,9,4,5,7.0
14,2026/02/01,CHA,10,Josh Green,PT11M23.40S,0,2,1,0,0,0,1,0.0,0.0,0.0,0,1,0,0,0,0,-2.0
15,2026/02/01,CHA,11,Ryan Kalkbrenner,PT14M15.90S,6,0,4,0,2,0,0,0.75,0.75,0.0,0,0,3,4,0,0,-14.0
16,2026/02/01,CHA,2,Grant Williams,PT17M57.70S,3,2,4,0,0,0,3,0.2,0.0,0.25,1,4,0,1,0,0,10.0
17,2026/02/01,CHA,4,Sion James,PT12M13.00S,0,1,4,0,0,2,1,0.0,0.0,0.0,0,0,0,2,0,0,6.0
18,2026/02/01,CHA,8,Collin Sexton,PT17M37.60S,21,3,0,1,0,1,2,0.875,0.666666666666666,1.0,5,5,2,3,2,2,-4.0
19,2026/02/01,ATL,10,Zaccharie Risacher,PT21M39.00S,7,0,3,1,0,2,2,0.6,0.666666666666666,0.5,1,2,2,3,0,0,9.0
20,2026/02/01,ATL,1,Jalen Johnson,PT36M29.00S,33,10,12,3,0,4,1,0.413793103448276,0.39130434782608703,0.5,3,6,9,23,6,8,-5.0
21,2026/02/01,ATL,18,Mouhamed Gueye,PT31M35.90S,15,0,4,3,1,0,3,0.444444444444444,0.5714285714285711,0.0,0,2,4,7,7,9,4.0
22,2026/02/01,ATL,5,Dyson Daniels,PT29M03.50S,8,7,7,2,0,2,4,0.5714285714285711,0.5714285714285711,0.0,0,0,4,7,0,0,5.0
23,2026/02/01,ATL,7,Nickeil Alexander-Walker,PT35M08.00S,21,5,3,1,1,0,3,0.411764705882353,0.4,0.428571428571429,3,7,4,10,4,6,-1.0
24,2026/02/01,ATL,3,CJ McCollum,PT29M14.20S,18,2,4,1,0,2,2,0.533333333333333,0.7,0.2,1,5,7,10,1,2,-11.0
25,2026/02/01,ATL,24,Corey Kispert,PT22M05.70S,11,1,2,0,0,0,1,0.666666666666666,1.0,0.5,2,4,2,2,1,1,-6.0
26,2026/02/01,ATL,35,Christian Koloko,PT16M25.00S,0,0,4,0,0,0,2,0.0,0.0,0.0,0,0,0,3,0,0,-9.0
27,2026/02/01,ATL,4,Luke Kennard,PT18M19.70S,11,0,0,0,0,0,0,0.666666666666666,0.75,0.5,1,2,3,4,2,2,-11.0
28,2026/02/01,IND,12,Johnny Furphy,PT12M55.00S,0,1,2,0,0,3,2,0.0,0.0,0.0,0,2,0,1,0,0,-9.0
29,2026/02/01,IND,5,Jarace Walker,PT26M16.70S,11,4,10,0,0,1,0,0.416666666666667,0.444444444444444,0.333333333333333,1,3,4,9,0,0,-9.0
30,2026/02/01,IND,43,Pascal Siakam,PT32M33.00S,25,1,6,2,1,4,2,0.733333333333333,0.714285714285714,1.0,1,1,10,14,2,3,6.0
31,2026/02/01,IND,23,Aaron Nesmith,PT33M30.00S,23,1,1,0,0,2,4,0.8,0.833333333333334,0.75,3,4,5,6,4,4,-1.0
32,2026/02/01,IND,2,Andrew Nembhard,PT32M25.60S,26,10,6,1,0,3,6,0.473684210526316,0.4,0.555555555555556,5,9,4,10,3,5,-1.0
33,2026/02/01,IND,00,Bennedict Mathurin,PT31M54.00S,14,4,5,0,0,4,0,0.5,0.6,0.0,0,1,3,5,8,8,16.0
34,2026/02/01,IND,22,Isaiah Jackson,PT06M01.00S,0,1,5,0,1,1,3,0.0,0.0,0.0,0,0,0,0,0,0,3.0
35,2026/02/01,IND,9,T.J. McConnell,PT15M34.40S,6,4,3,2,0,1,1,0.428571428571429,0.428571428571429,0.0,0,0,3,7,0,0,6.0
36,2026/02/01,IND,26,Ben Sheppard,PT17M41.00S,8,3,7,1,0,2,1,0.5,0.5,0.5,2,4,1,2,0,0,4.0
37,2026/02/01,IND,32,Jay Huff,PT31M09.30S,16,0,6,0,2,2,2,0.545454545454545,1.0,0.375,3,8,3,3,1,1,10.0
38,2026/02/01,NOP,41,Saddiq Bey,PT31M41.00S,34,3,6,0,0,1,1,0.631578947368421,0.666666666666666,0.5714285714285711,4,7,8,12,6,6,-8.0
39,2026/02/01,NOP,1,Zion Williamson,PT29M50.90S,11,2,5,0,2,2,1,0.333333333333333,0.333333333333333,0.0,0,0,2,6,7,9,-17.0
40,2026/02/01,NOP,22,Derik Queen,PT18M43.00S,9,2,6,0,1,3,3,0.375,0.28571428571428603,1.0,1,1,2,7,2,2,-10.0
41,2026/02/01,NOP,25,Trey Murphy III,PT37M50.00S,19,2,9,0,1,0,2,0.38095238095238104,0.5,0.272727272727273,3,11,5,10,0,0,-7.0
42,2026/02/01,NOP,2,Herbert Jones,PT30M41.00S,5,5,1,0,0,1,1,0.4,0.5,0.333333333333333,1,3,1,2,0,0,-13.0
43,2026/02/01,NOP,0,Jeremiah Fears,PT21M21.00S,12,1,4,2,1,0,2,0.333333333333333,0.25,0.5,2,4,2,8,2,2,7.0
44,2026/02/01,NOP,17,Karlo Matković,PT15M38.10S,2,1,5,2,2,2,1,1.0,1.0,0.0,0,0,1,1,0,0,8.0
45,2026/02/01,NOP,21,Yves Missi,PT27M59.00S,7,3,8,0,4,0,2,0.375,0.375,0.0,0,0,3,8,1,2,4.0
46,2026/02/01,NOP,14,Micah Peavy,PT08M40.00S,5,1,0,0,0,1,1,0.5,0.5,0.5,1,2,1,2,0,0,-4.0
47,2026/02/01,NOP,15,Jose Alvarado,PT17M36.00S,10,3,2,1,0,0,2,0.375,0.0,0.375,3,8,0,0,1,1,-10.0
48,2026/02/01,PHI,9,Kelly Oubre Jr.,PT30M14.80S,19,4,10,0,0,0,4,0.538461538461538,0.666666666666666,0.428571428571429,3,7,4,6,2,4,11.0
49,2026/02/01,PHI,25,Dominick Barlow,PT28M13.40S,8,0,3,2,0,0,0,0.75,1.0,0.0,0,1,3,3,2,2,14.0
50,2026/02/01,PHI,21,Joel Embiid,PT39M01.00S,40,4,11,1,2,5,2,0.481481481481481,0.45454545454545503,0.6,3,5,10,22,11,14,16.0
51,2026/02/01,PHI,77,VJ Edgecombe,PT37M06.90S,15,5,3,1,0,1,1,0.6,0.8,0.4,2,5,4,5,1,1,7.0
52,2026/02/01,PHI,0,Tyrese Maxey,PT35M15.10S,18,8,5,1,0,1,3,0.388888888888889,0.333333333333333,0.444444444444444,4,9,3,9,0,0,5.0
53,2026/02/01,PHI,5,Quentin Grimes,PT15M49.60S,4,2,4,0,0,0,0,0.666666666666666,1.0,0.0,0,1,2,2,0,0,-3.0
54,2026/02/01,PHI,33,Jabari Walker,PT08M08.00S,0,0,2,0,0,0,0,0.0,0.0,0.0,0,0,0,2,0,0,0.0
55,2026/02/01,PHI,30,Adem Bona,PT12M45.00S,3,0,6,0,2,2,1,0.2,0.2,0.0,0,0,1,5,1,2,-2.0
56,2026/02/01,PHI,12,Trendon Watford,PT16M47.20S,5,4,6,0,0,0,3,0.4,0.333333333333333,0.5,1,2,1,3,0,0,-2.0
57,2026/02/01,PHI,20,Jared McCain,PT16M39.00S,12,1,2,0,0,0,3,0.5714285714285711,0.0,0.666666666666666,4,6,0,1,0,0,4.0
58,2026/02/01,CHI,35,Isaac Okoro,PT34M24.00S,20,3,1,1,0,1,3,0.583333333333333,0.5,1.0,2,2,5,10,4,6,10.0
59,2026/02/01,CHI,14,Matas Buzelis,PT33M04.00S,21,4,8,0,1,8,1,0.466666666666667,0.5,0.428571428571429,3,7,4,8,4,4,8.0
60,2026/02/01,CHI,44,Patrick Williams,PT34M11.00S,15,2,4,0,1,2,4,0.416666666666667,0.333333333333333,0.5,3,6,2,6,2,2,-6.0
61,2026/02/01,CHI,13,Kevin Huerter,PT21M50.00S,9,5,7,1,1,3,4,0.444444444444444,0.75,0.2,1,5,3,4,0,1,8.0
62,2026/02/01,CHI,11,Ayo Dosunmu,PT36M30.00S,29,9,8,2,0,5,2,0.6875,0.6,0.833333333333334,5,6,6,10,2,3,10.0
63,2026/02/01,CHI,7,Dalen Terry,PT28M42.10S,9,7,3,0,0,2,1,0.5,0.6,0.333333333333333,1,3,3,5,0,1,2.0
64,2026/02/01,CHI,5,Jevon Carter,PT20M07.00S,11,1,5,1,2,1,3,0.4,0.5,0.375,3,8,1,2,0,0,2.0
65,2026/02/01,CHI,15,Julian Phillips,PT12M02.00S,3,0,1,1,0,1,0,1.0,1.0,0.0,0,0,1,1,1,1,1.0
66,2026/02/01,CHI,47,Lachlan Olbrich,PT08M09.00S,2,1,3,0,0,0,2,1.0,1.0,0.0,0,0,1,1,0,0,4.0
67,2026/02/01,CHI,8,Yuki Kawamura,PT11M00.90S,6,2,3,2,0,0,1,0.5,0.0,0.666666666666666,2,3,0,1,0,0,-4.0
68,2026/02/01,MIA,15,Myron Gardner,PT22M30.80S,12,0,11,2,0,1,3,0.8,1.0,0.5,1,2,3,3,3,5,-4.0
69,2026/02/01,MIA,22,Andrew Wiggins,PT32M46.00S,17,1,1,3,1,4,0,0.375,0.428571428571429,0.333333333333333,3,9,3,7,2,3,-12.0
70,2026/02/01,MIA,13,Bam Adebayo,PT36M21.00S,21,1,11,1,0,3,1,0.388888888888889,0.6,0.125,1,8,6,10,6,9,-8.0
71,2026/02/01,MIA,9,Pelle Larsson,PT32M51.00S,22,4,7,5,0,2,2,0.636363636363636,0.833333333333334,0.4,2,5,5,6,6,7,-3.0
72,2026/02/01,MIA,25,Kasparas Jakučionis,PT27M04.20S,6,5,3,1,0,3,4,0.28571428571428603,0.0,0.333333333333333,2,6,0,1,0,0,2.0
73,2026/02/01,MIA,11,Jaime Jaquez Jr.,PT32M23.00S,20,7,6,2,1,4,4,0.5,0.538461538461538,0.333333333333333,1,3,7,13,3,4,-5.0
74,2026/02/01,MIA,0,Simone Fontecchio,PT17M58.00S,8,0,2,0,0,0,0,0.3,0.5,0.25,2,8,1,2,0,0,-2.0
75,2026/02/01,MIA,7,Kel'el Ware,PT03M11.00S,2,1,1,0,0,0,1,0.5,1.0,0.0,0,1,1,1,0,0,-2.0
76,2026/02/01,MIA,5,Nikola Jović,PT15M00.00S,2,1,2,1,1,2,1,0.166666666666667,0.25,0.0,0,2,1,4,0,0,-4.0
77,2026/02/01,MIA,12,Dru Smith,PT19M55.00S,8,6,3,2,1,0,3,0.5,1.0,0.333333333333333,1,3,1,1,3,3,3.0
78,2026/02/01,MIN,3,Jaden McDaniels,PT34M14.00S,20,2,4,0,0,3,4,0.5714285714285711,0.555555555555556,0.6,3,5,5,9,1,1,-1.0
79,2026/02/01,MIN,30,Julius Randle,PT35M09.00S,27,7,7,1,0,4,4,0.647058823529412,0.583333333333333,0.8,4,5,7,12,1,1,11.0
80,2026/02/01,MIN,27,Rudy Gobert,PT30M48.00S,9,0,16,2,2,0,0,0.5,0.5714285714285711,0.0,0,1,4,7,1,4,4.0
81,2026/02/01,MIN,5,Anthony Edwards,PT38M44.00S,33,3,2,1,1,1,2,0.428571428571429,0.533333333333333,0.166666666666667,1,6,8,15,14,16,18.0
82,2026/02/01,MIN,0,Donte DiVincenzo,PT17M38.00S,11,5,1,1,0,2,5,0.5714285714285711,0.5,0.6,3,5,1,2,0,0,7.0
83,2026/02/01,MIN,11,Naz Reid,PT30M54.00S,20,5,9,3,0,1,1,0.5,0.25,0.6,6,10,1,4,0,0,15.0
84,2026/02/01,MIN,10,Mike Conley,PT17M56.00S,0,2,3,2,2,1,0,0.0,0.0,0.0,0,1,0,0,0,0,18.0
85,2026/02/01,MIN,22,Jaylen Clark,PT16M32.00S,5,0,2,1,0,1,2,0.666666666666666,1.0,0.0,0,1,2,2,1,1,18.0
86,2026/02/01,MIN,19,Joan Beringer,PT05M14.00S,2,0,0,0,0,0,0,1.0,1.0,0.0,0,0,1,1,0,0,6.0
87,2026/02/01,MIN,8,Bones Hyland,PT12M51.00S,4,4,1,1,0,1,3,0.333333333333333,0.0,0.333333333333333,1,3,0,0,1,1,-11.0
88,2026/02/01,MEM,5,Vince Williams Jr.,PT22M37.00S,8,0,4,0,0,1,0,0.5,0.666666666666666,0.333333333333333,1,3,2,3,1,2,-12.0
89,2026/02/01,MEM,0,Jaylen Wells,PT26M35.00S,15,1,6,0,0,1,3,0.384615384615385,0.375,0.4,2,5,3,8,3,6,-5.0
90,2026/02/01,MEM,31,Jock Landale,PT26M01.00S,7,2,8,2,0,3,0,0.428571428571429,0.5,0.333333333333333,1,3,2,4,0,0,-14.0
91,2026/02/01,MEM,23,Cedric Coward,PT27M17.00S,8,3,6,1,2,3,2,0.333333333333333,0.6,0.0,0,4,3,5,2,2,-13.0
92,2026/02/01,MEM,2,Ty Jerome,PT19M30.00S,20,6,1,1,0,2,3,0.5,0.8,0.28571428571428603,2,7,4,5,6,7,-8.0
93,2026/02/01,MEM,10,Javon Small,PT21M36.00S,7,6,4,1,0,0,0,0.333333333333333,0.333333333333333,0.333333333333333,1,3,2,6,0,2,-7.0
94,2026/02/01,MEM,24,Cam Spencer,PT25M23.00S,5,5,3,2,0,1,2,0.5,0.5,0.5,1,2,1,2,0,0,-5.0
95,2026/02/01,MEM,45,GG Jackson,PT27M37.00S,19,5,4,0,1,2,3,0.7272727272727271,0.875,0.333333333333333,1,3,7,8,2,2,-6.0
96,2026/02/01,MEM,18,Olivier-Maxence Prosper,PT21M59.00S,13,0,5,1,1,1,2,0.666666666666666,1.0,0.25,1,4,5,5,0,0,-3.0
97,2026/02/01,MEM,3,Kentavious Caldwell-Pope,PT21M25.00S,12,1,2,0,0,0,1,0.5,0.714285714285714,0.0,0,3,5,7,2,3,-12.0
98,2026/02/01,DAL,32,Cooper Flagg,PT38M55.00S,34,5,12,0,1,2,1,0.52,0.5714285714285711,0.25,1,4,12,21,7,10,2.0
99,2026/02/01,DAL,25,P.J. Washington,PT25M08.00S,9,1,4,1,0,3,2,0.444444444444444,0.5,0.0,0,1,4,8,1,3,-12.0
100,2026/02/01,DAL,21,Daniel Gafford,PT28M16.00S,16,1,11,0,0,0,1,0.7,0.7,0.0,0,0,7,10,2,2,1.0
101,2026/02/01,DAL,13,Naji Marshall,PT31M39.00S,8,2,8,0,0,0,1,0.272727272727273,0.3,0.0,0,1,3,10,2,6,-18.0
102,2026/02/01,DAL,00,Max Christie,PT31M59.70S,11,1,2,0,1,2,1,0.36363636363636404,0.14285714285714302,0.75,3,4,1,7,0,0,-7.0
103,2026/02/01,DAL,7,Dwight Powell,PT06M24.00S,0,0,3,0,0,0,2,0.0,0.0,0.0,0,0,0,1,0,0,-12.0
104,2026/02/01,DAL,10,Brandon Williams,PT08M58.30S,13,0,0,0,0,1,1,0.714285714285714,0.75,0.666666666666666,2,3,3,4,1,1,3.0
105,2026/02/01,DAL,16,Caleb Martin,PT16M43.00S,4,5,4,2,0,0,0,0.25,0.0,1.0,1,1,0,3,1,2,7.0
106,2026/02/01,DAL,31,Klay Thompson,PT27M34.00S,9,0,2,0,0,2,1,0.333333333333333,0.0,0.428571428571429,3,7,0,2,0,0,7.0
107,2026/02/01,DAL,30,Moussa Cisse,PT13M20.00S,3,1,1,0,1,0,2,1.0,1.0,0.0,0,0,1,1,1,2,7.0
108,2026/02/01,DAL,9,Ryan Nembhard,PT11M03.00S,0,3,1,0,1,1,0,0.0,0.0,0.0,0,2,0,2,0,0,2.0
109,2026/02/01,HOU,7,Kevin Durant,PT38M15.00S,13,8,5,2,0,1,2,0.352941176470588,0.384615384615385,0.25,1,4,5,13,0,0,1.0
110,2026/02/01,HOU,10,Jabari Smith Jr.,PT33M16.00S,19,2,8,0,3,0,2,0.538461538461538,0.5,0.6,3,5,4,8,2,2,12.0
111,2026/02/01,HOU,28,Alperen Sengun,PT34M49.40S,14,7,14,0,0,2,4,0.3,0.3,0.0,0,0,6,20,2,4,-3.0
112,2026/02/01,HOU,17,Tari Eason,PT31M24.00S,17,3,7,2,0,1,4,0.466666666666667,0.4,0.6,3,5,4,10,0,0,5.0
113,2026/02/01,HOU,1,Amen Thompson,PT40M39.00S,21,9,8,2,0,0,0,0.466666666666667,0.466666666666667,0.0,0,0,7,15,7,9,15.0
114,2026/02/01,HOU,20,Josh Okogie,PT21M20.60S,13,1,5,1,1,0,4,0.45454545454545503,0.4,0.5,3,6,2,5,0,0,1.0
115,2026/02/01,HOU,15,Reed Sheppard,PT17M16.00S,6,1,1,2,1,1,3,0.375,0.75,0.0,0,4,3,4,0,0,-4.0
116,2026/02/01,HOU,2,Dorian Finney-Smith,PT10M18.00S,2,1,1,0,1,0,0,0.333333333333333,1.0,0.0,0,2,1,1,0,0,-12.0
117,2026/02/01,HOU,30,Clint Capela,PT12M42.00S,6,1,4,1,0,0,1,0.5,0.5,0.0,0,0,3,6,0,0,5.0
0,2026/02/02,MIL,18,Kyle Kuzma,PT34M11.60S,16,2,5,1,0,1,1,0.384615384615385,0.333333333333333,0.5,2,4,3,9,4,6,-1.0
1,2026/02/02,MIL,9,Bobby Portis,PT37M08.40S,8,3,12,1,0,3,2,0.307692307692308,0.36363636363636404,0.0,0,2,4,11,0,0,-13.0
2,2026/02/02,MIL,3,Myles Turner,PT26M22.00S,7,1,4,2,0,2,2,0.25,0.25,0.25,1,4,1,4,2,2,-21.0
3,2026/02/02,MIL,20,AJ Green,PT29M15.00S,3,1,2,0,0,0,1,0.2,0.0,0.2,1,5,0,0,0,0,-27.0
4,2026/02/02,MIL,13,Ryan Rollins,PT36M10.40S,25,7,6,1,0,3,2,0.625,0.583333333333333,0.75,3,4,7,12,2,4,-15.0
5,2026/02/02,MIL,5,Gary Trent Jr.,PT25M10.00S,9,0,1,0,0,0,2,0.25,0.0,0.28571428571428603,2,7,0,1,3,3,-18.0
6,2026/02/02,MIL,35,Pete Nance,PT18M08.00S,7,0,4,0,0,1,4,0.5,0.666666666666666,0.333333333333333,1,3,2,3,0,0,-16.0
7,2026/02/02,MIL,17,Amir Coffey,PT03M32.60S,0,0,0,0,0,0,0,0.0,0.0,0.0,0,0,0,0,0,0,-4.0
8,2026/02/02,MIL,50,Cole Anthony,PT14M51.00S,2,3,2,0,0,0,2,0.14285714285714302,0.2,0.0,0,2,1,5,0,0,-16.0
9,2026/02/02,MIL,44,Andre Jackson Jr.,PT08M16.00S,0,0,2,0,0,0,1,0.0,0.0,0.0,0,3,0,2,0,0,-5.0
10,2026/02/02,MIL,00,Jericho Sims,PT04M23.00S,2,0,0,0,0,0,0,1.0,1.0,0.0,0,0,1,1,0,0,-4.0
11,2026/02/02,MIL,43,Thanasis Antetokounmpo,PT02M32.00S,0,0,2,0,0,0,0,0.0,0.0,0.0,0,0,0,0,0,0,0.0
12,2026/02/02,BOS,7,Jaylen Brown,PT29M29.00S,30,2,13,1,0,4,1,0.6,0.5714285714285711,0.666666666666666,4,6,8,14,2,3,16.0
13,2026/02/02,BOS,30,Sam Hauser,PT27M17.60S,3,1,1,0,0,0,2,0.111111111111111,0.0,0.14285714285714302,1,7,0,2,0,0,20.0
14,2026/02/02,BOS,88,Neemias Queta,PT30M45.00S,14,4,8,0,1,2,4,0.7,0.7,0.0,0,0,7,10,0,0,17.0
15,2026/02/02,BOS,11,Payton Pritchard,PT26M39.00S,7,5,3,0,0,0,1,0.25,0.25,0.25,1,4,1,4,2,2,10.0
16,2026/02/02,BOS,9,Derrick White,PT32M13.00S,17,8,7,1,0,1,2,0.428571428571429,0.428571428571429,0.428571428571429,3,7,3,7,2,2,27.0
17,2026/02/02,BOS,4,Anfernee Simons,PT24M46.00S,27,1,3,0,0,0,2,0.555555555555556,0.5,0.6,6,10,4,8,1,1,10.0
18,2026/02/02,BOS,28,Hugo González,PT17M19.00S,0,0,5,2,0,1,1,0.0,0.0,0.0,0,3,0,0,0,0,11.0
19,2026/02/02,BOS,52,Luka Garza,PT13M02.40S,3,0,2,0,0,0,0,0.5,1.0,0.0,0,1,1,1,1,2,7.0
20,2026/02/02,BOS,55,Baylor Scheierman,PT13M15.00S,0,0,4,0,0,0,0,0.0,0.0,0.0,0,1,0,1,0,0,13.0
21,2026/02/02,BOS,27,Jordan Walsh,PT19M49.00S,6,3,5,0,1,1,3,0.333333333333333,0.666666666666666,0.0,0,3,2,3,2,3,8.0
22,2026/02/02,BOS,77,Amari Williams,PT04M05.00S,0,0,1,0,0,0,0,0.0,0.0,0.0,0,0,0,0,0,0,4.0
23,2026/02/02,BOS,8,Josh Minott,PT01M20.00S,0,0,0,0,0,0,0,0.0,0.0,0.0,0,0,0,0,0,0,-3.0
24,2026/02/02,BKN,14,Terance Mann,PT20M27.00S,4,1,2,0,0,1,2,0.666666666666666,1.0,0.0,0,1,2,2,0,0,-34.0
25,2026/02/02,BKN,2,Danny Wolf,PT28M38.00S,6,4,10,0,1,4,3,0.222222222222222,0.5,0.0,0,5,2,4,2,2,-43.0
26,2026/02/02,BKN,33,Nic Claxton,PT17M24.00S,10,1,2,1,0,1,2,0.555555555555556,0.555555555555556,0.0,0,0,5,9,0,0,-32.0
27,2026/02/02,BKN,8,Egor Dëmin,PT14M34.00S,3,1,0,0,0,1,0,0.0,0.0,0.0,0,4,0,0,3,3,-20.0
28,2026/02/02,BKN,88,Nolan Traore,PT17M11.00S,5,2,1,0,1,4,3,0.28571428571428603,0.25,0.333333333333333,1,3,1,4,0,0,-18.0
29,2026/02/02,BKN,4,Drake Powell,PT32M09.00S,12,1,3,0,0,0,1,0.428571428571429,0.5,0.333333333333333,1,3,2,4,5,5,-30.0
30,2026/02/02,BKN,20,Day'Ron Sharpe,PT22M12.00S,8,0,11,0,0,5,1,0.4,0.4,0.0,0,0,2,5,4,6,-12.0
31,2026/02/02,BKN,24,Cam Thomas,PT23M05.00S,12,3,3,0,0,4,1,0.4,0.25,0.5,3,6,1,4,1,1,-19.0
32,2026/02/02,BKN,77,Ben Saraf,PT18M49.00S,4,4,1,2,0,0,1,0.0,0.0,0.0,0,2,0,3,4,6,-20.0
33,2026/02/02,BKN,22,Jalen Wilson,PT27M26.00S,8,0,7,0,0,2,5,0.25,0.2,0.333333333333333,1,3,1,5,3,4,-16.0
34,2026/02/02,BKN,9,E.J. Liddell,PT09M41.00S,5,0,2,0,0,0,0,0.5,0.5,0.5,1,2,1,2,0,0,-12.0
35,2026/02/02,BKN,13,Tyrese Martin,PT08M24.00S,0,0,1,0,0,1,0,0.0,0.0,0.0,0,2,0,0,0,0,-9.0
36,2026/02/02,DET,9,Ausar Thompson,PT24M57.30S,9,3,8,3,2,0,1,0.8,0.75,1.0,1,1,3,4,0,0,43.0
37,2026/02/02,DET,12,Tobias Harris,PT19M45.00S,11,3,2,1,0,0,0,0.5,0.5,0.5,1,2,1,2,6,6,33.0
38,2026/02/02,DET,0,Jalen Duren,PT24M09.00S,21,3,10,2,0,0,2,0.666666666666666,0.666666666666666,0.0,0,0,8,12,5,6,42.0
39,2026/02/02,DET,55,Duncan Robinson,PT21M49.30S,8,1,3,1,0,0,0,0.375,0.333333333333333,0.4,2,5,1,3,0,0,41.0
40,2026/02/02,DET,2,Cade Cunningham,PT26M08.30S,18,12,4,4,3,2,3,0.636363636363636,0.857142857142857,0.25,1,4,6,7,3,7,34.0
41,2026/02/02,DET,28,Isaiah Stewart,PT20M58.00S,9,1,1,0,1,1,4,0.5,0.6,0.0,0,1,3,5,3,4,8.0
42,2026/02/02,DET,23,Jaden Ivey,PT20M34.40S,8,1,2,1,0,0,2,0.333333333333333,0.333333333333333,0.333333333333333,2,6,1,3,0,0,8.0
43,2026/02/02,DET,5,Ronald Holland II,PT19M50.70S,6,2,2,2,0,2,5,0.333333333333333,0.75,0.0,0,5,3,4,0,0,16.0
44,2026/02/02,DET,24,Daniss Jenkins,PT19M37.00S,18,1,4,0,0,0,2,0.666666666666666,0.714285714285714,0.5,1,2,5,7,5,6,6.0
45,2026/02/02,DET,31,Javonte Green,PT18M59.00S,8,1,3,0,0,1,1,1.0,1.0,1.0,2,2,1,1,0,0,17.0
46,2026/02/02,DET,25,Marcus Sasser,PT14M48.00S,10,4,0,3,0,0,1,0.666666666666666,1.0,0.5,2,4,2,2,0,0,8.0
47,2026/02/02,DET,7,Paul Reed,PT08M24.00S,4,1,4,0,0,0,0,0.666666666666666,0.666666666666666,0.0,0,0,2,3,0,0,9.0
48,2026/02/02,CHI,35,Isaac Okoro,PT25M29.00S,9,0,3,0,0,2,1,0.428571428571429,0.75,0.0,0,3,3,4,3,4,-32.0
49,2026/02/02,CHI,14,Matas Buzelis,PT21M16.00S,2,2,3,0,3,3,2,0.14285714285714302,0.5,0.0,0,5,1,2,0,0,-37.0
50,2026/02/02,CHI,9,Nikola Vučević,PT22M10.30S,12,1,2,1,0,1,3,0.416666666666667,0.555555555555556,0.0,0,3,5,9,2,2,-37.0
51,2026/02/02,CHI,0,Coby White,PT29M30.00S,16,3,4,0,0,4,2,0.307692307692308,0.5714285714285711,0.0,0,6,4,7,8,8,-42.0
52,2026/02/02,CHI,11,Ayo Dosunmu,PT26M15.00S,10,1,6,0,0,3,1,0.333333333333333,0.4,0.25,1,4,2,5,3,3,-46.0
53,2026/02/02,CHI,7,Dalen Terry,PT27M35.00S,8,3,6,1,1,1,1,0.428571428571429,0.25,0.666666666666666,2,3,1,4,0,1,-5.0
54,2026/02/02,CHI,44,Patrick Williams,PT27M30.70S,9,1,10,1,1,3,2,0.25,0.6,0.0,0,7,3,5,3,4,-8.0
55,2026/02/02,CHI,15,Julian Phillips,PT22M31.00S,10,0,3,1,0,0,1,0.272727272727273,0.166666666666667,0.4,2,5,1,6,2,2,-11.0
56,2026/02/02,CHI,8,Yuki Kawamura,PT26M42.00S,6,6,6,0,0,1,1,0.25,1.0,0.0,0,3,1,1,4,4,2.0
57,2026/02/02,CHI,47,Lachlan Olbrich,PT11M01.00S,9,1,4,1,1,0,2,0.4,0.333333333333333,0.5,1,2,1,3,4,6,1.0
58,2026/02/02,MIA,0,Simone Fontecchio,PT18M24.00S,2,4,7,0,0,1,3,0.2,0.333333333333333,0.0,0,2,1,3,0,0,24.0
59,2026/02/02,MIA,22,Andrew Wiggins,PT24M29.00S,14,4,3,1,3,0,2,0.416666666666667,0.5,0.25,1,4,4,8,3,3,31.0
60,2026/02/02,MIA,13,Bam Adebayo,PT22M15.00S,20,3,9,1,0,0,0,0.7272727272727271,0.75,0.666666666666666,2,3,6,8,2,4,26.0
61,2026/02/02,MIA,9,Pelle Larsson,PT23M39.00S,20,4,4,1,1,2,2,0.7272727272727271,0.714285714285714,0.75,3,4,5,7,1,2,33.0
62,2026/02/02,MIA,45,Davion Mitchell,PT20M58.00S,13,6,2,2,0,1,2,0.555555555555556,0.5,0.6,3,5,2,4,0,0,34.0
63,2026/02/02,MIA,11,Jaime Jaquez Jr.,PT19M15.00S,14,1,5,0,0,0,1,0.4,0.416666666666667,0.333333333333333,1,3,5,12,1,1,9.0
64,2026/02/02,MIA,12,Dru Smith,PT21M14.00S,10,6,4,3,0,0,1,0.428571428571429,0.666666666666666,0.25,1,4,2,3,3,4,18.0
65,2026/02/02,MIA,25,Kasparas Jakučionis,PT19M27.00S,4,9,1,0,0,1,5,0.4,0.666666666666666,0.0,0,2,2,3,0,1,6.0
66,2026/02/02,MIA,7,Kel'el Ware,PT18M24.00S,17,1,6,0,0,1,0,0.533333333333333,0.7,0.2,1,5,7,10,0,0,25.0
67,2026/02/02,MIA,15,Myron Gardner,PT22M32.00S,5,2,7,0,0,0,4,0.28571428571428603,0.25,0.333333333333333,1,3,1,4,0,0,13.0
68,2026/02/02,MIA,16,Keshad Johnson,PT12M00.00S,9,1,4,0,0,2,1,0.6,0.666666666666666,0.5,1,2,2,3,2,2,4.0
69,2026/02/02,MIA,17,Jahmir Young,PT10M02.00S,2,2,1,0,0,0,1,0.333333333333333,0.5,0.0,0,1,1,2,0,0,0.0
70,2026/02/02,MIA,50,Vladislav Goldin,PT07M21.00S,4,1,1,0,1,0,3,1.0,1.0,0.0,0,0,2,2,0,0,-8.0
71,2026/02/02,UTA,5,Cody Williams,PT20M22.00S,10,0,2,1,0,0,3,0.8,0.75,1.0,1,1,3,4,1,2,-1.0
72,2026/02/02,UTA,23,Lauri Markkanen,PT38M35.00S,27,2,11,2,1,0,0,0.39130434782608703,0.5,0.222222222222222,2,9,7,14,7,7,-5.0
73,2026/02/02,UTA,30,Jusuf Nurkić,PT32M43.00S,11,1,13,1,3,5,2,0.272727272727273,0.25,0.333333333333333,1,3,2,8,4,7,-7.0
74,2026/02/02,UTA,19,Ace Bailey,PT26M31.00S,4,2,11,1,1,3,5,0.1,0.125,0.0,0,2,1,8,2,2,-17.0
75,2026/02/02,UTA,8,Isaiah Collier,PT30M12.00S,19,7,4,2,1,3,1,0.625,0.8,0.333333333333333,1,3,4,5,8,10,-6.0
76,2026/02/02,UTA,10,Svi Mykhailiuk,PT30M01.00S,8,3,1,1,0,2,2,0.28571428571428603,0.0,0.333333333333333,2,6,0,1,2,2,5.0
77,2026/02/02,UTA,13,Walter Clayton Jr.,PT17M48.00S,7,2,2,0,0,3,2,0.333333333333333,0.5,0.2,1,5,2,4,0,0,-1.0
78,2026/02/02,UTA,28,Brice Sensabaugh,PT19M06.00S,4,0,2,2,0,4,3,0.166666666666667,0.333333333333333,0.0,0,3,1,3,2,2,-1.0
79,2026/02/02,UTA,42,Kevin Love,PT15M17.00S,4,2,5,0,0,1,1,0.28571428571428603,0.5,0.0,0,3,2,4,0,0,0.0
80,2026/02/02,UTA,22,Kyle Filipowski,PT09M25.00S,6,1,5,0,0,1,2,0.5,0.666666666666666,0.0,0,1,2,3,2,2,-2.0
81,2026/02/02,TOR,3,Brandon Ingram,PT35M20.00S,19,3,5,1,1,2,1,0.368421052631579,0.428571428571429,0.2,1,5,6,14,4,4,-1.0
82,2026/02/02,TOR,4,Scottie Barnes,PT34M13.00S,14,4,9,2,4,4,3,0.416666666666667,0.444444444444444,0.333333333333333,1,3,4,9,3,6,5.0
83,2026/02/02,TOR,12,Collin Murray-Boyles,PT24M26.10S,4,1,5,1,2,0,4,0.28571428571428603,0.333333333333333,0.0,0,1,2,6,0,0,3.0
84,2026/02/02,TOR,9,RJ Barrett,PT27M58.00S,21,4,6,0,1,3,2,0.5,0.666666666666666,0.333333333333333,2,6,4,6,7,9,13.0
85,2026/02/02,TOR,5,Immanuel Quickley,PT33M20.00S,17,4,5,4,0,2,3,0.5,0.5,0.5,3,6,3,6,2,2,8.0
86,2026/02/02,TOR,54,Sandro Mamukelashvili,PT30M20.90S,20,0,6,1,0,4,4,0.666666666666666,1.0,0.5714285714285711,4,7,2,2,4,4,6.0
87,2026/02/02,TOR,14,Ja'Kobe Walter,PT17M48.00S,7,1,1,1,0,0,3,0.333333333333333,1.0,0.0,0,2,1,1,5,5,-3.0
88,2026/02/02,TOR,23,Jamal Shead,PT19M34.00S,5,4,1,0,0,0,2,0.5,0.5,0.5,1,2,1,2,0,0,0.0
89,2026/02/02,TOR,1,Gradey Dick,PT10M49.00S,0,1,2,1,0,0,1,0.0,0.0,0.0,0,1,0,1,0,0,5.0
90,2026/02/02,TOR,77,Jamison Battle,PT03M43.00S,0,0,1,0,0,1,0,0.0,0.0,0.0,0,1,0,1,0,0,-2.0
91,2026/02/02,TOR,30,Ochai Agbaji,PT02M28.00S,0,0,1,0,0,0,0,0.0,0.0,0.0,0,1,0,1,0,0,1.0
92,2026/02/02,SAC,10,DeMar DeRozan,PT32M32.00S,32,5,2,0,1,3,1,0.625,0.6,1.0,1,1,9,15,11,12,-14.0
93,2026/02/02,SAC,9,Precious Achiuwa,PT09M16.00S,5,0,4,0,0,1,0,0.28571428571428603,0.166666666666667,1.0,1,1,1,6,0,0,-11.0
94,2026/02/02,SAC,42,Maxime Raynaud,PT27M24.00S,14,1,6,1,2,2,4,0.666666666666666,0.625,1.0,1,1,5,8,1,2,-1.0
95,2026/02/02,SAC,5,Nique Clifford,PT28M57.00S,6,4,3,2,0,1,2,0.333333333333333,0.333333333333333,0.0,0,0,1,3,4,4,-5.0
96,2026/02/02,SAC,8,Zach LaVine,PT35M25.00S,35,2,6,1,0,2,1,0.5,0.5625,0.4,4,10,9,16,5,5,-8.0
97,2026/02/02,SAC,32,Dylan Cardwell,PT20M08.00S,5,0,2,0,3,1,3,1.0,1.0,0.0,0,0,2,2,1,2,0.0
98,2026/02/02,SAC,0,Malik Monk,PT17M23.00S,4,2,4,1,1,3,1,0.2,0.333333333333333,0.0,0,4,2,6,0,0,10.0
99,2026/02/02,SAC,29,Daeqwon Plowden,PT24M26.00S,0,0,4,0,1,0,1,0.0,0.0,0.0,0,3,0,0,0,0,5.0
100,2026/02/02,SAC,22,Devin Carter,PT15M53.00S,4,2,3,2,0,1,1,0.25,0.25,0.0,0,0,1,4,2,2,2.0
101,2026/02/02,SAC,19,Drew Eubanks,PT03M59.00S,2,0,1,0,0,0,0,1.0,1.0,0.0,0,0,1,1,0,0,-5.0
102,2026/02/02,SAC,24,Isaiah Stevens,PT18M59.00S,2,5,2,2,0,0,1,0.0,0.0,0.0,0,0,0,2,2,2,-3.0
103,2026/02/02,SAC,7,Doug McDermott,PT05M38.00S,3,0,0,0,0,0,0,1.0,0.0,1.0,1,1,0,0,0,0,10.0
104,2026/02/02,WAS,18,Kyshawn George,PT18M59.00S,6,2,1,0,1,2,1,0.5,0.6,0.0,0,1,3,5,0,0,-2.0
105,2026/02/02,WAS,22,Khris Middleton,PT17M50.00S,13,3,1,0,0,2,0,0.625,0.6,0.666666666666666,2,3,3,5,1,2,-4.0
106,2026/02/02,WAS,35,Marvin Bagley III,PT18M43.00S,15,2,6,1,1,0,2,0.875,0.857142857142857,1.0,1,1,6,7,0,0,-10.0
107,2026/02/02,WAS,0,Bilal Coulibaly,PT21M26.00S,15,3,1,2,0,1,3,0.555555555555556,0.625,0.0,0,1,5,8,5,5,-2.0
108,2026/02/02,WAS,7,Bub Carrington,PT22M46.00S,6,6,2,0,0,1,2,0.28571428571428603,0.0,0.333333333333333,2,6,0,1,0,0,-1.0
109,2026/02/02,WAS,16,Anthony Gill,PT27M13.00S,0,0,4,2,1,1,4,0.0,0.0,0.0,0,0,0,3,0,0,11.0
110,2026/02/02,WAS,27,Will Riley,PT30M10.00S,18,6,6,1,0,1,3,0.4,0.28571428571428603,0.5,4,8,2,7,2,2,8.0
111,2026/02/02,WAS,4,AJ Johnson,PT27M18.00S,17,4,1,1,0,7,2,0.538461538461538,0.625,0.4,2,5,5,8,1,2,8.0
112,2026/02/02,WAS,5,Jamir Watkins,PT16M02.00S,8,0,6,1,0,0,2,0.428571428571429,0.5,0.333333333333333,1,3,2,4,1,2,2.0
113,2026/02/02,WAS,17,Skal Labissiere,PT26M34.00S,13,2,7,2,1,1,2,0.75,1.0,0.333333333333333,1,3,5,5,0,0,6.0
114,2026/02/02,WAS,13,Sharife Cooper,PT12M59.00S,5,3,7,0,0,1,1,0.5,0.5,0.0,0,0,2,4,1,2,4.0
115,2026/02/02,LAL,23,LeBron James,PT34M33.70S,22,6,5,1,0,1,0,0.6,0.777777777777778,0.333333333333333,2,6,7,9,2,6,-17.0
116,2026/02/02,LAL,12,Jake LaRavia,PT23M16.00S,5,2,2,1,1,2,3,0.28571428571428603,1.0,0.166666666666667,1,6,1,1,0,0,-19.0
117,2026/02/02,LAL,5,Deandre Ayton,PT32M06.00S,13,1,5,1,0,0,3,1.0,1.0,0.0,0,0,6,6,1,1,-12.0
118,2026/02/02,LAL,77,Luka Dončić,PT36M52.70S,30,8,15,0,0,3,2,0.434782608695652,0.555555555555556,0.357142857142857,5,14,5,9,5,6,-13.0
119,2026/02/02,LAL,36,Marcus Smart,PT30M13.70S,7,3,0,1,0,2,1,0.222222222222222,0.2,0.25,1,4,1,5,2,2,-19.0
120,2026/02/02,LAL,7,Gabe Vincent,PT17M52.00S,8,0,1,0,0,1,1,0.6,1.0,0.5,2,4,1,1,0,0,7.0
121,2026/02/02,LAL,11,Jaxson Hayes,PT12M20.00S,2,0,2,0,2,0,2,0.5,0.5,0.0,0,0,1,2,0,0,2.0
122,2026/02/02,LAL,28,Rui Hachimura,PT28M59.70S,11,1,3,0,0,1,0,0.45454545454545503,0.666666666666666,0.2,1,5,4,6,0,0,-1.0
123,2026/02/02,LAL,2,Jarred Vanderbilt,PT19M49.00S,1,0,2,1,0,0,2,0.0,0.0,0.0,0,3,0,1,1,2,8.0
124,2026/02/02,NYK,8,OG Anunoby,PT33M47.70S,25,3,8,3,0,1,1,0.6,0.714285714285714,0.5,4,8,5,7,3,4,21.0
125,2026/02/02,NYK,3,Josh Hart,PT36M18.70S,20,2,4,0,1,0,3,0.7272727272727271,0.714285714285714,0.75,3,4,5,7,1,1,7.0
126,2026/02/02,NYK,32,Karl-Anthony Towns,PT32M02.00S,11,4,13,2,0,3,3,0.45454545454545503,0.5,0.0,0,1,5,10,1,2,23.0
127,2026/02/02,NYK,25,Mikal Bridges,PT30M08.00S,10,2,0,1,0,0,1,0.416666666666667,0.833333333333334,0.0,0,6,5,6,0,0,3.0
128,2026/02/02,NYK,11,Jalen Brunson,PT36M41.70S,12,13,7,1,0,1,0,0.266666666666667,0.222222222222222,0.333333333333333,2,6,2,9,2,2,11.0
129,2026/02/02,NYK,44,Landry Shamet,PT26M22.70S,23,1,3,0,0,0,2,0.615384615384615,0.666666666666666,0.6,6,10,2,3,1,2,-1.0
130,2026/02/02,NYK,51,Mohamed Diawara,PT05M25.30S,3,0,0,0,0,1,3,1.0,0.0,1.0,1,1,0,0,0,0,-4.0
131,2026/02/02,NYK,23,Mitchell Robinson,PT23M15.70S,0,1,7,0,1,1,0,0.0,0.0,0.0,0,0,0,1,0,0,0.0
132,2026/02/02,NYK,13,Tyler Kolek,PT13M36.30S,8,4,2,0,0,0,1,0.3,0.25,0.333333333333333,2,6,1,4,0,0,3.0
133,2026/02/02,NYK,1,Dillon Jones,PT00M47.30S,0,0,0,0,0,0,0,0.0,0.0,0.0,0,0,0,1,0,0,-1.0
134,2026/02/02,NYK,50,Trey Jemison III,PT00M47.30S,0,0,2,0,0,0,0,0.0,0.0,0.0,0,0,0,0,0,0,-1.0
135,2026/02/02,NYK,55,Ariel Hukporti,PT00M47.30S,0,0,0,0,0,0,1,0.0,0.0,0.0,0,0,0,1,0,0,-1.0
136,2026/02/02,LAC,2,Kawhi Leonard,PT29M57.00S,25,5,8,0,0,2,1,0.45,0.533333333333333,0.2,1,5,8,15,6,10,6.0
137,2026/02/02,LAC,20,John Collins,PT28M15.00S,16,2,9,0,0,0,1,0.6,0.714285714285714,0.333333333333333,1,3,5,7,3,4,0.0
138,2026/02/02,LAC,40,Ivica Zubac,PT33M19.00S,14,1,20,0,1,1,2,1.0,1.0,0.0,0,0,5,5,4,9,9.0
139,2026/02/02,LAC,4,Kobe Sanders,PT31M13.00S,12,4,2,0,0,2,3,0.555555555555556,0.6,0.5,2,4,3,5,0,0,16.0
140,2026/02/02,LAC,8,Kris Dunn,PT30M15.00S,8,3,5,1,0,5,5,0.25,0.333333333333333,0.0,0,2,2,6,4,5,-3.0
141,2026/02/02,LAC,11,Brook Lopez,PT20M46.00S,8,3,1,0,1,0,3,0.428571428571429,0.4,0.5,1,2,2,5,1,1,19.0
142,2026/02/02,LAC,33,Nicolas Batum,PT22M14.00S,3,2,8,0,0,2,2,0.25,0.0,0.25,1,4,0,0,0,0,16.0
143,2026/02/02,LAC,22,Jordan Miller,PT23M55.00S,20,2,5,0,0,3,1,0.583333333333333,0.5,0.75,3,4,4,8,3,4,18.0
144,2026/02/02,LAC,12,Cam Christie,PT14M12.00S,6,1,3,0,0,1,0,0.5,0.5,0.0,0,0,3,6,0,0,25.0
145,2026/02/02,LAC,14,Yanic Konan Niederhäuser,PT02M57.00S,3,0,1,0,1,0,0,1.0,1.0,0.0,0,0,1,1,1,1,7.0
146,2026/02/02,LAC,24,Kobe Brown,PT02M57.00S,2,2,1,1,0,1,0,1.0,1.0,0.0,0,0,1,1,0,0,7.0
147,2026/02/02,PHX,3,Dillon Brooks,PT34M37.30S,22,1,5,0,0,0,5,0.35,0.214285714285714,0.666666666666666,4,6,3,14,4,6,-1.0
148,2026/02/02,PHX,00,Royce O'Neale,PT33M57.00S,9,3,4,0,0,1,2,0.375,0.0,0.375,3,8,0,0,0,0,-4.0
149,2026/02/02,PHX,15,Mark Williams,PT23M35.00S,7,4,7,0,1,1,6,0.5,0.5,0.0,0,0,3,6,1,2,-1.0
150,2026/02/02,PHX,8,Grayson Allen,PT36M24.80S,23,8,1,2,0,0,3,0.333333333333333,0.375,0.307692307692308,4,13,3,8,5,6,-3.0
151,2026/02/02,PHX,12,Collin Gillespie,PT27M03.70S,12,2,4,1,0,0,0,0.307692307692308,0.0,0.4,4,10,0,3,0,0,-15.0
152,2026/02/02,PHX,23,Jordan Goodwin,PT23M35.20S,12,1,6,2,0,0,3,0.444444444444444,0.0,0.5714285714285711,4,7,0,2,0,0,-6.0
153,2026/02/02,PHX,11,Oso Ighodaro,PT18M05.00S,4,0,2,0,1,1,3,0.333333333333333,0.333333333333333,0.0,0,0,1,3,2,2,-19.0
154,2026/02/02,PHX,17,Jamaree Bouyea,PT09M59.00S,2,0,1,1,0,0,1,0.25,0.25,0.0,0,0,1,4,0,0,-13.0
155,2026/02/02,PHX,0,Ryan Dunn,PT12M04.00S,0,1,2,1,0,0,2,0.0,0.0,0.0,0,1,0,4,0,2,-17.0
156,2026/02/02,PHX,18,Isaiah Livers,PT14M03.00S,2,1,1,0,1,0,1,0.333333333333333,0.5,0.0,0,1,1,2,0,0,-27.0
157,2026/02/02,PHX,10,Khaman Maluach,PT03M18.00S,0,0,1,0,1,0,0,0.0,0.0,0.0,0,0,0,0,0,0,-7.0
158,2026/02/02,PHX,20,Rasheer Fleming,PT03M18.00S,0,0,1,0,0,1,0,0.0,0.0,0.0,0,0,0,1,0,0,-7.0
159,2026/02/02,ORL,3,Desmond Bane,PT37M11.00S,25,4,4,1,0,2,4,0.5882352941176471,0.6,0.5,1,2,9,15,4,4,-10.0
160,2026/02/02,ORL,5,Paolo Banchero,PT35M04.40S,19,4,10,1,0,4,1,0.5,0.45454545454545503,1.0,1,1,5,11,6,8,-30.0
161,2026/02/02,ORL,34,Wendell Carter Jr.,PT19M22.00S,2,0,2,2,0,0,5,0.14285714285714302,0.2,0.0,0,2,1,5,0,0,-24.0
162,2026/02/02,ORL,0,Anthony Black,PT29M48.00S,11,2,1,2,0,2,3,0.333333333333333,0.28571428571428603,0.4,2,5,2,7,1,1,-24.0
163,2026/02/02,ORL,4,Jalen Suggs,PT32M27.00S,5,6,6,1,1,4,1,0.153846153846154,0.14285714285714302,0.166666666666667,1,6,1,7,0,0,-15.0
164,2026/02/02,ORL,21,Moritz Wagner,PT07M50.00S,8,0,0,0,0,0,1,0.5,0.5,0.5,2,4,1,2,0,0,-7.0
165,2026/02/02,ORL,2,Tyus Jones,PT09M29.00S,0,2,1,0,0,0,0,0.0,0.0,0.0,0,0,0,0,0,0,-5.0
166,2026/02/02,ORL,23,Tristan da Silva,PT27M51.00S,7,3,5,1,0,1,0,0.333333333333333,0.5,0.2,1,5,2,4,0,0,9.0
167,2026/02/02,ORL,1,Jonathan Isaac,PT14M45.60S,9,1,1,2,0,0,2,0.666666666666666,0.75,0.5,1,2,3,4,0,0,11.0
168,2026/02/02,ORL,93,Noah Penda,PT13M16.00S,7,2,2,1,0,0,1,0.6,1.0,0.0,0,2,3,3,1,1,23.0
169,2026/02/02,ORL,35,Goga Bitadze,PT08M36.00S,4,0,2,0,0,0,1,1.0,1.0,0.0,0,0,2,2,0,0,11.0
170,2026/02/02,ORL,11,Jase Richardson,PT02M10.00S,3,0,0,0,0,0,0,1.0,1.0,0.0,0,0,1,1,1,1,8.0
171,2026/02/02,ORL,13,Jett Howard,PT02M10.00S,3,0,0,0,0,0,0,1.0,0.0,1.0,1,1,0,0,0,0,8.0
172,2026/02/02,SAS,30,Julian Champagnie,PT30M58.80S,11,1,8,0,0,0,4,0.428571428571429,1.0,0.333333333333333,2,6,1,1,3,3,23.0
173,2026/02/02,SAS,40,Harrison Barnes,PT28M41.00S,7,1,5,0,0,1,1,0.4,0.5,0.333333333333333,1,3,1,2,2,4,10.0
174,2026/02/02,SAS,1,Victor Wembanyama,PT27M57.00S,25,2,8,4,5,2,3,0.538461538461538,0.777777777777778,0.0,0,4,7,9,11,15,14.0
175,2026/02/02,SAS,24,Devin Vassell,PT27M32.00S,16,3,2,0,0,2,1,0.538461538461538,0.625,0.4,2,5,5,8,0,0,17.0
176,2026/02/02,SAS,4,De'Aaron Fox,PT29M57.00S,14,10,3,1,0,3,1,0.5,0.636363636363636,0.0,0,3,7,11,0,0,9.0
177,2026/02/02,SAS,2,Dylan Harper,PT27M36.90S,15,5,6,1,1,2,3,0.5,0.714285714285714,0.2,1,5,5,7,2,4,9.0
178,2026/02/02,SAS,3,Keldon Johnson,PT25M12.00S,14,1,10,0,0,3,3,0.555555555555556,0.5714285714285711,0.5,1,2,4,7,3,4,10.0
179,2026/02/02,SAS,7,Luke Kornet,PT17M53.00S,2,3,4,2,0,1,3,0.5,0.5,0.0,0,0,1,2,0,0,3.0
180,2026/02/02,SAS,11,Carter Bryant,PT15M32.30S,6,0,2,0,0,0,2,0.333333333333333,0.2,1.0,1,1,1,5,1,2,-18.0
181,2026/02/02,SAS,0,Jordan McLaughlin,PT02M10.00S,0,1,0,0,0,0,0,0.0,0.0,0.0,0,0,0,0,0,0,-8.0
182,2026/02/02,SAS,17,Stanley Umude,PT02M10.00S,0,0,0,0,0,0,1,0.0,0.0,0.0,0,0,0,0,0,0,-8.0
183,2026/02/02,SAS,43,Lindy Waters III,PT02M10.00S,0,0,0,0,0,1,0,0.0,0.0,0.0,0,0,0,0,0,0,-8.0
184,2026/02/02,SAS,55,Harrison Ingram,PT02M10.00S,2,0,0,0,0,0,0,1.0,1.0,0.0,0,0,1,1,0,0,-8.0
185,2026/02/02,CLE,20,Jaylon Tyson,PT29M30.10S,18,6,3,0,0,4,0,0.583333333333333,0.375,1.0,4,4,3,8,0,0,25.0
186,2026/02/02,CLE,32,Dean Wade,PT26M24.50S,6,1,3,3,0,0,3,0.4,0.0,0.5,2,4,0,1,0,0,32.0
187,2026/02/02,CLE,31,Jarrett Allen,PT29M30.10S,40,5,17,2,4,0,0,0.695652173913044,0.7272727272727271,0.0,0,1,16,22,8,12,25.0
188,2026/02/02,CLE,5,Sam Merrill,PT29M22.20S,22,4,2,0,0,1,2,0.777777777777778,1.0,0.75,6,8,1,1,2,2,25.0
189,2026/02/02,CLE,45,Donovan Mitchell,PT31M27.50S,14,9,0,2,1,3,3,0.4,0.5,0.28571428571428603,2,7,4,8,0,0,6.0
190,2026/02/02,CLE,9,Craig Porter Jr.,PT27M42.90S,3,12,4,5,2,1,2,0.2,0.25,0.0,0,1,1,4,1,2,2.0
191,2026/02/02,CLE,2,Lonzo Ball,PT16M26.00S,3,2,3,1,0,0,1,0.5,0.0,0.5,1,2,0,0,0,0,-10.0
192,2026/02/02,CLE,3,Thomas Bryant,PT13M33.90S,10,0,1,0,0,2,3,0.5,0.75,0.25,1,4,3,4,1,1,-2.0
193,2026/02/02,CLE,35,Nae'Qwan Tomlin,PT21M27.80S,12,0,1,1,0,0,1,0.625,0.833333333333334,0.0,0,2,5,6,2,2,-7.0
194,2026/02/02,CLE,22,Larry Nance Jr.,PT09M27.00S,0,0,3,1,0,1,0,0.0,0.0,0.0,0,1,0,1,0,0,-5.0
195,2026/02/02,CLE,21,Tristan Enaruna,PT02M34.00S,2,1,2,0,0,0,0,1.0,1.0,0.0,0,0,1,1,0,0,2.0
196,2026/02/02,CLE,24,Tyrese Proctor,PT02M34.00S,0,1,0,0,0,1,0,0.0,0.0,0.0,0,0,0,1,0,0,2.0
197,2026/02/02,POR,91,Sidy Cissoko,PT31M51.00S,15,2,5,2,0,3,2,0.555555555555556,1.0,0.428571428571429,3,7,2,2,2,3,-19.0
198,2026/02/02,POR,33,Toumani Camara,PT29M38.00S,12,1,4,0,0,2,3,0.384615384615385,0.5,0.28571428571428603,2,7,3,6,0,0,-9.0
199,2026/02/02,POR,23,Donovan Clingan,PT26M58.00S,8,5,12,0,4,0,4,0.3,0.28571428571428603,0.333333333333333,1,3,2,7,1,1,-13.0
200,2026/02/02,POR,9,Jerami Grant,PT28M10.00S,15,1,2,1,0,2,1,0.384615384615385,0.444444444444444,0.25,1,4,4,9,4,6,-1.0
201,2026/02/02,POR,17,Shaedon Sharpe,PT31M45.50S,20,3,2,0,0,4,0,0.428571428571429,0.538461538461538,0.25,2,8,7,13,0,0,-24.0
202,2026/02/02,POR,21,Rayan Rupert,PT19M23.00S,3,2,4,0,0,2,2,0.166666666666667,0.0,0.2,1,5,0,1,0,0,-14.0
203,2026/02/02,POR,2,Caleb Love,PT29M39.00S,21,3,2,2,0,2,2,0.533333333333333,0.714285714285714,0.375,3,8,5,7,2,2,-5.0
204,2026/02/02,POR,1,Blake Wesley,PT19M05.00S,5,4,3,1,0,3,2,0.666666666666666,0.5,1.0,1,1,1,2,0,0,-2.0
205,2026/02/02,POR,35,Robert Williams III,PT18M22.50S,10,2,12,0,1,2,1,0.833333333333334,0.833333333333334,0.0,0,0,5,6,0,0,-4.0
206,2026/02/02,POR,16,Yang Hansen,PT02M34.00S,0,1,1,0,0,1,0,0.0,0.0,0.0,0,0,0,0,0,0,-2.0
207,2026/02/02,POR,18,Javonte Cooke,PT02M34.00S,2,0,0,1,0,1,0,0.5,1.0,0.0,0,1,1,1,0,0,-2.0
208,2026/02/02,OKC,5,Luguentz Dort,PT32M17.00S,6,1,4,0,0,1,3,0.222222222222222,0.0,0.333333333333333,2,6,0,3,0,0,16.0
209,2026/02/02,OKC,7,Chet Holmgren,PT28M08.00S,14,1,4,0,3,1,2,0.3,0.666666666666666,0.14285714285714302,1,7,2,3,7,8,10.0
210,2026/02/02,OKC,55,Isaiah Hartenstein,PT21M32.00S,4,1,5,1,0,3,4,0.5,0.5,0.0,0,0,2,4,0,0,4.0
211,2026/02/02,OKC,22,Cason Wallace,PT29M49.00S,27,0,6,2,0,0,1,0.642857142857143,0.666666666666666,0.636363636363636,7,11,2,3,2,3,14.0
212,2026/02/02,OKC,2,Shai Gilgeous-Alexander,PT33M26.00S,34,13,5,2,1,4,2,0.6875,0.714285714285714,0.5,1,2,10,14,11,13,22.0
213,2026/02/02,OKC,21,Aaron Wiggins,PT25M00.00S,14,0,6,2,1,1,3,0.555555555555556,0.666666666666666,0.5,3,6,2,3,1,2,6.0
214,2026/02/02,OKC,6,Jaylin Williams,PT24M22.00S,8,4,5,3,1,1,3,0.6,0.5,0.666666666666666,2,3,1,2,0,0,7.0
215,2026/02/02,OKC,11,Isaiah Joe,PT22M38.00S,9,1,2,0,0,1,1,0.333333333333333,0.0,0.333333333333333,3,9,0,0,0,0,-7.0
216,2026/02/02,OKC,34,Kenrich Williams,PT17M44.00S,5,2,2,2,0,1,0,0.333333333333333,0.5,0.0,0,2,2,4,1,1,-6.0
217,2026/02/02,OKC,23,Brooks Barnhizer,PT02M33.00S,0,0,0,0,0,0,2,0.0,0.0,0.0,0,0,0,0,0,0,-8.0
218,2026/02/02,OKC,13,Ousmane Dieng,PT02M31.00S,0,0,0,0,0,0,0,0.0,0.0,0.0,0,2,0,1,0,0,-8.0
219,2026/02/02,DEN,21,Spencer Jones,PT27M39.00S,6,0,2,1,0,1,5,1.0,0.0,1.0,2,2,0,0,0,0,-22.0
220,2026/02/02,DEN,8,Peyton Watson,PT37M23.00S,29,3,5,1,1,4,3,0.647058823529412,0.6,0.714285714285714,5,7,6,10,2,4,-9.0
221,2026/02/02,DEN,15,Nikola Jokić,PT29M22.00S,16,8,7,1,0,6,2,0.666666666666666,0.714285714285714,0.5,1,2,5,7,3,4,-7.0
222,2026/02/02,DEN,24,Jalen Pickett,PT18M07.00S,7,1,2,0,0,1,0,1.0,1.0,1.0,1,1,2,2,0,0,-9.0
223,2026/02/02,DEN,27,Jamal Murray,PT35M06.00S,12,12,5,1,1,1,1,0.25,0.375,0.125,1,8,3,8,3,4,-13.0
224,2026/02/02,DEN,10,Tim Hardaway Jr.,PT25M17.00S,3,0,6,3,1,1,2,0.0,0.0,0.0,0,4,0,2,3,4,-6.0
225,2026/02/02,DEN,17,Jonas Valančiūnas,PT13M19.00S,13,2,3,0,1,2,3,0.545454545454545,0.555555555555556,0.5,1,2,5,9,0,0,-8.0
226,2026/02/02,DEN,11,Bruce Brown,PT21M46.00S,9,0,3,0,0,0,3,0.333333333333333,0.0,0.5,2,4,0,2,3,4,1.0
227,2026/02/02,DEN,3,Julian Strawther,PT22M28.00S,9,3,4,2,0,1,0,0.5,0.5,0.5,2,4,1,2,1,2,2.0
228,2026/02/02,DEN,5,Hunter Tyson,PT03M11.00S,5,0,1,0,0,0,0,1.0,0.0,1.0,1,1,0,0,2,2,7.0
229,2026/02/02,DEN,14,DaRon Holmes II,PT03M11.00S,2,0,0,0,0,0,0,1.0,1.0,0.0,0,0,1,1,0,0,7.0
230,2026/02/02,DEN,22,Zeke Nnaji,PT03M11.00S,0,0,1,0,0,0,1,0.0,0.0,0.0,0,0,0,1,0,0,7.0
0,2026/02/03,NOP,41,Saddiq Bey,PT34M57.00S,8,5,3,1,0,0,1,0.166666666666667,0.166666666666667,0.166666666666667,1,6,1,6,3,4,-6.0
1,2026/02/03,NOP,1,Zion Williamson,PT30M50.60S,14,4,11,0,0,1,4,0.384615384615385,0.384615384615385,0.0,0,0,5,13,4,9,-7.0
2,2026/02/03,NOP,22,Derik Queen,PT30M59.00S,16,3,8,3,1,2,4,0.555555555555556,0.5714285714285711,0.5,1,2,4,7,5,6,-9.0
3,2026/02/03,NOP,25,Trey Murphy III,PT37M20.00S,27,4,1,1,0,2,1,0.5,0.583333333333333,0.375,3,8,7,12,4,4,-10.0
4,2026/02/03,NOP,2,Herbert Jones,PT36M09.00S,12,2,7,1,1,0,4,0.444444444444444,0.0,0.5714285714285711,4,7,0,2,0,0,-8.0
5,2026/02/03,NOP,17,Karlo Matković,PT13M47.40S,2,2,1,1,1,0,1,0.2,0.5,0.0,0,3,1,2,0,0,1.0
6,2026/02/03,NOP,0,Jeremiah Fears,PT15M18.00S,9,0,2,2,1,1,2,0.428571428571429,0.4,0.5,1,2,2,5,2,2,0.0
7,2026/02/03,NOP,15,Jose Alvarado,PT30M01.00S,3,3,0,0,0,0,3,0.14285714285714302,0.0,0.166666666666667,1,6,0,1,0,0,2.0
8,2026/02/03,NOP,21,Yves Missi,PT10M38.00S,4,0,1,0,0,1,3,1.0,1.0,0.0,0,0,2,2,0,0,2.0
9,2026/02/03,CHA,7,Kon Knueppel,PT35M35.00S,17,2,9,0,0,4,1,0.307692307692308,0.0,0.333333333333333,4,12,0,1,5,6,11.0
10,2026/02/03,CHA,0,Miles Bridges,PT30M35.00S,9,1,4,0,0,2,4,0.272727272727273,0.428571428571429,0.0,0,4,3,7,3,4,13.0
11,2026/02/03,CHA,14,Moussa Diabaté,PT28M17.10S,2,2,9,0,0,0,1,0.5,0.5,0.0,0,0,1,2,0,0,2.0
12,2026/02/03,CHA,24,Brandon Miller,PT36M42.40S,16,4,8,1,0,2,3,0.333333333333333,0.555555555555556,0.166666666666667,2,12,5,9,0,0,7.0
13,2026/02/03,CHA,1,LaMelo Ball,PT29M58.00S,24,5,8,2,0,2,2,0.4,0.833333333333334,0.214285714285714,3,14,5,6,5,5,24.0
14,2026/02/03,CHA,4,Sion James,PT19M06.00S,3,0,5,0,0,1,2,0.5,1.0,0.0,0,1,1,1,1,2,-13.0
15,2026/02/03,CHA,10,Josh Green,PT10M19.00S,0,0,0,0,0,1,1,0.0,0.0,0.0,0,0,0,0,0,0,-2.0
16,2026/02/03,CHA,11,Ryan Kalkbrenner,PT17M50.90S,10,1,7,0,3,2,3,0.6,0.6,0.0,0,0,3,5,4,6,7.0
17,2026/02/03,CHA,2,Grant Williams,PT19M33.00S,16,1,9,0,0,1,2,0.714285714285714,1.0,0.5,2,4,3,3,4,4,-10.0
18,2026/02/03,CHA,8,Collin Sexton,PT12M03.60S,5,0,0,0,0,1,0,0.5,1.0,0.333333333333333,1,3,1,1,0,0,-4.0
19,2026/02/03,HOU,17,Tari Eason,PT33M29.90S,9,0,10,0,1,0,2,0.428571428571429,0.4,0.5,1,2,2,5,2,2,-2.0
20,2026/02/03,HOU,10,Jabari Smith Jr.,PT35M18.70S,19,1,4,1,1,2,2,0.5,0.5,0.5,3,6,3,6,4,4,3.0
21,2026/02/03,HOU,28,Alperen Sengun,PT35M20.40S,39,5,16,0,0,5,2,0.52,0.565217391304348,0.0,0,2,13,23,13,18,4.0
22,2026/02/03,HOU,15,Reed Sheppard,PT25M13.10S,11,5,2,2,1,2,2,0.307692307692308,0.5,0.14285714285714302,1,7,3,6,2,2,2.0
23,2026/02/03,HOU,1,Amen Thompson,PT39M08.30S,16,7,11,2,2,5,4,0.4,0.4,0.0,0,0,6,15,4,5,13.0
24,2026/02/03,HOU,2,Dorian Finney-Smith,PT16M49.80S,4,0,3,1,0,0,2,0.5,1.0,0.0,0,1,1,1,2,2,-8.0
25,2026/02/03,HOU,20,Josh Okogie,PT12M25.80S,0,0,0,0,0,0,0,0.0,0.0,0.0,0,0,0,0,0,0,-13.0
26,2026/02/03,HOU,30,Clint Capela,PT10M51.00S,4,3,7,0,1,1,0,0.2,0.2,0.0,0,0,1,5,2,2,-4.0
27,2026/02/03,HOU,0,Aaron Holiday,PT17M18.10S,8,0,0,1,0,0,2,0.5,0.0,0.5,2,4,0,0,2,2,8.0
28,2026/02/03,HOU,8,Jae'Sean Tate,PT14M04.90S,8,0,3,0,0,0,1,1.0,1.0,0.0,0,0,4,4,0,0,17.0
29,2026/02/03,IND,12,Johnny Furphy,PT13M51.00S,2,1,4,0,0,0,3,1.0,1.0,0.0,0,0,1,1,0,1,-4.0
30,2026/02/03,IND,43,Pascal Siakam,PT33M22.00S,27,5,4,1,0,3,3,0.5714285714285711,0.555555555555556,0.666666666666666,2,3,10,18,1,1,-8.0
31,2026/02/03,IND,32,Jay Huff,PT11M42.80S,6,1,3,0,2,0,5,0.28571428571428603,0.0,0.333333333333333,2,6,0,1,0,0,-10.0
32,2026/02/03,IND,23,Aaron Nesmith,PT32M32.00S,17,2,6,0,1,1,1,0.461538461538462,0.5,0.428571428571429,3,7,3,6,2,3,-6.0
33,2026/02/03,IND,2,Andrew Nembhard,PT32M09.00S,7,8,1,1,1,3,1,0.4,0.333333333333333,0.5,1,2,1,3,2,3,-9.0
34,2026/02/03,IND,22,Isaiah Jackson,PT24M51.20S,6,4,6,4,2,2,5,0.4,0.4,0.0,0,0,2,5,2,3,4.0
35,2026/02/03,IND,00,Bennedict Mathurin,PT34M21.00S,25,5,4,0,0,0,2,0.533333333333333,0.615384615384615,0.0,0,2,8,13,9,10,-7.0
36,2026/02/03,IND,5,Jarace Walker,PT22M35.00S,12,1,4,1,0,0,2,0.555555555555556,0.6,0.5,2,4,3,5,0,0,7.0
37,2026/02/03,IND,9,T.J. McConnell,PT15M51.00S,5,2,0,1,0,0,2,0.28571428571428603,0.166666666666667,1.0,1,1,1,6,0,0,5.0
38,2026/02/03,IND,26,Ben Sheppard,PT07M19.00S,2,2,0,0,0,0,0,1.0,1.0,0.0,0,0,1,1,0,0,6.0
39,2026/02/03,IND,11,Micah Potter,PT11M26.00S,5,2,1,2,0,1,3,0.666666666666666,0.5,1.0,1,1,1,2,0,0,2.0
40,2026/02/03,MIN,3,Jaden McDaniels,PT36M50.00S,29,3,4,0,0,0,4,0.785714285714286,0.857142857142857,0.714285714285714,5,7,6,7,2,2,2.0
41,2026/02/03,MIN,30,Julius Randle,PT40M15.00S,19,8,8,0,1,3,5,0.357142857142857,0.5,0.166666666666667,1,6,4,8,8,8,5.0
42,2026/02/03,MIN,27,Rudy Gobert,PT25M09.00S,7,0,10,0,2,1,3,0.6,0.6,0.0,0,0,3,5,1,2,-8.0
43,2026/02/03,MIN,5,Anthony Edwards,PT39M41.00S,39,3,7,1,0,2,2,0.481481481481481,0.555555555555556,0.333333333333333,3,9,10,18,10,14,2.0
44,2026/02/03,MIN,0,Donte DiVincenzo,PT33M39.90S,21,4,3,2,0,1,2,0.777777777777778,1.0,0.714285714285714,5,7,2,2,2,4,-3.0
45,2026/02/03,MIN,11,Naz Reid,PT25M49.00S,10,1,6,1,4,2,3,0.333333333333333,0.5,0.166666666666667,1,6,3,6,1,1,-18.0
46,2026/02/03,MIN,10,Mike Conley,PT14M21.00S,0,2,1,0,0,0,1,0.0,0.0,0.0,0,2,0,1,0,0,-13.0
47,2026/02/03,MIN,22,Jaylen Clark,PT07M42.10S,0,0,0,0,0,0,3,0.0,0.0,0.0,0,1,0,1,0,0,-6.0
48,2026/02/03,MIN,8,Bones Hyland,PT16M33.00S,3,3,1,0,0,0,2,0.25,0.0,0.333333333333333,1,3,0,1,0,0,-6.0
49,2026/02/03,MEM,0,Jaylen Wells,PT25M42.00S,18,2,1,1,0,1,5,0.666666666666666,0.5,0.8,4,5,2,4,2,2,5.0
50,2026/02/03,MEM,8,Jaren Jackson Jr.,PT30M58.00S,30,2,6,0,1,1,3,0.470588235294118,0.45454545454545503,0.5,3,6,5,11,11,11,7.0
51,2026/02/03,MEM,31,Jock Landale,PT28M19.20S,4,2,6,0,0,0,2,0.28571428571428603,0.5,0.0,0,3,2,4,0,0,6.0
52,2026/02/03,MEM,23,Cedric Coward,PT27M42.00S,14,1,4,0,0,1,2,0.5,0.666666666666666,0.25,1,4,4,6,3,4,13.0
53,2026/02/03,MEM,2,Ty Jerome,PT20M24.90S,19,8,6,1,0,3,2,0.6,0.8,0.4,2,5,4,5,5,6,4.0
54,2026/02/03,MEM,3,Kentavious Caldwell-Pope,PT19M03.00S,4,3,3,0,0,1,3,0.333333333333333,0.4,0.0,0,1,2,5,0,0,-3.0
55,2026/02/03,MEM,45,GG Jackson,PT21M14.00S,13,1,8,0,1,1,0,0.6,0.833333333333334,0.25,1,4,5,6,0,1,14.0
56,2026/02/03,MEM,24,Cam Spencer,PT25M04.20S,16,5,4,0,0,1,1,0.444444444444444,0.25,0.6,3,5,1,4,5,5,4.0
57,2026/02/03,MEM,5,Vince Williams Jr.,PT22M29.60S,16,5,1,2,0,0,3,0.5714285714285711,0.0,0.666666666666666,4,6,0,1,4,6,-11.0
58,2026/02/03,MEM,18,Olivier-Maxence Prosper,PT19M03.10S,3,2,6,1,0,0,1,0.333333333333333,0.0,0.5,1,2,0,1,0,0,6.0
59,2026/02/03,PHI,9,Kelly Oubre Jr.,PT34M42.80S,15,2,3,1,0,1,3,0.461538461538462,0.428571428571429,0.5,3,6,3,7,0,0,11.0
60,2026/02/03,PHI,25,Dominick Barlow,PT35M26.00S,26,2,16,2,1,0,3,0.625,0.6,1.0,1,1,9,15,5,5,7.0
61,2026/02/03,PHI,21,Joel Embiid,PT32M14.00S,24,3,5,1,0,1,4,0.42105263157894696,0.411764705882353,0.5,1,2,7,17,7,7,2.0
62,2026/02/03,PHI,77,VJ Edgecombe,PT30M31.00S,5,7,3,1,0,0,1,0.0909090909090909,0.0,0.125,1,8,0,3,2,2,5.0
63,2026/02/03,PHI,0,Tyrese Maxey,PT35M52.20S,29,6,5,3,0,1,4,0.5,0.5,0.5,7,14,2,4,4,4,22.0
64,2026/02/03,PHI,5,Quentin Grimes,PT27M50.00S,14,4,2,0,0,0,2,0.625,1.0,0.4,2,5,3,3,2,2,4.0
65,2026/02/03,PHI,20,Jared McCain,PT14M16.00S,6,4,2,0,0,2,1,1.0,0.0,1.0,2,2,0,0,0,0,6.0
66,2026/02/03,PHI,30,Adem Bona,PT15M46.00S,6,1,3,0,2,0,3,0.75,0.75,0.0,0,0,3,4,0,0,13.0
67,2026/02/03,PHI,12,Trendon Watford,PT11M03.00S,3,1,1,0,0,0,1,0.5,1.0,0.0,0,1,1,1,1,2,3.0
68,2026/02/03,PHI,33,Jabari Walker,PT02M19.00S,0,1,1,0,0,0,0,0.0,0.0,0.0,0,0,0,1,0,0,2.0
69,2026/02/03,LAC,2,Kawhi Leonard,PT30M52.00S,29,6,4,3,0,2,0,0.5714285714285711,0.625,0.4,2,5,10,16,3,5,-9.0
70,2026/02/03,LAC,20,John Collins,PT31M57.00S,15,2,7,0,0,2,4,0.545454545454545,0.666666666666666,0.4,2,5,4,6,1,4,-6.0
71,2026/02/03,LAC,40,Ivica Zubac,PT33M00.00S,8,2,9,0,1,1,3,1.0,1.0,0.0,0,0,3,3,2,3,-11.0
72,2026/02/03,LAC,4,Kobe Sanders,PT34M10.00S,17,3,3,0,0,1,0,0.7,0.714285714285714,0.666666666666666,2,3,5,7,1,2,-15.0
73,2026/02/03,LAC,8,Kris Dunn,PT27M10.00S,6,6,2,0,0,2,3,0.333333333333333,0.5,0.0,0,2,2,4,2,2,-10.0
74,2026/02/03,LAC,11,Brook Lopez,PT20M15.10S,13,1,1,0,1,1,5,0.45454545454545503,0.4,0.5,3,6,2,5,0,0,-18.0
75,2026/02/03,LAC,22,Jordan Miller,PT27M43.90S,21,2,4,1,0,3,0,0.9,1.0,0.0,0,1,9,9,3,4,2.0
76,2026/02/03,LAC,33,Nicolas Batum,PT14M29.00S,0,2,2,0,0,1,0,0.0,0.0,0.0,0,2,0,0,0,0,-3.0
77,2026/02/03,LAC,12,Cam Christie,PT10M13.00S,2,0,0,0,0,0,1,0.5,1.0,0.0,0,1,1,1,0,0,-8.0
78,2026/02/03,LAC,14,Yanic Konan Niederhäuser,PT05M46.00S,2,0,3,0,0,1,3,1.0,1.0,0.0,0,0,1,1,0,0,2.0
79,2026/02/03,LAC,24,Kobe Brown,PT04M24.00S,0,0,1,0,0,0,0,0.0,0.0,0.0,0,1,0,0,0,0,1.0
0,2026/02/04,DEN,8,Peyton Watson,PT37M47.00S,17,2,3,2,3,3,3,0.36363636363636404,0.4,0.0,0,1,4,10,9,11,9.0
1,2026/02/04,DEN,0,Christian Braun,PT25M33.00S,6,2,0,0,0,0,3,0.333333333333333,0.4,0.0,0,1,2,5,2,2,-9.0
2,2026/02/04,DEN,15,Nikola Jokić,PT32M55.00S,24,4,15,2,1,5,3,0.473684210526316,0.428571428571429,0.6,3,5,6,14,3,3,-9.0
3,2026/02/04,DEN,24,Jalen Pickett,PT10M21.00S,0,1,1,0,1,0,1,0.0,0.0,0.0,0,4,0,1,0,0,-4.0
4,2026/02/04,DEN,27,Jamal Murray,PT36M56.00S,32,8,1,0,2,0,0,0.470588235294118,0.444444444444444,0.5,4,8,4,9,12,13,5.0
5,2026/02/04,DEN,10,Tim Hardaway Jr.,PT27M29.70S,6,0,2,0,0,0,2,0.14285714285714302,0.0,0.25,1,4,0,3,3,4,-9.0
6,2026/02/04,DEN,11,Bruce Brown,PT23M21.00S,10,0,2,2,0,0,3,0.6,1.0,0.333333333333333,1,3,2,2,3,3,-9.0
7,2026/02/04,DEN,17,Jonas Valančiūnas,PT21M36.30S,11,1,11,1,3,1,4,1.0,1.0,0.0,0,0,4,4,3,5,16.0
8,2026/02/04,DEN,3,Julian Strawther,PT23M26.30S,15,2,8,0,0,1,0,0.666666666666666,1.0,0.25,1,4,5,5,2,2,-1.0
9,2026/02/04,DEN,22,Zeke Nnaji,PT00M34.70S,0,0,0,0,0,0,1,0.0,0.0,0.0,0,0,0,0,0,0,-4.0
10,2026/02/04,DET,9,Ausar Thompson,PT23M53.10S,10,3,6,2,1,0,1,0.555555555555556,0.555555555555556,0.0,0,0,5,9,0,0,9.0
11,2026/02/04,DET,12,Tobias Harris,PT33M31.60S,11,3,6,0,0,2,3,0.307692307692308,0.222222222222222,0.5,2,4,2,9,1,1,3.0
12,2026/02/04,DET,0,Jalen Duren,PT30M55.00S,19,1,13,1,0,1,1,0.6,0.6,0.0,0,0,6,10,7,8,0.0
13,2026/02/04,DET,55,Duncan Robinson,PT25M24.90S,20,2,3,0,0,1,4,0.583333333333333,0.333333333333333,0.666666666666666,6,9,1,3,0,0,-1.0
14,2026/02/04,DET,2,Cade Cunningham,PT38M07.00S,29,10,2,1,0,5,5,0.473684210526316,0.538461538461538,0.333333333333333,2,6,7,13,9,11,11.0
15,2026/02/04,DET,8,Caris LeVert,PT20M07.00S,4,3,2,1,1,0,3,0.333333333333333,0.666666666666666,0.0,0,3,2,3,0,0,-8.0
16,2026/02/04,DET,28,Isaiah Stewart,PT23M13.40S,11,3,6,1,1,0,3,0.428571428571429,0.5,0.0,0,1,3,6,5,6,-2.0
17,2026/02/04,DET,5,Ronald Holland II,PT15M11.00S,7,0,4,1,1,0,2,0.5,0.666666666666666,0.333333333333333,1,3,2,3,0,0,4.0
18,2026/02/04,DET,24,Daniss Jenkins,PT15M55.30S,6,0,1,1,0,0,5,0.25,0.28571428571428603,0.0,0,1,2,7,2,2,-1.0
19,2026/02/04,DET,31,Javonte Green,PT13M41.70S,7,2,0,1,0,0,0,0.5,0.5,0.5,1,2,1,2,2,2,0.0
20,2026/02/04,UTA,5,Cody Williams,PT40M10.00S,14,3,6,3,0,1,2,0.75,0.75,0.0,0,0,6,8,2,2,-3.0
21,2026/02/04,UTA,23,Lauri Markkanen,PT26M53.00S,27,2,3,0,0,1,1,0.5263157894736841,0.666666666666666,0.28571428571428603,2,7,8,12,5,6,5.0
22,2026/02/04,UTA,22,Kyle Filipowski,PT35M37.00S,16,5,16,3,1,4,5,0.5,0.5,0.5,1,2,5,10,3,4,3.0
23,2026/02/04,UTA,19,Ace Bailey,PT40M03.00S,19,1,4,3,3,1,2,0.7,0.833333333333334,0.5,2,4,5,6,3,6,13.0
24,2026/02/04,UTA,8,Isaiah Collier,PT48M00.00S,17,22,5,3,0,2,4,0.375,0.461538461538462,0.0,0,3,6,13,5,8,9.0
25,2026/02/04,UTA,28,Brice Sensabaugh,PT29M30.00S,20,5,1,0,0,0,3,0.5714285714285711,0.5714285714285711,0.5714285714285711,4,7,4,7,0,0,6.0
26,2026/02/04,UTA,10,Svi Mykhailiuk,PT19M47.00S,18,0,3,1,0,0,0,0.777777777777778,1.0,0.666666666666666,4,6,3,3,0,0,12.0
27,2026/02/04,IND,12,Johnny Furphy,PT28M52.90S,14,6,7,0,0,2,3,0.545454545454545,1.0,0.28571428571428603,2,7,4,4,0,2,3.0
28,2026/02/04,IND,5,Jarace Walker,PT31M58.10S,24,4,6,1,0,8,3,0.470588235294118,0.7,0.14285714285714302,1,7,7,10,7,9,-14.0
29,2026/02/04,IND,32,Jay Huff,PT24M49.00S,12,3,6,0,0,1,3,0.555555555555556,0.6,0.5,2,4,3,5,0,0,-14.0
30,2026/02/04,IND,26,Ben Sheppard,PT28M37.00S,8,1,1,0,0,2,1,0.428571428571429,0.666666666666666,0.25,1,4,2,3,1,1,-9.0
31,2026/02/04,IND,7,Kam Jones,PT35M52.00S,12,8,6,0,0,1,1,0.444444444444444,0.4,0.5,2,4,2,5,2,2,-17.0
32,2026/02/04,IND,4,Taelon Peter,PT29M59.00S,6,4,1,1,0,0,1,0.28571428571428603,0.0,0.333333333333333,2,6,0,1,0,0,-14.0
33,2026/02/04,IND,22,Isaiah Jackson,PT23M11.00S,11,1,10,1,1,1,2,0.666666666666666,0.666666666666666,0.0,0,0,4,6,3,6,5.0
34,2026/02/04,IND,55,Ethan Thompson,PT19M23.00S,11,3,0,0,1,0,3,0.5,0.5,0.5,2,4,2,4,1,1,0.0
35,2026/02/04,IND,29,Quenton Jackson,PT17M18.00S,24,3,1,3,0,0,1,0.9,1.0,0.666666666666666,2,3,7,7,4,6,15.0
36,2026/02/04,NYK,3,Josh Hart,PT21M47.90S,4,7,7,0,0,0,0,0.333333333333333,0.0,0.333333333333333,1,3,0,0,1,2,34.0
37,2026/02/04,NYK,8,OG Anunoby,PT27M05.00S,19,2,4,1,1,1,2,0.545454545454545,0.6,0.5,3,6,3,5,4,5,13.0
38,2026/02/04,NYK,32,Karl-Anthony Towns,PT26M22.90S,19,3,15,2,0,1,1,0.4375,0.5,0.25,1,4,6,12,4,6,30.0
39,2026/02/04,NYK,25,Mikal Bridges,PT25M38.00S,23,5,4,0,2,1,3,0.8,0.833333333333334,0.75,3,4,5,6,4,5,23.0
40,2026/02/04,NYK,11,Jalen Brunson,PT31M13.10S,21,4,1,2,0,0,2,0.4375,0.6,0.166666666666667,1,6,6,10,6,7,32.0
41,2026/02/04,NYK,44,Landry Shamet,PT20M59.00S,14,1,0,0,0,0,0,0.625,0.5,0.666666666666666,4,6,1,2,0,0,23.0
42,2026/02/04,NYK,51,Mohamed Diawara,PT04M13.00S,5,1,1,0,0,0,0,1.0,1.0,1.0,1,1,1,1,0,0,4.0
43,2026/02/04,NYK,55,Ariel Hukporti,PT21M37.10S,12,1,9,0,2,2,5,0.833333333333334,1.0,0.5,1,2,4,4,1,1,1.0
44,2026/02/04,NYK,00,Jordan Clarkson,PT21M15.00S,12,2,0,0,0,1,4,0.625,0.666666666666666,0.5,1,2,4,6,1,1,-3.0
45,2026/02/04,NYK,13,Tyler Kolek,PT20M51.00S,3,6,4,0,0,2,2,0.14285714285714302,0.0,0.5,1,2,0,5,0,0,10.0
46,2026/02/04,NYK,1,Dillon Jones,PT09M29.00S,0,1,3,1,0,0,2,0.0,0.0,0.0,0,1,0,0,0,0,-6.0
47,2026/02/04,NYK,50,Trey Jemison III,PT09M29.00S,0,1,2,0,0,1,1,0.0,0.0,0.0,0,0,0,2,0,0,-6.0
48,2026/02/04,WAS,18,Kyshawn George,PT26M00.10S,8,3,2,1,1,0,5,0.375,0.428571428571429,0.0,0,1,3,7,2,2,-33.0
49,2026/02/04,WAS,22,Khris Middleton,PT22M22.00S,12,2,2,0,0,2,2,0.45454545454545503,0.428571428571429,0.5,2,4,3,7,0,0,-31.0
50,2026/02/04,WAS,20,Alex Sarr,PT24M31.10S,11,3,9,1,0,2,3,0.36363636363636404,0.375,0.333333333333333,1,3,3,8,2,4,-31.0
51,2026/02/04,WAS,0,Bilal Coulibaly,PT24M25.00S,3,2,2,1,0,1,1,0.25,0.0,0.333333333333333,1,3,0,1,0,2,-30.0
52,2026/02/04,WAS,7,Bub Carrington,PT24M31.90S,14,1,2,0,0,2,1,0.4,0.333333333333333,0.428571428571429,3,7,1,3,3,6,-30.0
53,2026/02/04,WAS,9,Justin Champagnie,PT20M19.90S,2,0,4,0,1,1,2,0.14285714285714302,0.25,0.0,0,3,1,4,0,2,-4.0
54,2026/02/04,WAS,4,AJ Johnson,PT23M35.00S,14,4,4,1,0,0,4,0.5,0.428571428571429,1.0,1,1,3,7,5,6,-1.0
55,2026/02/04,WAS,27,Will Riley,PT25M18.00S,17,1,6,0,0,2,1,0.45454545454545503,0.5,0.4,2,5,3,6,5,6,-1.0
56,2026/02/04,WAS,13,Sharife Cooper,PT18M30.10S,9,1,4,0,1,2,2,0.5,0.6,0.333333333333333,1,3,3,5,0,0,4.0
57,2026/02/04,WAS,35,Marvin Bagley III,PT15M47.00S,11,1,6,0,0,1,1,0.5714285714285711,0.5714285714285711,0.0,0,0,4,7,3,4,-4.0
58,2026/02/04,WAS,16,Anthony Gill,PT07M14.90S,0,0,0,2,0,0,0,0.0,0.0,0.0,0,0,0,0,0,0,2.0
59,2026/02/04,WAS,17,Skal Labissiere,PT07M25.00S,0,1,1,0,0,0,0,0.0,0.0,0.0,0,1,0,0,0,0,4.0
60,2026/02/04,LAL,23,LeBron James,PT29M52.00S,25,7,3,3,0,1,1,0.625,0.769230769230769,0.0,0,3,10,13,5,7,24.0
61,2026/02/04,LAL,12,Jake LaRavia,PT21M55.00S,18,0,5,1,0,1,1,0.777777777777778,0.857142857142857,0.5,1,2,6,7,3,6,10.0
62,2026/02/04,LAL,5,Deandre Ayton,PT27M38.00S,7,3,8,1,0,1,3,0.6,0.6,0.0,0,0,3,5,1,2,16.0
63,2026/02/04,LAL,36,Marcus Smart,PT17M55.00S,6,1,3,1,0,1,2,0.6,1.0,0.0,0,2,3,3,0,0,30.0
64,2026/02/04,LAL,77,Luka Dončić,PT28M49.00S,24,5,6,1,0,5,1,0.444444444444444,0.5714285714285711,0.36363636363636404,4,11,4,7,4,6,19.0
65,2026/02/04,LAL,7,Gabe Vincent,PT15M50.00S,0,1,1,2,0,0,0,0.0,0.0,0.0,0,2,0,1,0,0,-9.0
66,2026/02/04,LAL,11,Jaxson Hayes,PT14M38.00S,9,2,1,1,0,0,1,1.0,1.0,0.0,0,0,3,3,3,4,8.0
67,2026/02/04,LAL,28,Rui Hachimura,PT25M35.00S,5,0,3,1,0,1,0,0.666666666666666,1.0,0.5,1,2,1,1,0,0,-1.0
68,2026/02/04,LAL,2,Jarred Vanderbilt,PT19M07.00S,6,3,5,0,0,0,0,0.666666666666666,1.0,0.0,0,1,2,2,2,4,4.0
69,2026/02/04,LAL,15,Austin Reaves,PT20M38.00S,15,1,4,2,0,2,3,0.333333333333333,0.5,0.2,1,5,2,4,8,10,10.0
70,2026/02/04,LAL,17,Drew Timme,PT05M44.00S,2,0,2,0,0,0,0,0.333333333333333,0.5,0.0,0,1,1,2,0,0,-8.0
71,2026/02/04,LAL,4,Dalton Knecht,PT04M36.00S,4,1,0,0,0,0,1,0.4,0.666666666666666,0.0,0,2,2,3,0,0,-9.0
72,2026/02/04,LAL,9,Bronny James,PT04M36.00S,4,1,0,1,0,0,0,0.666666666666666,0.666666666666666,0.0,0,0,2,3,0,0,-9.0
73,2026/02/04,LAL,14,Maxi Kleber,PT03M07.00S,0,0,0,0,0,0,0,0.0,0.0,0.0,0,0,0,0,0,0,-5.0
74,2026/02/04,BKN,17,Michael Porter Jr.,PT32M13.00S,21,3,10,1,0,3,3,0.388888888888889,0.777777777777778,0.0,0,9,7,9,7,9,-18.0
75,2026/02/04,BKN,21,Noah Clowney,PT20M58.10S,6,2,4,0,0,2,1,0.428571428571429,1.0,0.0,0,4,3,3,0,0,-17.0
76,2026/02/04,BKN,33,Nic Claxton,PT22M17.00S,10,2,5,0,0,0,3,0.714285714285714,0.714285714285714,0.0,0,0,5,7,0,2,-30.0
77,2026/02/04,BKN,88,Nolan Traore,PT24M45.00S,7,4,5,0,0,2,1,0.333333333333333,0.333333333333333,0.333333333333333,1,3,2,6,0,0,-4.0
78,2026/02/04,BKN,8,Egor Dëmin,PT26M56.00S,11,2,2,1,0,6,0,0.36363636363636404,0.333333333333333,0.375,3,8,1,3,0,0,-11.0
79,2026/02/04,BKN,1,Ziaire Williams,PT24M27.00S,17,3,2,1,0,1,5,0.636363636363636,0.8,0.5,3,6,4,5,0,0,2.0
80,2026/02/04,BKN,77,Ben Saraf,PT16M53.00S,3,2,1,0,0,1,1,0.25,0.0,0.5,1,2,0,2,0,0,-2.0
81,2026/02/04,BKN,24,Cam Thomas,PT23M27.90S,8,2,0,0,0,2,0,0.428571428571429,0.666666666666666,0.25,1,4,2,3,1,2,-11.0
82,2026/02/04,BKN,20,Day'Ron Sharpe,PT25M43.00S,19,5,14,3,0,1,4,0.75,0.75,0.0,0,0,9,12,1,1,14.0
83,2026/02/04,BKN,2,Danny Wolf,PT18M38.00S,7,3,4,1,0,1,2,0.375,0.666666666666666,0.2,1,5,2,3,0,0,3.0
84,2026/02/04,BKN,4,Drake Powell,PT03M42.00S,0,0,1,0,0,1,1,0.0,0.0,0.0,0,0,0,0,0,0,-6.0
85,2026/02/04,ATL,10,Zaccharie Risacher,PT22M55.00S,7,2,7,1,0,1,1,0.428571428571429,0.666666666666666,0.25,1,4,2,3,0,2,-8.0
86,2026/02/04,ATL,1,Jalen Johnson,PT36M17.00S,29,11,11,0,0,2,4,0.6,0.692307692307692,0.428571428571429,3,7,9,13,2,4,8.0
87,2026/02/04,ATL,35,Christian Koloko,PT11M05.00S,2,0,2,0,0,1,3,0.0,0.0,0.0,0,1,0,2,2,2,-1.0
88,2026/02/04,ATL,5,Dyson Daniels,PT21M34.00S,2,5,1,1,0,1,2,0.25,0.25,0.0,0,0,1,4,0,0,0.0
89,2026/02/04,ATL,7,Nickeil Alexander-Walker,PT31M23.00S,19,7,5,1,0,0,2,0.38095238095238104,0.555555555555556,0.25,3,12,5,9,0,0,1.0
90,2026/02/04,ATL,3,CJ McCollum,PT26M24.00S,26,2,4,0,0,2,0,0.555555555555556,0.444444444444444,0.666666666666666,6,9,4,9,0,0,13.0
91,2026/02/04,ATL,18,Mouhamed Gueye,PT21M39.00S,6,2,6,3,1,1,3,0.5,0.5,0.5,1,2,1,2,1,2,5.0
92,2026/02/04,ATL,24,Corey Kispert,PT27M36.00S,13,4,4,0,0,0,0,0.384615384615385,0.5,0.28571428571428603,2,7,3,6,1,1,18.0
93,2026/02/04,ATL,14,Asa Newell,PT16M39.00S,8,0,2,1,0,1,3,0.75,1.0,0.0,0,1,3,3,2,2,5.0
94,2026/02/04,ATL,4,Luke Kennard,PT23M05.00S,12,1,5,0,1,0,3,0.666666666666666,0.0,0.666666666666666,4,6,0,0,0,0,22.0
95,2026/02/04,ATL,2,Keaton Wallace,PT01M23.00S,3,0,0,0,0,0,1,1.0,0.0,1.0,1,1,0,0,0,0,-3.0
96,2026/02/04,MIA,15,Myron Gardner,PT21M58.00S,14,0,6,2,0,0,1,0.625,0.6,0.666666666666666,2,3,3,5,2,2,8.0
97,2026/02/04,MIA,0,Simone Fontecchio,PT33M39.00S,18,2,6,0,1,0,2,0.466666666666667,0.714285714285714,0.25,2,8,5,7,2,2,7.0
98,2026/02/04,MIA,13,Bam Adebayo,PT30M13.00S,16,1,14,1,0,3,3,0.25,0.307692307692308,0.0,0,3,4,13,8,8,0.0
99,2026/02/04,MIA,9,Pelle Larsson,PT35M45.00S,18,5,4,0,0,3,1,0.583333333333333,0.777777777777778,0.0,0,3,7,9,4,4,-12.0
100,2026/02/04,MIA,45,Davion Mitchell,PT28M04.00S,4,10,1,0,0,1,3,0.4,0.5,0.0,0,1,2,4,0,0,-1.0
101,2026/02/04,MIA,11,Jaime Jaquez Jr.,PT27M32.00S,21,3,8,0,0,2,2,0.529411764705882,0.5714285714285711,0.333333333333333,1,3,8,14,2,3,-24.0
102,2026/02/04,MIA,7,Kel'el Ware,PT17M47.00S,9,0,8,0,0,0,0,0.4,0.428571428571429,0.333333333333333,1,3,3,7,0,2,-12.0
103,2026/02/04,MIA,12,Dru Smith,PT18M33.00S,2,2,1,1,0,1,2,0.2,0.333333333333333,0.0,0,2,1,3,0,0,-14.0
104,2026/02/04,MIA,25,Kasparas Jakučionis,PT16M07.00S,5,2,3,2,0,1,1,0.25,0.0,0.333333333333333,1,3,0,1,2,2,-16.0
105,2026/02/04,MIA,5,Nikola Jović,PT07M36.00S,5,0,2,0,0,0,0,0.333333333333333,0.0,0.333333333333333,1,3,0,0,2,2,-2.0
106,2026/02/04,MIA,16,Keshad Johnson,PT01M23.00S,0,0,0,0,0,0,0,0.0,0.0,0.0,0,0,0,0,0,0,3.0
107,2026/02/04,MIA,17,Jahmir Young,PT01M23.00S,3,0,0,0,0,0,0,1.0,1.0,0.0,0,0,1,1,1,1,3.0
108,2026/02/04,BOS,7,Jaylen Brown,PT37M23.00S,33,3,11,1,0,3,4,0.517241379310345,0.541666666666667,0.4,2,5,13,24,1,2,-1.0
109,2026/02/04,BOS,30,Sam Hauser,PT26M06.70S,11,0,5,1,1,0,5,0.5,1.0,0.428571428571429,3,7,1,1,0,0,6.0
110,2026/02/04,BOS,88,Neemias Queta,PT27M59.60S,8,3,8,1,1,1,4,0.666666666666666,0.666666666666666,0.0,0,0,4,6,0,0,10.0
111,2026/02/04,BOS,55,Baylor Scheierman,PT28M18.70S,3,3,7,1,1,0,2,0.2,0.0,0.333333333333333,1,3,0,2,0,0,16.0
112,2026/02/04,BOS,9,Derrick White,PT38M28.00S,11,8,2,0,0,3,0,0.307692307692308,0.6,0.125,1,8,3,5,2,2,14.0
113,2026/02/04,BOS,11,Payton Pritchard,PT34M31.00S,26,7,4,0,0,2,1,0.6,0.833333333333334,0.25,2,8,10,12,0,0,0.0
114,2026/02/04,BOS,27,Jordan Walsh,PT10M30.30S,0,0,0,0,0,0,1,0.0,0.0,0.0,0,1,0,0,0,0,-4.0
115,2026/02/04,BOS,28,Hugo González,PT16M42.30S,2,2,6,1,0,0,1,0.166666666666667,0.333333333333333,0.0,0,3,1,3,0,1,9.0
116,2026/02/04,BOS,52,Luka Garza,PT20M00.40S,16,1,4,2,1,0,2,0.75,0.5,1.0,4,4,2,4,0,0,0.0
117,2026/02/04,DAL,32,Cooper Flagg,PT36M43.00S,36,6,9,0,2,1,1,0.5,0.5,0.5,2,4,10,20,10,11,-2.0
118,2026/02/04,DAL,16,Caleb Martin,PT29M06.00S,13,3,5,0,0,0,2,0.5,0.5,0.5,1,2,4,8,2,4,-5.0
119,2026/02/04,DAL,21,Daniel Gafford,PT24M43.00S,10,1,12,1,2,2,1,0.8,0.8,0.0,0,0,4,5,2,4,-11.0
120,2026/02/04,DAL,00,Max Christie,PT30M25.00S,10,3,2,1,0,0,0,0.307692307692308,0.5,0.222222222222222,2,9,2,4,0,0,-1.0
121,2026/02/04,DAL,13,Naji Marshall,PT31M23.00S,9,3,8,0,0,1,1,0.266666666666667,0.3,0.2,1,5,3,10,0,0,-13.0
122,2026/02/04,DAL,30,Moussa Cisse,PT14M57.00S,4,0,5,0,0,1,2,0.5,0.5,0.0,0,0,2,4,0,0,3.0
123,2026/02/04,DAL,31,Klay Thompson,PT20M09.00S,4,1,1,0,0,0,1,0.2,0.0,0.25,1,4,0,1,1,1,-15.0
124,2026/02/04,DAL,1,Jaden Hardy,PT17M33.50S,7,0,2,1,0,1,0,0.5,1.0,0.333333333333333,1,3,1,1,2,2,4.0
125,2026/02/04,DAL,9,Ryan Nembhard,PT11M47.00S,3,3,0,0,0,1,0,0.25,0.0,0.5,1,2,0,2,0,0,-10.0
126,2026/02/04,DAL,14,Miles Kelly,PT12M06.50S,0,1,3,0,0,1,2,0.0,0.0,0.0,0,2,0,0,0,0,-3.0
127,2026/02/04,DAL,7,Dwight Powell,PT11M07.00S,4,0,2,1,0,1,1,0.666666666666666,1.0,0.0,0,1,2,2,0,0,3.0
128,2026/02/04,CHI,35,Isaac Okoro,PT40M25.00S,9,2,2,2,2,2,0,0.333333333333333,0.5,0.2,1,5,2,4,2,2,-4.0
129,2026/02/04,CHI,14,Matas Buzelis,PT35M54.00S,22,1,2,0,5,1,3,0.5,0.5,0.5,5,10,3,6,1,3,-7.0
130,2026/02/04,CHI,25,Jalen Smith,PT20M06.00S,16,1,5,0,0,2,1,0.714285714285714,1.0,0.6,3,5,2,2,3,3,8.0
131,2026/02/04,CHI,11,Ayo Dosunmu,PT27M57.00S,17,8,4,2,0,1,0,0.5,0.5,0.5,3,6,3,6,2,2,-2.0
132,2026/02/04,CHI,0,Coby White,PT30M20.00S,21,3,10,0,0,3,3,0.411764705882353,0.555555555555556,0.25,2,8,5,9,5,7,-17.0
133,2026/02/04,CHI,7,Dalen Terry,PT15M34.00S,6,1,3,2,2,0,1,0.4,0.5,0.333333333333333,1,3,1,2,1,2,-8.0
134,2026/02/04,CHI,44,Patrick Williams,PT27M00.00S,17,3,5,0,2,1,2,0.411764705882353,0.444444444444444,0.375,3,8,4,9,0,0,-22.0
135,2026/02/04,CHI,8,Yuki Kawamura,PT26M15.00S,5,7,5,2,0,0,2,0.2,0.0,0.2,1,5,0,0,2,2,-18.0
136,2026/02/04,CHI,47,Lachlan Olbrich,PT16M29.00S,2,0,7,1,0,0,2,0.5,0.5,0.0,0,0,1,2,0,2,-10.0
137,2026/02/04,MIL,17,Amir Coffey,PT21M57.00S,2,2,1,1,0,0,2,0.333333333333333,0.333333333333333,0.0,0,0,1,3,0,0,-17.0
138,2026/02/04,MIL,18,Kyle Kuzma,PT31M06.00S,31,6,10,1,0,1,1,0.545454545454545,0.529411764705882,0.6,3,5,9,17,4,7,18.0
139,2026/02/04,MIL,3,Myles Turner,PT22M57.00S,15,1,4,2,1,4,3,0.5,0.428571428571429,0.666666666666666,2,3,3,7,3,4,-7.0
140,2026/02/04,MIL,20,AJ Green,PT30M29.00S,17,2,4,1,1,0,4,0.545454545454545,0.5,0.555555555555556,5,9,1,2,0,0,3.0
141,2026/02/04,MIL,13,Ryan Rollins,PT34M51.40S,21,10,7,0,0,4,0,0.38095238095238104,0.230769230769231,0.625,5,8,3,13,0,0,9.0
142,2026/02/04,MIL,35,Pete Nance,PT27M14.00S,15,2,8,0,0,0,2,0.75,1.0,0.6,3,5,3,3,0,0,17.0
143,2026/02/04,MIL,00,Jericho Sims,PT21M29.00S,9,2,9,0,1,1,3,0.666666666666666,0.666666666666666,0.0,0,0,4,6,1,2,29.0
144,2026/02/04,MIL,5,Gary Trent Jr.,PT23M14.70S,15,0,1,0,0,1,3,0.555555555555556,0.0,0.625,5,8,0,1,0,0,17.0
145,2026/02/04,MIL,50,Cole Anthony,PT12M13.90S,4,5,3,0,1,2,1,0.5,0.5,0.0,0,0,2,4,0,0,12.0
146,2026/02/04,MIL,44,Andre Jackson Jr.,PT12M07.00S,2,3,2,1,0,0,1,0.5,0.5,0.0,0,0,1,2,0,0,3.0
147,2026/02/04,MIL,43,Thanasis Antetokounmpo,PT02M21.00S,0,0,2,0,0,0,0,0.0,0.0,0.0,0,0,0,1,0,2,-4.0
148,2026/02/04,ORL,3,Desmond Bane,PT21M30.10S,7,2,2,1,2,2,6,0.428571428571429,0.5,0.333333333333333,1,3,2,4,0,0,-11.0
149,2026/02/04,ORL,5,Paolo Banchero,PT32M57.00S,17,4,3,0,0,2,2,0.352941176470588,0.384615384615385,0.25,1,4,5,13,4,4,-29.0
150,2026/02/04,ORL,34,Wendell Carter Jr.,PT23M27.00S,9,2,7,1,0,1,1,0.428571428571429,0.5,0.333333333333333,1,3,2,4,2,2,-13.0
151,2026/02/04,ORL,0,Anthony Black,PT28M21.00S,10,3,6,1,2,2,2,0.3125,0.5,0.0,0,6,5,10,0,0,-21.0
152,2026/02/04,ORL,4,Jalen Suggs,PT24M39.00S,20,6,3,1,0,3,3,0.636363636363636,1.0,0.5,4,8,3,3,2,2,-4.0
153,2026/02/04,ORL,23,Tristan da Silva,PT25M38.00S,3,2,2,0,0,1,2,0.14285714285714302,0.0,0.25,1,4,0,3,0,0,-21.0
154,2026/02/04,ORL,93,Noah Penda,PT24M21.90S,11,2,5,0,0,2,3,0.36363636363636404,0.5,0.28571428571428603,2,7,2,4,1,1,-23.0
155,2026/02/04,ORL,1,Jonathan Isaac,PT14M05.00S,0,0,2,0,1,0,1,0.0,0.0,0.0,0,0,0,2,0,0,-6.0
156,2026/02/04,ORL,21,Moritz Wagner,PT13M11.00S,8,0,5,1,0,1,3,0.666666666666666,0.0,1.0,2,2,0,1,2,2,-24.0
157,2026/02/04,ORL,2,Tyus Jones,PT05M22.00S,0,0,0,0,0,0,0,0.0,0.0,0.0,0,1,0,0,0,0,-10.0
158,2026/02/04,ORL,11,Jase Richardson,PT12M52.00S,0,0,1,0,0,0,1,0.0,0.0,0.0,0,2,0,1,0,0,-13.0
159,2026/02/04,ORL,13,Jett Howard,PT13M36.00S,7,0,2,0,0,1,0,0.75,0.666666666666666,1.0,1,1,2,3,0,0,-5.0
160,2026/02/04,OKC,5,Luguentz Dort,PT30M48.00S,18,1,5,2,0,0,2,0.75,0.666666666666666,0.8,4,5,2,3,2,2,25.0
161,2026/02/04,OKC,7,Chet Holmgren,PT27M06.00S,16,1,10,0,0,0,1,0.583333333333333,0.875,0.0,0,4,7,8,2,4,21.0
162,2026/02/04,OKC,55,Isaiah Hartenstein,PT22M53.00S,12,10,10,0,1,2,2,0.666666666666666,0.8,0.0,0,1,4,5,4,5,24.0
163,2026/02/04,OKC,22,Cason Wallace,PT22M53.00S,5,5,1,4,0,0,2,0.28571428571428603,0.5,0.0,0,3,2,4,1,1,24.0
164,2026/02/04,OKC,2,Shai Gilgeous-Alexander,PT27M48.00S,20,9,5,2,0,3,2,0.36363636363636404,0.368421052631579,0.333333333333333,1,3,7,19,3,4,23.0
165,2026/02/04,OKC,6,Jaylin Williams,PT17M06.00S,5,2,9,0,0,1,1,0.4,0.666666666666666,0.0,0,2,2,3,1,3,8.0
166,2026/02/04,OKC,9,Alex Caruso,PT18M51.00S,6,3,0,1,0,1,0,0.5,1.0,0.0,0,2,2,2,2,2,13.0
167,2026/02/04,OKC,34,Kenrich Williams,PT17M55.50S,11,1,7,1,0,0,1,0.8,0.75,1.0,1,1,3,4,2,2,11.0
168,2026/02/04,OKC,21,Aaron Wiggins,PT18M42.00S,9,0,3,0,0,1,2,0.75,1.0,0.5,1,2,2,2,2,2,17.0
169,2026/02/04,OKC,11,Isaiah Joe,PT23M25.50S,22,0,0,1,0,0,2,0.666666666666666,0.75,0.625,5,8,3,4,1,1,16.0
170,2026/02/04,OKC,3,Chris Youngblood,PT06M16.00S,2,0,1,1,0,1,0,0.25,0.5,0.0,0,2,1,2,0,0,-1.0
171,2026/02/04,OKC,13,Ousmane Dieng,PT06M16.00S,2,1,1,0,0,1,0,0.25,0.5,0.0,0,2,1,2,0,0,-1.0
172,2026/02/04,PHI,9,Kelly Oubre Jr.,PT35M10.00S,15,3,6,1,0,2,0,0.333333333333333,0.0,0.4,4,10,0,2,3,4,7.0
173,2026/02/04,PHI,25,Dominick Barlow,PT22M01.10S,10,1,6,1,0,0,0,0.3,0.166666666666667,0.5,2,4,1,6,2,2,12.0
174,2026/02/04,PHI,1,Andre Drummond,PT29M00.00S,12,1,12,1,1,4,1,0.45454545454545503,0.444444444444444,0.5,1,2,4,9,1,2,7.0
175,2026/02/04,PHI,77,VJ Edgecombe,PT39M33.00S,25,7,7,2,0,2,1,0.55,0.692307692307692,0.28571428571428603,2,7,9,13,1,2,27.0
176,2026/02/04,PHI,0,Tyrese Maxey,PT33M42.70S,14,3,4,2,0,1,1,0.333333333333333,0.5,0.2,1,5,2,4,7,7,14.0
177,2026/02/04,PHI,5,Quentin Grimes,PT23M13.00S,10,3,5,1,0,1,0,0.444444444444444,0.666666666666666,0.333333333333333,2,6,2,3,0,0,7.0
178,2026/02/04,PHI,12,Trendon Watford,PT26M49.00S,16,3,8,0,2,2,2,0.538461538461538,0.545454545454545,0.5,1,2,6,11,1,2,10.0
179,2026/02/04,PHI,20,Jared McCain,PT08M19.00S,0,2,0,0,0,0,0,0.0,0.0,0.0,0,2,0,0,0,0,10.0
180,2026/02/04,PHI,30,Adem Bona,PT15M57.20S,11,0,7,1,0,0,0,0.833333333333334,0.833333333333334,0.0,0,0,5,6,1,2,10.0
181,2026/02/04,PHI,11,Justin Edwards,PT02M05.00S,0,0,0,0,0,0,0,0.0,0.0,0.0,0,0,0,0,0,0,-3.0
182,2026/02/04,PHI,22,Johni Broome,PT02M05.00S,0,0,0,0,0,0,0,0.0,0.0,0.0,0,0,0,0,0,0,-3.0
183,2026/02/04,PHI,33,Jabari Walker,PT02M05.00S,0,0,1,0,0,0,1,0.0,0.0,0.0,0,0,0,1,0,0,-3.0
184,2026/02/04,GSW,15,Gui Santos,PT26M28.00S,13,3,2,2,2,1,1,0.714285714285714,1.0,0.6,3,5,2,2,0,0,-13.0
185,2026/02/04,GSW,23,Draymond Green,PT25M27.70S,6,3,7,0,0,1,0,0.28571428571428603,0.0,0.28571428571428603,2,7,0,0,0,0,-27.0
186,2026/02/04,GSW,20,Al Horford,PT20M05.00S,10,2,0,0,1,0,5,0.5714285714285711,0.666666666666666,0.5,2,4,2,3,0,0,-27.0
187,2026/02/04,GSW,4,Moses Moody,PT20M14.70S,12,0,2,1,0,1,3,0.5,0.0,0.5,4,8,0,0,0,0,-26.0
188,2026/02/04,GSW,2,Brandin Podziemski,PT25M16.00S,8,2,2,0,1,4,1,0.375,0.333333333333333,0.4,2,5,1,3,0,0,-22.0
189,2026/02/04,GSW,3,Will Richard,PT13M06.00S,3,1,2,0,0,2,0,0.333333333333333,0.0,0.333333333333333,1,3,0,0,0,0,-7.0
190,2026/02/04,GSW,61,Pat Spencer,PT26M06.30S,13,3,4,1,0,5,1,0.625,0.5,0.75,3,4,2,4,0,0,4.0
191,2026/02/04,GSW,8,De'Anthony Melton,PT23M47.90S,10,6,6,1,0,2,3,0.384615384615385,0.625,0.0,0,5,5,8,0,0,9.0
192,2026/02/04,GSW,21,Quinten Post,PT16M34.30S,10,3,4,0,1,1,0,0.666666666666666,0.666666666666666,0.666666666666666,2,3,2,3,0,0,10.0
193,2026/02/04,GSW,7,Buddy Hield,PT27M32.30S,9,3,3,3,0,2,2,0.36363636363636404,0.5714285714285711,0.0,0,4,4,7,1,2,6.0
194,2026/02/04,GSW,0,Gary Payton II,PT08M49.80S,0,1,0,0,0,0,0,0.0,0.0,0.0,0,0,0,0,0,0,2.0
195,2026/02/04,GSW,32,Trayce Jackson-Davis,PT03M16.00S,0,0,0,0,0,0,0,0.0,0.0,0.0,0,0,0,0,0,0,-2.0
196,2026/02/04,GSW,33,Malevy Leons,PT03M16.00S,0,0,1,0,1,1,0,0.0,0.0,0.0,0,0,0,0,0,0,-2.0
197,2026/02/04,PHX,3,Dillon Brooks,PT31M18.00S,11,1,4,1,0,2,3,0.1875,0.166666666666667,0.25,1,4,2,12,4,4,-4.0
198,2026/02/04,PHX,00,Royce O'Neale,PT36M11.40S,11,0,7,2,0,2,1,0.416666666666667,0.5714285714285711,0.2,1,5,4,7,0,2,2.0
199,2026/02/04,PHX,15,Mark Williams,PT26M06.60S,24,1,11,0,1,1,2,0.785714285714286,0.785714285714286,0.0,0,0,11,14,2,3,-7.0
200,2026/02/04,PHX,8,Grayson Allen,PT35M58.40S,24,4,1,1,0,3,3,0.529411764705882,0.5,0.545454545454545,6,11,3,6,0,0,1.0
201,2026/02/04,PHX,12,Collin Gillespie,PT33M13.00S,30,10,4,3,0,1,2,0.5882352941176471,0.666666666666666,0.5714285714285711,8,14,2,3,2,2,5.0
202,2026/02/04,PHX,23,Jordan Goodwin,PT22M48.40S,16,3,10,5,0,0,2,0.666666666666666,0.8,0.5,2,4,4,5,2,4,9.0
203,2026/02/04,PHX,11,Oso Ighodaro,PT21M28.00S,8,6,5,1,0,2,2,0.5714285714285711,0.5714285714285711,0.0,0,0,4,7,0,0,16.0
204,2026/02/04,PHX,17,Jamaree Bouyea,PT14M56.60S,0,1,1,0,1,0,1,0.0,0.0,0.0,0,1,0,1,0,0,4.0
205,2026/02/04,PHX,0,Ryan Dunn,PT08M38.60S,6,0,1,0,0,0,2,0.666666666666666,0.0,1.0,2,2,0,1,0,0,-2.0
206,2026/02/04,PHX,18,Isaiah Livers,PT09M21.00S,0,0,1,0,0,0,1,0.0,0.0,0.0,0,0,0,0,0,0,1.0
207,2026/02/04,POR,33,Toumani Camara,PT38M05.10S,13,4,11,2,0,3,2,0.416666666666667,0.666666666666666,0.333333333333333,3,9,2,3,0,0,-3.0
208,2026/02/04,POR,9,Jerami Grant,PT32M40.00S,23,4,2,0,0,3,2,0.533333333333333,0.625,0.428571428571429,3,7,5,8,4,6,4.0
209,2026/02/04,POR,23,Donovan Clingan,PT26M32.00S,14,3,15,0,2,0,0,0.5714285714285711,0.333333333333333,0.75,3,4,1,3,3,4,5.0
210,2026/02/04,POR,17,Shaedon Sharpe,PT31M23.90S,19,1,1,0,0,1,2,0.4375,0.625,0.25,2,8,5,8,3,3,7.0
211,2026/02/04,POR,5,Jrue Holiday,PT29M25.00S,15,5,4,3,0,5,3,0.5,0.714285714285714,0.2,1,5,5,7,2,2,-5.0
212,2026/02/04,POR,1,Blake Wesley,PT19M57.00S,10,4,1,0,0,1,1,0.5,0.5,0.5,2,4,2,4,0,1,-2.0
213,2026/02/04,POR,27,Vít Krejčí,PT13M36.00S,5,1,0,2,0,0,1,0.28571428571428603,1.0,0.166666666666667,1,6,1,1,0,0,-5.0
214,2026/02/04,POR,35,Robert Williams III,PT19M00.00S,14,3,8,1,3,3,1,0.857142857142857,0.833333333333334,1.0,1,1,5,6,1,2,-15.0
215,2026/02/04,POR,91,Sidy Cissoko,PT21M01.00S,12,6,5,0,0,0,4,0.555555555555556,1.0,0.333333333333333,2,6,3,3,0,0,-9.0
216,2026/02/04,POR,2,Caleb Love,PT08M20.00S,0,0,0,0,0,1,0,0.0,0.0,0.0,0,2,0,0,0,0,-2.0
0,2026/02/05,DEN,21,Spencer Jones,PT12M00.00S,0,0,3,1,1,0,1,0.0,0.0,0.0,0,2,0,1,0,0,2.0
1,2026/02/05,DEN,8,Peyton Watson,PT33M16.00S,10,2,5,1,1,1,2,0.307692307692308,0.428571428571429,0.166666666666667,1,6,3,7,1,2,-4.0
2,2026/02/05,DEN,15,Nikola Jokić,PT44M36.80S,30,10,14,0,0,0,4,0.37037037037037,0.642857142857143,0.0769230769230769,1,13,9,14,9,12,3.0
3,2026/02/05,DEN,0,Christian Braun,PT43M28.20S,6,6,7,0,0,1,3,0.333333333333333,0.5,0.0,0,2,2,4,2,2,4.0
4,2026/02/05,DEN,27,Jamal Murray,PT47M45.70S,39,6,5,1,0,4,2,0.45454545454545503,0.631578947368421,0.214285714285714,3,14,12,19,6,7,-11.0
5,2026/02/05,DEN,10,Tim Hardaway Jr.,PT41M32.20S,19,2,6,1,0,1,2,0.75,1.0,0.666666666666666,4,6,2,2,3,3,-9.0
6,2026/02/05,DEN,17,Jonas Valančiūnas,PT12M47.30S,2,2,3,0,0,2,5,1.0,1.0,0.0,0,0,1,1,0,0,-12.0
7,2026/02/05,DEN,11,Bruce Brown,PT37M42.80S,10,0,5,3,1,2,1,0.444444444444444,0.4,0.5,2,4,2,5,0,0,-12.0
8,2026/02/05,DEN,3,Julian Strawther,PT16M51.00S,11,1,3,1,0,3,1,0.8,1.0,0.666666666666666,2,3,2,2,1,1,4.0
9,2026/02/05,NYK,8,OG Anunoby,PT47M57.40S,20,4,8,0,0,0,3,0.411764705882353,0.375,0.444444444444444,4,9,3,8,2,2,13.0
10,2026/02/05,NYK,25,Mikal Bridges,PT48M29.60S,5,4,4,1,1,0,4,0.25,0.5,0.166666666666667,1,6,1,2,0,0,-2.0
11,2026/02/05,NYK,32,Karl-Anthony Towns,PT31M00.10S,24,1,12,0,0,1,6,0.692307692307692,1.0,0.333333333333333,2,6,7,7,4,4,12.0
12,2026/02/05,NYK,11,Jalen Brunson,PT47M00.10S,42,9,8,2,0,5,2,0.5185185185185179,0.6,0.416666666666667,5,12,9,15,9,11,13.0
13,2026/02/05,NYK,00,Jordan Clarkson,PT23M40.00S,11,1,1,0,0,1,1,0.714285714285714,0.8,0.5,1,2,4,5,0,0,-4.0
14,2026/02/05,NYK,23,Mitchell Robinson,PT23M06.70S,10,0,8,1,1,0,5,1.0,1.0,0.0,0,0,5,5,0,0,3.0
15,2026/02/05,NYK,44,Landry Shamet,PT35M50.70S,16,3,2,0,0,1,2,0.4,0.4,0.4,4,10,2,5,0,0,22.0
16,2026/02/05,NYK,9,Kevin McCullar Jr.,PT02M06.90S,0,2,1,0,0,0,0,0.0,0.0,0.0,0,0,0,1,0,0,1.0
17,2026/02/05,NYK,51,Mohamed Diawara,PT14M27.20S,5,0,0,0,0,0,0,0.4,1.0,0.25,1,4,1,1,0,0,-6.0
18,2026/02/05,NYK,13,Tyler Kolek,PT12M41.00S,1,4,1,0,0,2,0,0.0,0.0,0.0,0,1,0,0,1,2,-9.0
19,2026/02/05,NYK,55,Ariel Hukporti,PT03M40.30S,0,0,0,0,0,1,0,0.0,0.0,0.0,0,0,0,1,0,0,-8.0
20,2026/02/05,MIN,3,Jaden McDaniels,PT39M43.10S,19,4,1,0,2,1,3,0.615384615384615,0.7,0.333333333333333,1,3,7,10,2,2,-1.0
21,2026/02/05,MIN,30,Julius Randle,PT35M35.00S,17,4,4,0,0,3,2,0.388888888888889,0.428571428571429,0.25,1,4,6,14,2,4,-7.0
22,2026/02/05,MIN,27,Rudy Gobert,PT32M53.80S,10,2,12,1,1,0,3,1.0,1.0,0.0,0,0,4,4,2,5,11.0
23,2026/02/05,MIN,5,Anthony Edwards,PT37M46.00S,30,5,8,3,1,2,1,0.478260869565217,0.666666666666666,0.125,1,8,10,15,7,10,-2.0
24,2026/02/05,MIN,0,Donte DiVincenzo,PT31M00.00S,15,5,6,0,0,1,4,0.45454545454545503,0.0,0.555555555555556,5,9,0,2,0,0,1.0
25,2026/02/05,MIN,11,Naz Reid,PT28M39.20S,17,3,8,1,0,0,4,0.461538461538462,0.333333333333333,0.5714285714285711,4,7,2,6,1,2,2.0
26,2026/02/05,MIN,8,Bones Hyland,PT26M02.40S,20,3,7,2,1,2,3,0.666666666666666,0.8,0.5714285714285711,4,7,4,5,0,0,3.0
27,2026/02/05,MIN,22,Jaylen Clark,PT05M59.60S,0,0,0,1,0,0,0,0.0,0.0,0.0,0,1,0,1,0,2,-1.0
28,2026/02/05,MIN,9,Johnny Juzang,PT02M19.40S,0,0,0,0,0,1,0,0.0,0.0,0.0,0,0,0,1,0,0,2.0
29,2026/02/05,TOR,3,Brandon Ingram,PT35M03.00S,25,4,6,0,1,0,3,0.45454545454545503,0.4375,0.5,3,6,7,16,2,3,2.0
30,2026/02/05,TOR,4,Scottie Barnes,PT36M37.00S,22,8,10,1,1,3,2,0.7272727272727271,0.7272727272727271,0.0,0,0,8,11,6,8,9.0
31,2026/02/05,TOR,12,Collin Murray-Boyles,PT25M18.80S,13,3,4,2,1,0,3,0.666666666666666,0.714285714285714,0.5,1,2,5,7,0,0,-14.0
32,2026/02/05,TOR,9,RJ Barrett,PT28M21.40S,13,1,6,1,2,4,4,0.333333333333333,0.25,0.5,2,4,2,8,3,5,-1.0
33,2026/02/05,TOR,5,Immanuel Quickley,PT33M36.00S,23,8,5,1,0,2,1,0.666666666666666,0.5,0.75,6,8,2,4,1,2,2.0
34,2026/02/05,TOR,54,Sandro Mamukelashvili,PT31M34.20S,14,2,4,0,1,1,4,0.5,0.6,0.4,2,5,3,5,2,2,0.0
35,2026/02/05,TOR,23,Jamal Shead,PT22M13.60S,7,4,2,1,1,2,2,0.375,0.6,0.0,0,3,3,5,1,2,-1.0
36,2026/02/05,TOR,14,Ja'Kobe Walter,PT14M15.00S,3,1,0,0,0,1,0,0.333333333333333,0.0,0.333333333333333,1,3,0,0,0,0,-3.0
37,2026/02/05,TOR,1,Gradey Dick,PT13M01.00S,6,0,4,0,0,0,2,1.0,1.0,0.0,0,0,2,2,2,2,-4.0
38,2026/02/05,BOS,55,Baylor Scheierman,PT23M00.00S,15,4,10,1,0,2,3,0.5,1.0,0.375,3,8,2,2,2,2,7.0
39,2026/02/05,BOS,52,Luka Garza,PT33M47.00S,19,2,6,2,0,4,2,0.538461538461538,0.833333333333334,0.28571428571428603,2,7,5,6,3,5,16.0
40,2026/02/05,BOS,88,Neemias Queta,PT38M55.00S,10,2,19,2,5,2,2,0.75,0.75,0.0,0,0,3,4,4,4,22.0
41,2026/02/05,BOS,9,Derrick White,PT37M06.70S,28,8,1,0,0,2,3,0.4,0.36363636363636404,0.428571428571429,6,14,4,11,2,2,15.0
42,2026/02/05,BOS,13,Ron Harper Jr.,PT33M18.00S,11,3,9,0,0,0,4,0.5,1.0,0.428571428571429,3,7,1,1,0,0,16.0
43,2026/02/05,BOS,11,Payton Pritchard,PT33M29.00S,27,7,3,0,0,1,0,0.45,0.4,0.5,5,10,4,10,4,5,17.0
44,2026/02/05,BOS,27,Jordan Walsh,PT14M39.00S,2,0,4,1,0,1,2,0.0,0.0,0.0,0,2,0,1,2,2,7.0
45,2026/02/05,BOS,8,Josh Minott,PT07M04.00S,0,0,2,0,1,1,1,0.0,0.0,0.0,0,1,0,0,0,0,4.0
46,2026/02/05,BOS,28,Hugo González,PT15M19.30S,2,0,3,0,0,0,1,0.25,0.333333333333333,0.0,0,1,1,3,0,0,3.0
47,2026/02/05,BOS,26,Xavier Tillman,PT01M41.00S,0,0,0,0,0,0,0,0.0,0.0,0.0,0,1,0,0,0,0,-1.0
48,2026/02/05,BOS,44,Max Shulga,PT01M41.00S,0,0,0,0,0,0,0,0.0,0.0,0.0,0,0,0,1,0,0,-1.0
49,2026/02/05,HOU,7,Kevin Durant,PT32M38.90S,15,1,5,2,1,2,1,0.36363636363636404,0.5714285714285711,0.0,0,4,4,7,7,7,-22.0
50,2026/02/05,HOU,10,Jabari Smith Jr.,PT33M19.50S,13,3,4,0,1,1,2,0.416666666666667,0.4,0.428571428571429,3,7,2,5,0,0,-29.0
51,2026/02/05,HOU,28,Alperen Sengun,PT31M02.00S,13,3,9,2,1,3,1,0.416666666666667,0.416666666666667,0.0,0,0,5,12,3,3,-22.0
52,2026/02/05,HOU,17,Tari Eason,PT27M38.80S,10,1,4,0,0,0,3,0.666666666666666,0.5,1.0,2,2,2,4,0,0,-9.0
53,2026/02/05,HOU,1,Amen Thompson,PT28M37.50S,11,4,4,1,0,3,4,0.375,0.333333333333333,0.5,1,2,2,6,4,8,-21.0
54,2026/02/05,HOU,20,Josh Okogie,PT16M38.10S,2,0,1,1,0,0,0,0.5,0.5,0.0,0,0,1,2,0,2,-9.0
55,2026/02/05,HOU,15,Reed Sheppard,PT18M51.60S,9,0,2,1,0,0,2,0.25,0.0,0.375,3,8,0,4,0,0,-12.0
56,2026/02/05,HOU,8,Jae'Sean Tate,PT07M13.00S,0,0,0,1,0,0,1,0.0,0.0,0.0,0,1,0,1,0,2,-10.0
57,2026/02/05,HOU,30,Clint Capela,PT14M52.60S,4,0,5,1,0,0,1,0.5,0.5,0.0,0,0,2,4,0,0,4.0
58,2026/02/05,HOU,0,Aaron Holiday,PT10M53.00S,9,2,2,1,0,0,2,0.666666666666666,0.75,0.5,1,2,3,4,0,0,5.0
59,2026/02/05,HOU,4,JD Davison,PT06M57.00S,2,2,1,0,0,0,0,0.333333333333333,0.5,0.0,0,1,1,2,0,0,6.0
60,2026/02/05,HOU,27,Isaiah Crawford,PT05M39.00S,2,0,1,0,2,0,0,0.5,1.0,0.0,0,1,1,1,0,0,7.0
61,2026/02/05,HOU,32,Jeff Green,PT05M39.00S,3,0,0,0,0,0,0,0.5,0.0,0.5,1,2,0,0,0,0,7.0
62,2026/02/05,NOP,41,Saddiq Bey,PT35M06.00S,22,2,3,0,0,0,3,0.538461538461538,0.5,0.5714285714285711,4,7,3,6,4,4,-4.0
63,2026/02/05,NOP,1,Zion Williamson,PT37M43.00S,20,8,5,2,0,2,5,0.45454545454545503,0.45454545454545503,0.0,0,0,5,11,10,12,-1.0
64,2026/02/05,NOP,22,Derik Queen,PT21M58.00S,6,7,3,0,0,0,0,0.6,0.75,0.0,0,1,3,4,0,3,-12.0
65,2026/02/05,NOP,25,Trey Murphy III,PT39M53.70S,44,6,6,3,0,4,1,0.535714285714286,0.333333333333333,0.631578947368421,12,19,3,9,2,2,3.0
66,2026/02/05,NOP,2,Herbert Jones,PT35M58.00S,7,2,2,2,0,0,2,0.333333333333333,0.5,0.25,1,4,1,2,2,2,4.0
67,2026/02/05,NOP,0,Jeremiah Fears,PT19M46.00S,13,4,2,1,0,2,1,0.5,0.25,0.75,3,4,1,4,2,3,-9.0
68,2026/02/05,NOP,17,Karlo Matković,PT15M17.00S,7,1,3,0,0,0,1,0.428571428571429,0.5,0.333333333333333,1,3,2,4,0,0,-3.0
69,2026/02/05,NOP,14,Micah Peavy,PT11M37.00S,2,0,2,1,0,0,0,0.25,1.0,0.0,0,3,1,1,0,0,5.0
70,2026/02/05,NOP,21,Yves Missi,PT30M49.10S,7,1,7,0,2,0,1,0.28571428571428603,0.28571428571428603,0.0,0,0,2,7,3,3,8.0
71,2026/02/05,NOP,15,Jose Alvarado,PT16M52.20S,9,1,5,0,0,0,0,0.6,0.0,0.6,3,5,0,0,0,0,-11.0
72,2026/02/05,MIL,17,Amir Coffey,PT25M09.90S,16,1,5,0,1,0,2,0.875,1.0,0.666666666666666,2,3,5,5,0,1,1.0
73,2026/02/05,MIL,18,Kyle Kuzma,PT30M59.00S,7,9,6,0,0,3,1,0.6,0.666666666666666,0.5,1,2,2,3,0,0,-2.0
74,2026/02/05,MIL,3,Myles Turner,PT28M31.10S,16,1,9,0,2,2,4,0.636363636363636,0.833333333333334,0.4,2,5,5,6,0,0,0.0
75,2026/02/05,MIL,20,AJ Green,PT35M44.10S,20,2,3,0,0,1,2,0.538461538461538,1.0,0.5,6,12,1,1,0,0,-2.0
76,2026/02/05,MIL,13,Ryan Rollins,PT39M48.00S,27,4,4,0,0,4,2,0.5263157894736841,0.777777777777778,0.3,3,10,7,9,4,5,9.0
77,2026/02/05,MIL,7,Kevin Porter Jr.,PT29M23.00S,18,9,6,5,0,4,2,0.5,0.636363636363636,0.0,0,3,7,11,4,4,1.0
78,2026/02/05,MIL,35,Pete Nance,PT18M43.00S,16,3,3,0,0,0,2,0.666666666666666,1.0,0.5714285714285711,4,7,2,2,0,0,4.0
79,2026/02/05,MIL,00,Jericho Sims,PT27M46.90S,8,4,6,0,0,0,1,1.0,1.0,0.0,0,0,4,4,0,0,6.0
80,2026/02/05,MIL,5,Gary Trent Jr.,PT23M49.00S,13,2,0,0,0,0,0,0.714285714285714,1.0,0.6,3,5,2,2,0,0,4.0
81,2026/02/05,MIL,44,Andre Jackson Jr.,PT05M06.00S,0,1,1,0,0,0,2,0.0,0.0,0.0,0,0,0,2,0,0,-1.0
82,2026/02/05,OKC,21,Aaron Wiggins,PT37M43.80S,20,6,4,5,0,3,1,0.5,0.428571428571429,0.5714285714285711,4,7,3,7,2,2,-4.0
83,2026/02/05,OKC,34,Kenrich Williams,PT35M13.00S,25,2,9,1,0,3,0,0.5,0.45454545454545503,0.5714285714285711,4,7,5,11,3,4,-12.0
84,2026/02/05,OKC,6,Jaylin Williams,PT39M40.20S,24,4,12,0,2,2,4,0.4,0.5,0.36363636363636404,4,11,2,4,8,8,-14.0
85,2026/02/05,OKC,22,Cason Wallace,PT34M21.00S,13,5,3,3,1,3,4,0.375,0.45454545454545503,0.2,1,5,5,11,0,0,-15.0
86,2026/02/05,OKC,11,Isaiah Joe,PT37M08.30S,2,2,5,1,2,1,1,0.14285714285714302,0.25,0.0,0,3,1,4,0,0,-1.0
87,2026/02/05,OKC,3,Chris Youngblood,PT19M57.00S,5,2,3,0,2,0,1,0.333333333333333,0.5,0.25,1,4,1,2,0,0,-3.0
88,2026/02/05,OKC,15,Branden Carlson,PT15M55.80S,3,0,7,0,2,0,1,0.5,0.0,1.0,1,1,0,1,0,0,10.0
89,2026/02/05,OKC,23,Brooks Barnhizer,PT20M00.90S,14,5,3,0,0,2,4,0.333333333333333,0.166666666666667,0.444444444444444,4,9,1,6,0,0,-11.0
90,2026/02/05,SAS,24,Devin Vassell,PT25M01.00S,5,0,3,1,0,1,0,0.2,0.333333333333333,0.14285714285714302,1,7,1,3,0,0,-4.0
91,2026/02/05,SAS,30,Julian Champagnie,PT27M23.00S,8,3,5,0,0,2,2,0.5,1.0,0.4,2,5,1,1,0,0,13.0
92,2026/02/05,SAS,1,Victor Wembanyama,PT28M21.00S,22,2,14,0,2,2,1,0.5625,0.5714285714285711,0.5,1,2,8,14,3,8,17.0
93,2026/02/05,SAS,4,De'Aaron Fox,PT33M13.00S,15,10,4,3,1,1,1,0.5,0.714285714285714,0.0,0,3,5,7,5,6,20.0
94,2026/02/05,SAS,5,Stephon Castle,PT26M29.00S,14,4,3,3,2,3,5,0.428571428571429,0.545454545454545,0.0,0,3,6,11,2,2,-4.0
95,2026/02/05,SAS,3,Keldon Johnson,PT28M39.00S,25,2,6,0,1,0,2,0.5882352941176471,0.666666666666666,0.5,4,8,6,9,1,2,8.0
96,2026/02/05,SAS,7,Luke Kornet,PT15M08.00S,4,2,15,1,0,0,0,0.28571428571428603,0.28571428571428603,0.0,0,0,2,7,0,0,-4.0
97,2026/02/05,SAS,40,Harrison Barnes,PT29M33.00S,9,1,7,0,2,2,2,0.333333333333333,0.5,0.28571428571428603,2,7,1,2,1,2,0.0
98,2026/02/05,SAS,11,Carter Bryant,PT13M21.00S,11,1,5,2,0,1,2,0.444444444444444,0.333333333333333,0.5,3,6,1,3,0,0,6.0
99,2026/02/05,SAS,0,Jordan McLaughlin,PT12M52.00S,3,1,1,1,0,0,0,0.333333333333333,0.0,1.0,1,1,0,2,0,0,-2.0
100,2026/02/05,MEM,0,Jaylen Wells,PT26M02.00S,18,1,3,0,0,2,3,0.5,0.0,0.666666666666666,6,9,0,3,0,0,6.0
101,2026/02/05,MEM,45,GG Jackson,PT27M12.00S,16,2,7,1,1,2,3,0.75,0.8,0.666666666666666,2,3,4,5,2,3,9.0
102,2026/02/05,MEM,7,Santi Aldama,PT24M08.00S,12,0,6,1,2,1,3,0.4,0.5,0.333333333333333,2,6,2,4,2,4,14.0
103,2026/02/05,MEM,23,Cedric Coward,PT26M30.00S,5,6,7,0,1,1,4,0.333333333333333,0.5,0.0,0,2,2,4,1,2,11.0
104,2026/02/05,MEM,2,Ty Jerome,PT20M41.00S,28,7,1,1,0,0,2,0.714285714285714,0.7,0.75,3,4,7,10,5,6,9.0
105,2026/02/05,MEM,3,Kentavious Caldwell-Pope,PT22M29.00S,15,2,2,1,0,2,3,0.666666666666666,0.833333333333334,0.333333333333333,1,3,5,6,2,2,2.0
106,2026/02/05,MEM,21,Jahmai Mashack,PT22M56.70S,2,5,4,3,0,0,4,0.5,0.5,0.0,0,0,1,2,0,0,-5.0
107,2026/02/05,MEM,24,Cam Spencer,PT26M52.30S,20,5,3,0,0,3,0,0.538461538461538,0.666666666666666,0.428571428571429,3,7,4,6,3,3,-6.0
108,2026/02/05,MEM,10,Javon Small,PT20M59.00S,5,2,6,0,0,1,2,0.18181818181818202,0.166666666666667,0.2,1,5,1,6,0,0,-11.0
109,2026/02/05,MEM,18,Olivier-Maxence Prosper,PT22M10.00S,8,0,5,1,0,1,2,0.2,0.333333333333333,0.0,0,2,1,3,6,8,-9.0
110,2026/02/05,SAC,10,DeMar DeRozan,PT27M35.00S,20,5,3,0,0,1,1,0.6,0.714285714285714,0.333333333333333,1,3,5,7,7,9,-4.0
111,2026/02/05,SAC,15,De'Andre Hunter,PT26M25.00S,9,1,2,0,0,1,5,0.272727272727273,0.14285714285714302,0.5,2,4,1,7,1,2,-7.0
112,2026/02/05,SAC,11,Domantas Sabonis,PT24M04.00S,24,3,15,1,0,1,3,0.555555555555556,0.555555555555556,0.0,0,0,10,18,4,4,-12.0
113,2026/02/05,SAC,8,Zach LaVine,PT22M11.00S,11,0,1,1,0,1,2,0.333333333333333,0.333333333333333,0.333333333333333,1,3,2,6,4,4,-13.0
114,2026/02/05,SAC,18,Russell Westbrook,PT25M36.00S,13,5,0,1,0,2,1,0.357142857142857,0.5,0.3,3,10,2,4,0,0,0.0
115,2026/02/05,SAC,5,Nique Clifford,PT25M49.00S,14,5,3,0,0,4,0,0.555555555555556,0.5,0.666666666666666,2,3,3,6,2,2,9.0
116,2026/02/05,SAC,32,Dylan Cardwell,PT25M49.00S,5,1,11,0,1,0,3,0.5,0.5,0.0,0,0,1,2,3,4,9.0
117,2026/02/05,SAC,0,Malik Monk,PT17M54.00S,13,4,0,0,0,2,1,0.4,0.4,0.4,2,5,2,5,3,3,2.0
118,2026/02/05,SAC,42,Maxime Raynaud,PT20M47.00S,6,0,5,0,0,0,1,0.6,1.0,0.0,0,2,3,3,0,0,-1.0
119,2026/02/05,SAC,22,Devin Carter,PT23M50.00S,10,5,6,1,1,1,4,0.416666666666667,0.833333333333334,0.0,0,6,5,6,0,0,-3.0
120,2026/02/05,CLE,20,Jaylon Tyson,PT24M32.00S,17,1,4,1,0,2,1,0.7,0.5714285714285711,1.0,3,3,4,7,0,3,20.0
121,2026/02/05,CLE,32,Dean Wade,PT19M37.00S,5,3,3,1,0,0,1,0.4,0.5,0.333333333333333,1,3,1,2,0,0,12.0
122,2026/02/05,CLE,31,Jarrett Allen,PT23M23.00S,10,3,11,2,1,0,0,0.625,0.625,0.0,0,0,5,8,0,2,20.0
123,2026/02/05,CLE,5,Sam Merrill,PT21M03.00S,11,0,1,0,0,1,1,0.666666666666666,1.0,0.6,3,5,1,1,0,0,21.0
124,2026/02/05,CLE,45,Donovan Mitchell,PT30M05.00S,29,9,5,4,0,2,1,0.5263157894736841,0.7,0.333333333333333,3,9,7,10,6,6,24.0
125,2026/02/05,CLE,8,Dennis Schröder,PT19M13.00S,11,6,2,3,0,3,0,0.357142857142857,0.444444444444444,0.2,1,5,4,9,0,0,15.0
126,2026/02/05,CLE,35,Nae'Qwan Tomlin,PT20M16.00S,4,2,1,2,2,0,4,0.14285714285714302,0.333333333333333,0.0,0,4,1,3,2,2,16.0
127,2026/02/05,CLE,3,Thomas Bryant,PT16M30.00S,8,0,8,0,2,0,0,0.666666666666666,0.8,0.0,0,1,4,5,0,0,8.0
128,2026/02/05,CLE,9,Craig Porter Jr.,PT24M46.00S,7,2,2,1,0,0,2,0.6,0.666666666666666,0.5,1,2,2,3,0,0,11.0
129,2026/02/05,CLE,14,Keon Ellis,PT18M32.00S,6,0,3,2,0,1,1,0.4,0.0,0.5,2,4,0,1,0,0,3.0
130,2026/02/05,CLE,22,Larry Nance Jr.,PT08M07.00S,8,1,1,0,0,0,1,0.75,1.0,0.666666666666666,2,3,1,1,0,0,5.0
131,2026/02/05,CLE,21,Tristan Enaruna,PT06M58.00S,2,1,3,0,0,0,0,0.5,0.5,0.0,0,0,1,2,0,0,5.0
132,2026/02/05,CLE,24,Tyrese Proctor,PT06M58.00S,6,2,0,1,0,0,0,0.428571428571429,0.6,0.0,0,2,3,5,0,0,5.0
133,2026/02/05,LAC,2,Kawhi Leonard,PT26M38.00S,25,4,7,1,0,4,1,0.5,0.5714285714285711,0.333333333333333,2,6,8,14,3,3,-4.0
134,2026/02/05,LAC,20,John Collins,PT27M04.00S,19,0,7,0,0,1,2,0.7272727272727271,0.8,0.0,0,1,8,10,3,3,-33.0
135,2026/02/05,LAC,11,Brook Lopez,PT23M05.00S,5,1,2,1,0,0,1,0.333333333333333,0.5,0.25,1,4,1,2,0,0,-17.0
136,2026/02/05,LAC,4,Kobe Sanders,PT19M58.00S,4,2,2,1,0,2,3,0.333333333333333,0.666666666666666,0.0,0,3,2,3,0,0,-7.0
137,2026/02/05,LAC,8,Kris Dunn,PT20M30.00S,2,6,3,1,0,3,0,0.25,0.333333333333333,0.0,0,1,1,3,0,0,-24.0
138,2026/02/05,LAC,10,Bogdan Bogdanović,PT11M56.00S,2,1,1,0,0,3,0,0.25,0.5,0.0,0,2,1,2,0,0,-16.0
139,2026/02/05,LAC,14,Yanic Konan Niederhäuser,PT24M55.00S,10,0,8,0,2,3,4,1.0,1.0,0.0,0,0,4,4,2,2,-16.0
140,2026/02/05,LAC,22,Jordan Miller,PT29M41.00S,5,3,4,1,0,2,0,0.2,0.166666666666667,0.25,1,4,1,6,0,0,-25.0
141,2026/02/05,LAC,33,Nicolas Batum,PT05M48.00S,0,0,0,0,0,1,0,0.0,0.0,0.0,0,0,0,0,0,0,-2.0
142,2026/02/05,LAC,5,Derrick Jones Jr.,PT21M26.00S,7,0,2,0,1,0,1,0.333333333333333,0.5,0.0,0,2,2,4,3,4,-9.0
143,2026/02/05,LAC,12,Cam Christie,PT12M00.00S,2,0,1,1,1,1,0,0.333333333333333,0.5,0.0,0,1,1,2,0,0,-7.0
144,2026/02/05,LAC,24,Kobe Brown,PT08M52.00S,10,0,0,0,0,3,1,0.8,1.0,0.666666666666666,2,3,2,2,0,0,0.0
145,2026/02/05,LAC,15,TyTy Washington Jr.,PT08M07.00S,0,3,0,0,0,1,0,0.0,0.0,0.0,0,1,0,0,0,0,-5.0
0,2026/02/06,WAS,9,Justin Champagnie,PT15M27.00S,14,1,7,0,1,0,0,0.5,0.333333333333333,0.75,3,4,2,6,1,1,16.0
1,2026/02/06,WAS,18,Kyshawn George,PT17M41.00S,8,3,3,0,0,1,2,0.6,1.0,0.333333333333333,1,3,2,2,1,2,-1.0
2,2026/02/06,WAS,20,Alex Sarr,PT18M01.00S,12,1,6,0,1,1,2,0.5,0.5,0.5,2,4,3,6,0,1,2.0
3,2026/02/06,WAS,0,Bilal Coulibaly,PT36M14.00S,11,4,5,1,1,3,4,0.333333333333333,0.375,0.25,1,4,3,8,2,3,-1.0
4,2026/02/06,WAS,7,Bub Carrington,PT21M56.00S,12,4,0,1,0,1,1,0.4,0.666666666666666,0.28571428571428603,2,7,2,3,2,2,1.0
5,2026/02/06,WAS,00,Tristan Vukcevic,PT11M08.50S,14,3,3,1,2,3,4,0.714285714285714,0.666666666666666,0.75,3,4,2,3,1,1,3.0
6,2026/02/06,WAS,13,Sharife Cooper,PT34M26.00S,18,5,3,0,0,5,3,0.666666666666666,0.857142857142857,0.4,2,5,6,7,0,0,-3.0
7,2026/02/06,WAS,27,Will Riley,PT29M21.50S,20,5,6,2,0,0,3,0.642857142857143,0.777777777777778,0.4,2,5,7,9,0,3,13.0
8,2026/02/06,WAS,5,Jamir Watkins,PT25M55.00S,6,2,3,1,1,1,2,0.4,0.5,0.333333333333333,1,3,1,2,1,2,8.0
9,2026/02/06,WAS,16,Anthony Gill,PT29M50.00S,11,2,3,3,0,1,5,0.666666666666666,0.75,0.5,1,2,3,4,2,3,7.0
10,2026/02/06,DET,9,Ausar Thompson,PT32M46.60S,13,3,9,4,2,2,4,0.625,0.625,0.0,0,0,5,8,3,4,-5.0
11,2026/02/06,DET,28,Isaiah Stewart,PT28M46.00S,4,0,2,0,0,2,2,0.333333333333333,0.5,0.0,0,1,1,2,2,2,-3.0
12,2026/02/06,DET,0,Jalen Duren,PT12M39.00S,4,0,3,0,0,2,1,0.333333333333333,0.333333333333333,0.0,0,0,2,6,0,0,-15.0
13,2026/02/06,DET,55,Duncan Robinson,PT30M18.40S,21,2,1,0,0,0,1,0.4,0.0,0.4,6,15,0,0,3,3,-7.0
14,2026/02/06,DET,2,Cade Cunningham,PT37M30.00S,30,8,8,0,1,4,2,0.476190476190476,0.555555555555556,0.0,0,3,10,18,10,13,-16.0
15,2026/02/06,DET,5,Ronald Holland II,PT24M43.00S,11,2,10,1,1,0,1,0.444444444444444,0.5714285714285711,0.0,0,2,4,7,3,4,3.0
16,2026/02/06,DET,8,Caris LeVert,PT16M07.00S,7,3,2,1,1,0,3,0.428571428571429,0.6,0.0,0,2,3,5,1,1,-4.0
17,2026/02/06,DET,25,Marcus Sasser,PT13M54.00S,8,3,2,1,0,1,1,0.5,0.5,0.5,2,4,1,2,0,0,2.0
18,2026/02/06,DET,31,Javonte Green,PT18M22.00S,8,0,3,3,0,3,0,0.5,1.0,0.25,1,4,2,2,1,2,-2.0
19,2026/02/06,DET,27,Kevin Huerter,PT05M58.00S,0,1,1,1,0,0,1,0.0,0.0,0.0,0,2,0,0,0,0,-7.0
20,2026/02/06,DET,7,Paul Reed,PT13M15.00S,7,0,5,0,0,1,1,0.75,0.75,0.0,0,0,3,4,1,2,0.0
21,2026/02/06,DET,14,Wendell Moore Jr.,PT05M41.00S,4,0,1,0,0,0,0,1.0,1.0,0.0,0,0,1,1,2,2,9.0
22,2026/02/06,BKN,17,Michael Porter Jr.,PT32M19.00S,9,2,2,1,0,2,3,0.153846153846154,0.0,0.28571428571428603,2,7,0,6,3,3,-23.0
23,2026/02/06,BKN,21,Noah Clowney,PT21M53.00S,0,0,4,1,0,2,4,0.0,0.0,0.0,0,4,0,2,0,0,-14.0
24,2026/02/06,BKN,33,Nic Claxton,PT28M50.00S,14,3,6,0,0,1,1,0.75,0.857142857142857,0.0,0,1,6,7,2,5,-20.0
25,2026/02/06,BKN,88,Nolan Traore,PT37M57.00S,21,7,3,1,0,4,3,0.538461538461538,0.666666666666666,0.428571428571429,3,7,4,6,4,5,-11.0
26,2026/02/06,BKN,8,Egor Dëmin,PT31M57.30S,26,2,4,0,0,2,1,0.666666666666666,1.0,0.6,6,10,2,2,4,5,-4.0
27,2026/02/06,BKN,1,Ziaire Williams,PT16M58.70S,1,0,2,3,1,2,0,0.0,0.0,0.0,0,1,0,1,1,3,-18.0
28,2026/02/06,BKN,4,Drake Powell,PT18M58.70S,6,2,3,0,0,1,3,0.333333333333333,0.6,0.0,0,4,3,5,0,1,-2.0
29,2026/02/06,BKN,20,Day'Ron Sharpe,PT13M10.00S,4,0,5,1,0,1,4,0.5,0.5,0.0,0,0,2,4,0,0,-6.0
30,2026/02/06,BKN,77,Ben Saraf,PT16M03.00S,4,4,1,0,0,3,3,0.25,0.333333333333333,0.0,0,1,1,3,2,3,-3.0
31,2026/02/06,BKN,2,Danny Wolf,PT21M53.30S,13,2,6,0,1,1,2,0.45454545454545503,0.5714285714285711,0.25,1,4,4,7,2,4,1.0
32,2026/02/06,ORL,3,Desmond Bane,PT31M47.00S,23,4,3,4,0,2,0,0.5,0.857142857142857,0.14285714285714302,1,7,6,7,8,9,20.0
33,2026/02/06,ORL,5,Paolo Banchero,PT31M21.00S,22,4,5,0,2,1,1,0.615384615384615,0.7272727272727271,0.0,0,2,8,11,6,8,14.0
34,2026/02/06,ORL,34,Wendell Carter Jr.,PT21M49.00S,7,1,8,2,1,1,4,0.5,0.5,0.5,1,2,2,4,0,0,10.0
35,2026/02/06,ORL,0,Anthony Black,PT27M35.00S,18,5,2,1,1,0,3,0.5,0.5714285714285711,0.4,2,5,4,7,4,5,18.0
36,2026/02/06,ORL,4,Jalen Suggs,PT29M06.00S,15,11,11,3,4,3,0,0.666666666666666,0.75,0.6,3,5,3,4,0,0,24.0
37,2026/02/06,ORL,11,Jase Richardson,PT22M32.30S,1,2,1,2,0,0,2,0.0,0.0,0.0,0,3,0,1,1,2,6.0
38,2026/02/06,ORL,21,Moritz Wagner,PT12M08.30S,14,0,5,0,0,2,3,0.6,0.75,0.0,0,2,6,8,2,3,6.0
39,2026/02/06,ORL,23,Tristan da Silva,PT17M30.70S,2,0,2,1,2,0,2,0.25,0.333333333333333,0.0,0,1,1,3,0,0,12.0
40,2026/02/06,ORL,1,Jonathan Isaac,PT07M35.00S,0,1,1,0,0,1,1,0.0,0.0,0.0,0,0,0,0,0,0,10.0
41,2026/02/06,ORL,93,Noah Penda,PT14M14.70S,0,1,2,0,0,2,3,0.0,0.0,0.0,0,0,0,0,0,0,1.0
42,2026/02/06,ORL,13,Jett Howard,PT12M21.00S,7,2,0,1,0,0,2,0.5,1.0,0.25,1,4,2,2,0,0,-9.0
43,2026/02/06,ORL,8,Jamal Cain,PT06M00.00S,3,1,1,0,0,1,0,1.0,0.0,1.0,1,1,0,0,0,0,-6.0
44,2026/02/06,ORL,35,Goga Bitadze,PT06M00.00S,6,0,1,0,1,0,0,1.0,1.0,0.0,0,0,3,3,0,0,-6.0
45,2026/02/06,UTA,5,Cody Williams,PT37M36.00S,5,2,4,1,3,0,2,0.222222222222222,0.333333333333333,0.0,0,3,2,6,1,2,-10.0
46,2026/02/06,UTA,23,Lauri Markkanen,PT23M26.00S,18,1,5,1,0,1,2,0.5,0.428571428571429,0.6,3,5,3,7,3,3,-3.0
47,2026/02/06,UTA,22,Kyle Filipowski,PT28M25.00S,15,1,17,0,0,3,5,0.555555555555556,0.5,0.666666666666666,2,3,3,6,3,5,-6.0
48,2026/02/06,UTA,19,Ace Bailey,PT40M21.00S,20,1,6,2,1,0,3,0.346153846153846,0.388888888888889,0.25,2,8,7,18,0,0,0.0
49,2026/02/06,UTA,8,Isaiah Collier,PT48M00.00S,25,11,7,3,0,2,4,0.5,0.55,0.0,0,2,11,20,3,4,-2.0
50,2026/02/06,UTA,28,Brice Sensabaugh,PT29M34.00S,18,2,4,0,0,1,6,0.545454545454545,0.5,0.6,3,5,3,6,3,6,2.0
51,2026/02/06,UTA,10,Svi Mykhailiuk,PT22M42.00S,14,0,4,0,0,0,1,0.6,0.666666666666666,0.5,2,4,4,6,0,0,10.0
52,2026/02/06,UTA,34,Oscar Tshiebwe,PT09M56.00S,4,1,2,0,0,1,1,1.0,1.0,0.0,0,0,2,2,0,0,-1.0
53,2026/02/06,ATL,10,Zaccharie Risacher,PT19M15.00S,0,0,6,1,0,2,3,0.0,0.0,0.0,0,4,0,4,0,0,-8.0
54,2026/02/06,ATL,1,Jalen Johnson,PT38M38.70S,22,15,16,0,2,4,4,0.473684210526316,0.642857142857143,0.0,0,5,9,14,4,5,7.0
55,2026/02/06,ATL,31,Jock Landale,PT31M31.00S,26,5,11,0,4,2,2,0.714285714285714,0.833333333333334,0.625,5,8,5,6,1,2,10.0
56,2026/02/06,ATL,5,Dyson Daniels,PT34M34.60S,11,6,6,0,0,1,2,0.416666666666667,0.4,0.5,1,2,4,10,0,2,9.0
57,2026/02/06,ATL,7,Nickeil Alexander-Walker,PT33M42.00S,23,5,2,2,0,0,0,0.6,0.75,0.0,0,3,9,12,5,5,10.0
58,2026/02/06,ATL,3,CJ McCollum,PT31M52.90S,8,3,0,0,3,1,1,0.25,0.5,0.0,0,6,3,6,2,2,0.0
59,2026/02/06,ATL,14,Asa Newell,PT16M29.00S,9,0,3,0,1,0,1,0.5714285714285711,0.8,0.0,0,2,4,5,1,3,-8.0
60,2026/02/06,ATL,24,Corey Kispert,PT24M34.20S,20,0,2,0,0,0,4,0.777777777777778,1.0,0.5,2,4,5,5,4,4,-5.0
61,2026/02/06,ATL,18,Mouhamed Gueye,PT09M22.60S,2,0,4,0,0,0,1,0.5,1.0,0.0,0,1,1,1,0,0,-5.0
62,2026/02/06,CHI,35,Isaac Okoro,PT29M46.00S,10,1,2,1,0,1,2,0.375,0.75,0.0,0,4,3,4,4,4,-21.0
63,2026/02/06,CHI,14,Matas Buzelis,PT32M36.00S,18,3,6,1,1,3,1,0.636363636363636,1.0,0.333333333333333,2,6,5,5,2,2,-19.0
64,2026/02/06,CHI,25,Jalen Smith,PT24M17.00S,13,1,9,1,0,0,1,0.545454545454545,0.75,0.0,0,3,6,8,1,2,-6.0
65,2026/02/06,CHI,31,Jaden Ivey,PT33M10.00S,13,6,4,3,0,2,3,0.416666666666667,0.28571428571428603,0.6,3,5,2,7,0,0,-9.0
66,2026/02/06,CHI,2,Anfernee Simons,PT31M58.00S,22,3,2,0,1,3,1,0.533333333333333,1.0,0.461538461538462,6,13,2,2,0,0,-10.0
67,2026/02/06,CHI,44,Patrick Williams,PT25M15.00S,9,2,1,0,1,1,1,0.25,0.0,0.375,3,8,0,4,0,0,-7.0
68,2026/02/06,CHI,28,Guerschon Yabusele,PT33M14.00S,15,3,11,2,0,1,2,0.545454545454545,0.6,0.5,3,6,3,5,0,0,-4.0
69,2026/02/06,CHI,8,Yuki Kawamura,PT12M10.90S,3,7,2,1,0,3,0,0.25,0.0,0.5,1,2,0,2,0,0,3.0
70,2026/02/06,CHI,47,Lachlan Olbrich,PT04M05.00S,0,1,0,0,0,0,0,0.0,0.0,0.0,0,0,0,0,0,0,0.0
71,2026/02/06,CHI,5,Mac McClung,PT13M28.10S,4,1,1,0,1,1,2,0.28571428571428603,0.4,0.0,0,2,2,5,0,0,-7.0
72,2026/02/06,TOR,3,Brandon Ingram,PT35M20.90S,33,6,6,0,1,2,0,0.6,0.636363636363636,0.555555555555556,5,9,7,11,4,4,7.0
73,2026/02/06,TOR,4,Scottie Barnes,PT32M25.00S,13,7,6,0,0,4,2,0.545454545454545,0.625,0.333333333333333,1,3,5,8,0,0,10.0
74,2026/02/06,TOR,12,Collin Murray-Boyles,PT37M09.90S,17,4,5,1,3,1,2,0.888888888888889,0.888888888888889,0.0,0,0,8,9,1,2,20.0
75,2026/02/06,TOR,14,Ja'Kobe Walter,PT30M56.10S,12,2,5,2,0,1,3,0.666666666666666,0.75,0.0,0,1,6,8,0,0,14.0
76,2026/02/06,TOR,5,Immanuel Quickley,PT30M52.10S,24,5,2,1,0,0,2,0.45,0.666666666666666,0.272727272727273,3,11,6,9,3,3,14.0
77,2026/02/06,TOR,23,Jamal Shead,PT22M12.70S,3,8,4,2,2,3,0,0.333333333333333,0.0,0.5,1,2,0,1,0,0,7.0
78,2026/02/06,TOR,54,Sandro Mamukelashvili,PT23M18.00S,17,1,5,3,1,0,0,0.555555555555556,0.333333333333333,0.666666666666666,4,6,1,3,3,4,3.0
79,2026/02/06,TOR,1,Gradey Dick,PT11M32.90S,2,1,1,0,0,0,2,0.333333333333333,0.5,0.0,0,1,1,2,0,0,-3.0
80,2026/02/06,TOR,77,Jamison Battle,PT13M44.00S,2,1,1,0,0,0,0,0.333333333333333,0.5,0.0,0,1,1,2,0,0,7.0
81,2026/02/06,TOR,55,Alijah Martin,PT01M36.00S,0,0,0,0,0,0,0,0.0,0.0,0.0,0,0,0,0,0,0,1.0
82,2026/02/06,CHA,7,Kon Knueppel,PT32M21.30S,24,2,4,0,0,6,3,0.615384615384615,0.75,0.4,2,5,6,8,6,6,3.0
83,2026/02/06,CHA,0,Miles Bridges,PT32M05.00S,18,4,6,1,0,0,0,0.411764705882353,0.444444444444444,0.375,3,8,4,9,1,1,14.0
84,2026/02/06,CHA,14,Moussa Diabaté,PT29M20.60S,7,4,12,0,1,1,1,0.6,0.6,0.0,0,0,3,5,1,2,14.0
85,2026/02/06,CHA,24,Brandon Miller,PT21M28.40S,11,1,3,3,1,6,4,0.444444444444444,0.6,0.25,1,4,3,5,2,2,-9.0
86,2026/02/06,CHA,1,LaMelo Ball,PT28M34.00S,20,4,6,0,0,3,1,0.368421052631579,0.28571428571428603,0.416666666666667,5,12,2,7,1,2,8.0
87,2026/02/06,CHA,10,Josh Green,PT22M52.60S,14,2,1,4,1,1,1,1.0,1.0,1.0,3,3,1,1,3,3,18.0
88,2026/02/06,CHA,11,Ryan Kalkbrenner,PT18M41.10S,2,1,4,4,2,0,2,0.0,0.0,0.0,0,0,0,2,2,2,-4.0
89,2026/02/06,CHA,2,Grant Williams,PT15M56.10S,2,0,3,0,0,1,1,0.0,0.0,0.0,0,3,0,0,2,2,-4.0
90,2026/02/06,CHA,4,Sion James,PT21M53.00S,6,0,2,2,0,0,1,0.4,0.0,0.666666666666666,2,3,0,2,0,0,2.0
91,2026/02/06,CHA,23,Tre Mann,PT16M47.90S,5,3,5,0,0,2,1,0.1,0.0,0.2,1,5,0,5,2,2,8.0
92,2026/02/06,HOU,7,Kevin Durant,PT31M20.00S,31,1,3,5,0,6,0,0.5238095238095241,0.470588235294118,0.75,3,4,8,17,6,8,-11.0
93,2026/02/06,HOU,10,Jabari Smith Jr.,PT33M12.60S,17,2,7,1,2,1,2,0.7,0.857142857142857,0.333333333333333,1,3,6,7,2,3,-18.0
94,2026/02/06,HOU,28,Alperen Sengun,PT27M49.00S,7,5,9,0,1,1,4,0.272727272727273,0.3,0.0,0,1,3,10,1,2,-6.0
95,2026/02/06,HOU,20,Josh Okogie,PT20M30.00S,6,0,1,1,0,1,1,1.0,1.0,1.0,1,1,1,1,1,2,-22.0
96,2026/02/06,HOU,1,Amen Thompson,PT32M48.40S,8,7,5,1,1,5,1,0.428571428571429,0.428571428571429,0.0,0,0,3,7,2,2,-11.0
97,2026/02/06,HOU,2,Dorian Finney-Smith,PT16M15.00S,2,2,3,1,0,1,3,0.25,0.5,0.0,0,2,1,2,0,0,-20.0
98,2026/02/06,HOU,15,Reed Sheppard,PT22M03.30S,7,0,2,2,1,2,2,0.2,0.25,0.166666666666667,1,6,1,4,2,2,-12.0
99,2026/02/06,HOU,30,Clint Capela,PT17M15.70S,6,0,5,2,0,0,1,0.6,0.6,0.0,0,0,3,5,0,0,5.0
100,2026/02/06,HOU,27,Isaiah Crawford,PT15M34.00S,5,2,1,2,0,0,0,0.666666666666666,1.0,0.5,1,2,1,1,0,0,9.0
101,2026/02/06,HOU,0,Aaron Holiday,PT07M44.00S,0,1,1,1,0,0,0,0.0,0.0,0.0,0,0,0,2,0,0,12.0
102,2026/02/06,HOU,4,JD Davison,PT07M44.00S,4,3,1,0,0,1,2,0.5,0.666666666666666,0.0,0,1,2,3,0,0,12.0
103,2026/02/06,HOU,32,Jeff Green,PT07M44.00S,6,1,2,1,0,0,0,0.5,1.0,0.333333333333333,1,3,1,1,1,1,12.0
104,2026/02/06,SAS,30,Julian Champagnie,PT27M19.00S,14,1,7,1,0,1,2,0.333333333333333,0.5,0.25,2,8,2,4,4,4,5.0
105,2026/02/06,SAS,40,Harrison Barnes,PT34M23.00S,19,3,1,0,1,3,2,0.714285714285714,0.0,0.714285714285714,5,7,0,0,4,4,8.0
106,2026/02/06,SAS,1,Victor Wembanyama,PT34M27.00S,29,6,11,2,3,3,4,0.642857142857143,0.8,0.555555555555556,5,9,4,5,6,8,14.0
107,2026/02/06,SAS,24,Devin Vassell,PT30M08.00S,12,3,7,0,0,0,0,0.416666666666667,0.625,0.0,0,4,5,8,2,2,15.0
108,2026/02/06,SAS,4,De'Aaron Fox,PT31M56.00S,17,7,3,0,0,2,3,0.4375,0.444444444444444,0.428571428571429,3,7,4,9,0,0,-8.0
109,2026/02/06,SAS,3,Keldon Johnson,PT19M09.00S,12,4,6,1,1,1,2,0.555555555555556,0.555555555555556,0.0,0,0,5,9,2,2,-6.0
110,2026/02/06,SAS,5,Stephon Castle,PT21M40.00S,18,6,7,3,0,3,1,0.615384615384615,0.7,0.333333333333333,1,3,7,10,1,1,27.0
111,2026/02/06,SAS,2,Dylan Harper,PT19M14.00S,9,2,5,0,2,0,2,0.428571428571429,0.5,0.0,0,1,3,6,3,4,8.0
112,2026/02/06,SAS,11,Carter Bryant,PT17M52.00S,2,2,2,0,0,0,2,0.333333333333333,0.333333333333333,0.0,0,0,1,3,0,0,1.0
113,2026/02/06,SAS,0,Jordan McLaughlin,PT03M52.00S,3,0,1,0,0,0,0,0.5,0.0,0.5,1,2,0,0,0,0,-4.0
114,2026/02/06,DAL,32,Cooper Flagg,PT38M32.00S,32,4,6,2,3,3,1,0.5185185185185179,0.545454545454545,0.4,2,5,12,22,2,2,-19.0
115,2026/02/06,DAL,16,Caleb Martin,PT31M33.00S,8,1,4,2,0,3,3,0.75,0.666666666666666,1.0,1,1,2,3,1,2,-20.0
116,2026/02/06,DAL,21,Daniel Gafford,PT33M01.00S,16,2,10,3,4,0,6,0.625,0.625,0.0,0,0,5,8,6,8,2.0
117,2026/02/06,DAL,00,Max Christie,PT37M44.00S,20,4,3,1,0,1,0,0.466666666666667,0.714285714285714,0.25,2,8,5,7,4,4,-15.0
118,2026/02/06,DAL,13,Naji Marshall,PT38M46.00S,32,3,6,0,0,1,2,0.5714285714285711,0.5714285714285711,0.5714285714285711,4,7,8,14,4,4,5.0
119,2026/02/06,DAL,31,Klay Thompson,PT20M26.00S,5,1,2,0,0,0,2,0.25,0.5,0.166666666666667,1,6,1,2,0,0,-12.0
120,2026/02/06,DAL,30,Moussa Cisse,PT11M39.00S,0,0,5,0,1,0,3,0.0,0.0,0.0,0,0,0,2,0,0,-4.0
121,2026/02/06,DAL,9,Ryan Nembhard,PT17M15.00S,5,7,3,1,0,1,2,0.222222222222222,0.14285714285714302,0.5,1,2,1,7,0,0,5.0
122,2026/02/06,DAL,14,Miles Kelly,PT08M53.00S,5,1,2,0,0,0,1,0.666666666666666,1.0,0.5,1,2,1,1,0,0,6.0
123,2026/02/06,DAL,7,Dwight Powell,PT02M11.00S,0,0,0,0,0,0,0,0.0,0.0,0.0,0,0,0,0,0,0,-8.0
124,2026/02/06,GSW,4,Moses Moody,PT30M54.00S,6,1,8,0,1,1,1,0.28571428571428603,0.0,0.28571428571428603,2,7,0,0,0,0,4.0
125,2026/02/06,GSW,15,Gui Santos,PT35M55.90S,18,7,4,1,1,4,2,0.666666666666666,1.0,0.5,3,6,3,3,3,5,2.0
126,2026/02/06,GSW,23,Draymond Green,PT24M06.70S,5,1,5,0,0,1,0,0.333333333333333,0.0,0.333333333333333,1,3,0,0,2,2,-1.0
127,2026/02/06,GSW,61,Pat Spencer,PT32M23.70S,20,4,6,2,0,4,2,0.545454545454545,0.0,0.6,6,10,0,1,2,2,-3.0
128,2026/02/06,GSW,8,De'Anthony Melton,PT24M43.00S,17,1,2,3,0,2,1,0.428571428571429,0.8,0.222222222222222,2,9,4,5,3,4,21.0
129,2026/02/06,GSW,0,Gary Payton II,PT18M49.30S,15,1,8,1,1,0,1,0.545454545454545,0.6,0.5,3,6,3,5,0,0,4.0
130,2026/02/06,GSW,2,Brandin Podziemski,PT12M11.00S,0,1,3,0,0,1,1,0.0,0.0,0.0,0,3,0,0,0,0,-21.0
131,2026/02/06,GSW,20,Al Horford,PT27M56.40S,13,4,4,0,1,2,1,0.4,0.4,0.4,2,5,2,5,3,5,0.0
132,2026/02/06,GSW,3,Will Richard,PT27M17.00S,7,2,3,1,0,0,2,0.333333333333333,0.5,0.25,1,4,1,2,2,2,16.0
133,2026/02/06,GSW,21,Quinten Post,PT05M43.00S,0,1,2,0,0,0,1,0.0,0.0,0.0,0,2,0,0,0,0,-2.0
134,2026/02/06,PHX,3,Dillon Brooks,PT35M13.00S,24,1,6,1,0,2,3,0.416666666666667,0.444444444444444,0.333333333333333,2,6,8,18,2,3,-6.0
135,2026/02/06,PHX,00,Royce O'Neale,PT27M10.60S,9,5,1,0,0,1,1,0.428571428571429,0.0,0.5,3,6,0,1,0,0,-5.0
136,2026/02/06,PHX,15,Mark Williams,PT22M47.00S,11,0,10,0,1,1,3,0.833333333333334,0.833333333333334,0.0,0,0,5,6,1,1,6.0
137,2026/02/06,PHX,8,Grayson Allen,PT32M31.60S,21,4,5,1,0,3,1,0.411764705882353,0.5,0.384615384615385,5,13,2,4,2,2,4.0
138,2026/02/06,PHX,12,Collin Gillespie,PT33M24.00S,11,4,3,1,0,1,0,0.333333333333333,0.5,0.3,3,10,1,2,0,0,-10.0
139,2026/02/06,PHX,23,Jordan Goodwin,PT29M22.00S,6,2,2,2,0,0,3,0.333333333333333,0.0,0.333333333333333,2,6,0,0,0,0,7.0
140,2026/02/06,PHX,11,Oso Ighodaro,PT24M51.40S,6,1,5,2,0,2,2,0.75,0.75,0.0,0,0,3,4,0,0,-12.0
141,2026/02/06,PHX,17,Jamaree Bouyea,PT19M31.00S,4,4,3,2,0,1,1,0.666666666666666,0.666666666666666,0.0,0,0,2,3,0,0,4.0
142,2026/02/06,PHX,0,Ryan Dunn,PT12M25.40S,5,1,2,1,0,1,0,0.666666666666666,1.0,0.5,1,2,1,1,0,0,0.0
143,2026/02/06,PHX,18,Isaiah Livers,PT02M44.00S,0,0,0,0,0,0,1,0.0,0.0,0.0,0,0,0,0,0,0,-8.0
144,2026/02/06,PHI,9,Kelly Oubre Jr.,PT39M49.40S,8,3,4,3,0,0,2,0.25,0.4,0.0,0,3,2,5,4,4,4.0
145,2026/02/06,PHI,25,Dominick Barlow,PT25M52.00S,13,0,3,2,1,1,0,0.6,0.666666666666666,0.0,0,1,6,9,1,3,1.0
146,2026/02/06,PHI,21,Joel Embiid,PT38M34.60S,35,7,7,1,2,3,2,0.68421052631579,0.705882352941176,0.5,1,2,12,17,8,8,7.0
147,2026/02/06,PHI,77,VJ Edgecombe,PT39M13.40S,19,2,10,4,0,3,2,0.4375,0.444444444444444,0.428571428571429,3,7,4,9,2,2,-2.0
148,2026/02/06,PHI,0,Tyrese Maxey,PT37M23.20S,26,13,0,4,0,4,5,0.5,0.769230769230769,0.111111111111111,1,9,10,13,3,4,8.0
149,2026/02/06,PHI,5,Quentin Grimes,PT27M22.00S,4,2,0,1,0,2,4,0.5,1.0,0.0,0,1,1,1,2,2,-10.0
150,2026/02/06,PHI,30,Adem Bona,PT10M58.40S,2,0,1,0,0,0,3,0.5,0.5,0.0,0,0,1,2,0,0,-17.0
151,2026/02/06,PHI,12,Trendon Watford,PT15M44.00S,6,2,2,0,0,1,1,1.0,1.0,0.0,0,0,3,3,0,0,-11.0
152,2026/02/06,PHI,11,Justin Edwards,PT05M03.00S,2,0,1,0,0,0,3,0.5,1.0,0.0,0,1,1,1,0,0,0.0
153,2026/02/06,LAL,23,LeBron James,PT37M26.00S,17,10,4,0,1,8,1,0.411764705882353,0.5,0.0,0,3,7,14,3,3,-5.0
154,2026/02/06,LAL,12,Jake LaRavia,PT23M18.00S,14,2,0,3,0,1,2,0.714285714285714,1.0,0.0,0,2,5,5,4,5,-1.0
155,2026/02/06,LAL,5,Deandre Ayton,PT19M54.00S,10,0,6,0,2,0,2,0.8,0.8,0.0,0,0,4,5,2,2,-13.0
156,2026/02/06,LAL,36,Marcus Smart,PT31M13.00S,7,5,4,0,0,0,2,0.4,0.0,0.666666666666666,2,3,0,2,1,4,-15.0
157,2026/02/06,LAL,77,Luka Dončić,PT15M57.00S,10,2,4,0,0,5,0,0.3,0.5,0.0,0,4,3,6,4,4,-10.0
158,2026/02/06,LAL,4,Dalton Knecht,PT03M07.00S,2,0,1,0,0,1,0,1.0,1.0,0.0,0,0,1,1,0,0,4.0
159,2026/02/06,LAL,14,Maxi Kleber,PT26M20.00S,4,4,4,3,0,1,3,0.666666666666666,0.666666666666666,0.0,0,0,2,3,0,0,23.0
160,2026/02/06,LAL,28,Rui Hachimura,PT34M42.00S,14,1,7,0,0,0,2,0.714285714285714,0.6,1.0,2,2,3,5,2,2,16.0
161,2026/02/06,LAL,2,Jarred Vanderbilt,PT23M00.00S,6,1,6,2,1,1,5,0.428571428571429,0.75,0.0,0,3,3,4,0,0,16.0
162,2026/02/06,LAL,15,Austin Reaves,PT25M03.00S,35,2,6,0,0,5,0,0.705882352941176,0.777777777777778,0.625,5,8,7,9,6,7,5.0
0,2026/02/07,MIA,9,Pelle Larsson,PT11M37.00S,0,3,5,0,0,2,2,0.0,0.0,0.0,0,0,0,0,0,0,15.0
1,2026/02/07,MIA,22,Andrew Wiggins,PT38M22.00S,26,0,6,2,0,1,2,0.625,0.555555555555556,0.714285714285714,5,7,5,9,1,2,5.0
2,2026/02/07,MIA,13,Bam Adebayo,PT34M39.00S,16,1,7,1,0,0,2,0.384615384615385,0.428571428571429,0.333333333333333,2,6,3,7,4,6,8.0
3,2026/02/07,MIA,24,Norman Powell,PT34M57.00S,24,4,3,4,0,3,2,0.6,0.75,0.428571428571429,3,7,6,8,3,3,1.0
4,2026/02/07,MIA,45,Davion Mitchell,PT29M29.60S,13,6,2,0,1,2,3,0.45454545454545503,0.6,0.333333333333333,2,6,3,5,1,2,5.0
5,2026/02/07,MIA,11,Jaime Jaquez Jr.,PT31M02.00S,11,7,7,0,0,2,2,0.444444444444444,0.5,0.333333333333333,1,3,3,6,2,3,-6.0
6,2026/02/07,MIA,12,Dru Smith,PT18M31.10S,2,1,4,0,0,1,1,0.25,0.333333333333333,0.0,0,1,1,3,0,0,-7.0
7,2026/02/07,MIA,0,Simone Fontecchio,PT19M28.30S,2,0,2,1,1,0,1,0.0,0.0,0.0,0,3,0,2,2,2,-8.0
8,2026/02/07,MIA,7,Kel'el Ware,PT09M32.00S,2,0,5,1,0,1,1,0.2,0.333333333333333,0.0,0,2,1,3,0,0,-2.0
9,2026/02/07,MIA,15,Myron Gardner,PT06M00.00S,0,0,1,0,0,0,2,0.0,0.0,0.0,0,1,0,0,0,0,-7.0
10,2026/02/07,MIA,5,Nikola Jović,PT06M22.00S,0,1,0,0,1,0,0,0.0,0.0,0.0,0,4,0,1,0,0,-14.0
11,2026/02/07,BOS,30,Sam Hauser,PT35M18.00S,2,2,3,1,1,0,2,0.14285714285714302,1.0,0.0,0,6,1,1,0,0,3.0
12,2026/02/07,BOS,52,Luka Garza,PT10M09.00S,2,0,3,0,0,0,1,1.0,1.0,0.0,0,0,1,1,0,0,-7.0
13,2026/02/07,BOS,88,Neemias Queta,PT21M49.90S,2,1,11,0,0,2,4,0.5,0.5,0.0,0,0,1,2,0,0,-6.0
14,2026/02/07,BOS,7,Jaylen Brown,PT33M05.00S,29,2,7,0,1,7,2,0.44,0.555555555555556,0.14285714285714302,1,7,10,18,6,10,-16.0
15,2026/02/07,BOS,9,Derrick White,PT41M16.00S,21,5,3,1,4,0,1,0.3,0.25,0.333333333333333,4,12,2,8,5,5,6.0
16,2026/02/07,BOS,4,Nikola Vučević,PT27M53.00S,11,4,12,2,0,2,1,0.5,0.5714285714285711,0.0,0,1,4,7,3,4,11.0
17,2026/02/07,BOS,11,Payton Pritchard,PT35M37.80S,24,1,1,1,0,2,3,0.533333333333333,0.444444444444444,0.666666666666666,4,6,4,9,4,4,4.0
18,2026/02/07,BOS,28,Hugo González,PT16M13.10S,2,0,3,1,0,1,2,0.5,1.0,0.0,0,1,1,1,0,0,-2.0
19,2026/02/07,BOS,55,Baylor Scheierman,PT18M38.20S,5,2,7,1,1,0,0,0.5,1.0,0.333333333333333,1,3,1,1,0,0,17.0
20,2026/02/07,NYK,3,Josh Hart,PT25M17.00S,5,2,6,0,0,1,1,0.28571428571428603,0.2,0.5,1,2,1,5,0,0,-9.0
21,2026/02/07,NYK,51,Mohamed Diawara,PT20M39.10S,4,0,2,0,1,1,0,0.4,1.0,0.0,0,3,2,2,0,0,-14.0
22,2026/02/07,NYK,23,Mitchell Robinson,PT20M09.00S,4,0,3,0,0,0,3,1.0,1.0,0.0,0,0,2,2,0,0,-14.0
23,2026/02/07,NYK,25,Mikal Bridges,PT27M42.90S,19,2,1,0,0,3,2,0.4375,0.444444444444444,0.428571428571429,3,7,4,9,2,3,-28.0
24,2026/02/07,NYK,11,Jalen Brunson,PT31M07.10S,12,4,4,2,0,0,2,0.2,0.333333333333333,0.0,0,8,4,12,4,6,-24.0
25,2026/02/07,NYK,9,Kevin McCullar Jr.,PT19M46.90S,2,2,2,1,0,3,3,0.333333333333333,0.5,0.0,0,1,1,2,0,0,-14.0
26,2026/02/07,NYK,44,Landry Shamet,PT21M11.00S,5,3,2,0,0,0,2,0.28571428571428603,0.5,0.2,1,5,1,2,0,0,-21.0
27,2026/02/07,NYK,55,Ariel Hukporti,PT22M00.00S,6,1,7,0,0,0,0,0.5,0.5,0.0,0,0,2,4,2,2,-22.0
28,2026/02/07,NYK,00,Jordan Clarkson,PT19M22.00S,11,5,4,0,0,2,2,0.5,0.4,1.0,1,1,2,5,4,4,-23.0
29,2026/02/07,NYK,13,Tyler Kolek,PT19M37.00S,5,3,3,1,0,2,0,0.333333333333333,0.333333333333333,0.333333333333333,1,3,1,3,0,0,-15.0
30,2026/02/07,NYK,4,Pacôme Dadiet,PT07M17.00S,5,0,1,1,0,0,0,0.25,0.0,0.333333333333333,1,3,0,1,2,2,-4.0
31,2026/02/07,NYK,50,Trey Jemison III,PT05M51.00S,2,0,0,1,0,1,0,0.5,0.5,0.0,0,0,1,2,0,0,-2.0
32,2026/02/07,DET,9,Ausar Thompson,PT23M47.90S,2,1,3,2,3,1,1,0.333333333333333,0.333333333333333,0.0,0,0,1,3,0,0,11.0
33,2026/02/07,DET,12,Tobias Harris,PT25M51.50S,15,1,6,0,0,1,1,0.45454545454545503,0.4,0.5,3,6,2,5,2,2,21.0
34,2026/02/07,DET,28,Isaiah Stewart,PT21M13.00S,15,0,3,1,0,2,4,0.857142857142857,1.0,0.5,1,2,5,5,2,2,6.0
35,2026/02/07,DET,55,Duncan Robinson,PT19M57.50S,9,2,4,1,0,1,1,0.375,0.0,0.428571428571429,3,7,0,1,0,0,7.0
36,2026/02/07,DET,2,Cade Cunningham,PT21M59.00S,11,7,5,0,0,2,4,0.36363636363636404,0.375,0.333333333333333,1,3,3,8,2,3,9.0
37,2026/02/07,DET,5,Ronald Holland II,PT21M18.50S,5,3,6,2,0,1,1,0.25,1.0,0.0,0,3,1,1,3,4,28.0
38,2026/02/07,DET,7,Paul Reed,PT26M47.00S,12,4,6,1,1,0,4,0.5,0.6,0.333333333333333,1,3,3,5,3,3,32.0
39,2026/02/07,DET,8,Caris LeVert,PT18M25.00S,8,6,1,0,0,0,1,0.6,0.5,0.666666666666666,2,3,1,2,0,0,27.0
40,2026/02/07,DET,24,Daniss Jenkins,PT18M02.00S,18,3,4,0,0,1,2,0.636363636363636,0.8,0.5,3,6,4,5,1,1,23.0
41,2026/02/07,DET,31,Javonte Green,PT13M31.60S,8,0,3,2,0,0,0,1.0,1.0,1.0,2,2,1,1,0,0,12.0
42,2026/02/07,DET,25,Marcus Sasser,PT09M33.00S,0,2,0,0,0,2,0,0.0,0.0,0.0,0,1,0,1,0,0,4.0
43,2026/02/07,DET,27,Kevin Huerter,PT07M59.00S,8,1,0,1,1,1,1,0.666666666666666,1.0,0.0,0,2,4,4,0,0,6.0
44,2026/02/07,DET,20,Chaz Lanier,PT05M51.00S,7,1,2,0,0,0,1,0.75,1.0,0.5,1,2,2,2,0,0,2.0
45,2026/02/07,DET,14,Wendell Moore Jr.,PT05M44.00S,0,0,1,0,1,0,0,0.0,0.0,0.0,0,0,0,0,0,0,2.0
46,2026/02/07,IND,12,Johnny Furphy,PT31M23.00S,2,3,8,1,0,0,2,0.25,0.5,0.0,0,2,1,2,0,0,1.0
47,2026/02/07,IND,43,Pascal Siakam,PT32M41.00S,19,4,6,1,1,2,1,0.368421052631579,0.545454545454545,0.125,1,8,6,11,4,8,-10.0
48,2026/02/07,IND,32,Jay Huff,PT22M45.00S,5,1,3,1,2,0,2,0.25,0.0,0.25,1,4,0,0,2,2,-22.0
49,2026/02/07,IND,23,Aaron Nesmith,PT26M51.00S,12,1,1,2,0,2,1,0.444444444444444,0.666666666666666,0.333333333333333,2,6,2,3,2,2,9.0
50,2026/02/07,IND,2,Andrew Nembhard,PT36M52.00S,22,8,2,1,0,2,1,0.352941176470588,0.428571428571429,0.3,3,10,3,7,7,7,-11.0
51,2026/02/07,IND,7,Kam Jones,PT12M42.70S,2,0,0,1,0,0,1,0.5,1.0,0.0,0,1,1,1,0,0,-14.0
52,2026/02/07,IND,5,Jarace Walker,PT30M29.30S,15,1,9,1,1,2,1,0.666666666666666,0.833333333333334,0.333333333333333,1,3,5,6,2,2,11.0
53,2026/02/07,IND,9,T.J. McConnell,PT14M07.00S,8,6,2,1,0,0,0,0.666666666666666,0.8,0.0,0,1,4,5,0,0,3.0
54,2026/02/07,IND,11,Micah Potter,PT16M14.00S,8,1,5,0,0,0,0,0.6,1.0,0.5,2,4,1,1,0,0,2.0
55,2026/02/07,IND,26,Ben Sheppard,PT15M55.00S,6,1,1,0,0,1,3,0.5,0.0,0.5,2,4,0,0,0,0,1.0
56,2026/02/07,MIL,20,AJ Green,PT36M38.00S,14,2,3,0,0,2,3,0.357142857142857,0.5,0.333333333333333,4,12,1,2,0,0,9.0
57,2026/02/07,MIL,00,Jericho Sims,PT31M00.00S,4,4,15,0,2,0,3,0.666666666666666,0.666666666666666,0.0,0,0,2,3,0,1,9.0
58,2026/02/07,MIL,3,Myles Turner,PT26M52.00S,9,2,10,0,0,2,1,0.4,0.6,0.2,1,5,3,5,0,0,11.0
59,2026/02/07,MIL,7,Kevin Porter Jr.,PT34M07.00S,23,8,7,3,0,2,3,0.5,0.714285714285714,0.0,0,6,10,14,3,3,3.0
60,2026/02/07,MIL,13,Ryan Rollins,PT33M56.00S,22,4,4,0,0,4,4,0.473684210526316,0.45454545454545503,0.5,4,8,5,11,0,0,6.0
61,2026/02/07,MIL,5,Gary Trent Jr.,PT19M09.00S,7,2,1,0,0,0,0,0.6,1.0,0.0,0,2,3,3,1,2,-5.0
62,2026/02/07,MIL,9,Bobby Portis,PT26M02.00S,21,1,6,0,0,1,1,0.5,0.545454545454545,0.428571428571429,3,7,6,11,0,0,-1.0
63,2026/02/07,MIL,35,Pete Nance,PT18M01.00S,5,1,1,1,0,0,0,0.666666666666666,0.5,1.0,1,1,1,2,0,0,-4.0
64,2026/02/07,MIL,11,Gary Harris,PT14M15.00S,0,2,1,0,0,0,1,0.0,0.0,0.0,0,2,0,1,0,0,2.0
65,2026/02/07,NOP,41,Saddiq Bey,PT34M17.00S,30,5,9,1,0,1,1,0.476190476190476,0.636363636363636,0.3,3,10,7,11,7,7,4.0
66,2026/02/07,NOP,1,Zion Williamson,PT31M56.00S,29,1,4,0,0,3,2,0.846153846153846,0.846153846153846,0.0,0,0,11,13,7,9,7.0
67,2026/02/07,NOP,22,Derik Queen,PT32M34.60S,17,3,8,0,1,0,4,0.545454545454545,0.28571428571428603,1.0,4,4,2,7,1,2,-5.0
68,2026/02/07,NOP,25,Trey Murphy III,PT37M20.00S,26,5,6,0,1,3,3,0.6,0.6,0.6,6,10,3,5,2,2,9.0
69,2026/02/07,NOP,2,Herbert Jones,PT22M38.00S,2,5,4,3,0,4,3,0.25,1.0,0.0,0,3,1,1,0,0,0.0
70,2026/02/07,NOP,0,Jeremiah Fears,PT27M59.40S,2,4,1,0,1,4,3,0.14285714285714302,0.25,0.0,0,3,1,4,0,0,5.0
71,2026/02/07,NOP,17,Karlo Matković,PT07M23.00S,0,1,2,0,0,0,1,0.0,0.0,0.0,0,0,0,0,0,0,-11.0
72,2026/02/07,NOP,11,Bryce McGowens,PT27M47.00S,11,4,1,0,1,0,3,0.666666666666666,0.666666666666666,0.666666666666666,2,3,2,3,1,2,2.0
73,2026/02/07,NOP,21,Yves Missi,PT15M22.00S,2,1,4,1,1,0,0,0.5,0.5,0.0,0,0,1,2,0,0,9.0
74,2026/02/07,NOP,14,Micah Peavy,PT02M43.00S,0,0,0,0,0,1,0,0.0,0.0,0.0,0,1,0,0,0,0,0.0
75,2026/02/07,MIN,3,Jaden McDaniels,PT21M53.00S,6,2,1,0,0,2,5,0.25,0.4,0.0,0,3,2,5,2,2,1.0
76,2026/02/07,MIN,30,Julius Randle,PT36M54.00S,24,7,8,0,1,0,3,0.5,0.692307692307692,0.0,0,5,9,13,6,6,-3.0
77,2026/02/07,MIN,27,Rudy Gobert,PT33M03.20S,12,2,16,3,2,0,2,0.416666666666667,0.416666666666667,0.0,0,0,5,12,2,4,3.0
78,2026/02/07,MIN,5,Anthony Edwards,PT37M21.00S,35,4,5,0,2,1,1,0.5,0.461538461538462,0.555555555555556,5,9,6,13,8,9,-12.0
79,2026/02/07,MIN,0,Donte DiVincenzo,PT25M49.00S,6,2,3,1,0,2,2,0.2,0.0,0.28571428571428603,2,7,0,3,0,0,-6.0
80,2026/02/07,MIN,8,Bones Hyland,PT30M25.00S,20,2,3,1,0,1,1,0.545454545454545,0.666666666666666,0.5,4,8,2,3,4,4,-5.0
81,2026/02/07,MIN,11,Naz Reid,PT25M12.80S,7,3,3,2,1,2,1,0.333333333333333,0.5,0.2,1,5,2,4,0,0,1.0
82,2026/02/07,MIN,22,Jaylen Clark,PT14M04.00S,0,0,5,0,0,0,2,0.0,0.0,0.0,0,1,0,1,0,0,2.0
83,2026/02/07,MIN,19,Joan Beringer,PT05M10.00S,2,0,2,0,0,1,1,1.0,1.0,0.0,0,0,1,1,0,1,-4.0
84,2026/02/07,MIN,9,Johnny Juzang,PT10M08.00S,3,0,1,0,1,0,0,0.5,0.0,0.5,1,2,0,0,0,0,3.0
85,2026/02/07,MEM,0,Jaylen Wells,PT27M21.00S,13,4,3,0,1,1,0,0.45454545454545503,1.0,0.25,2,8,3,3,1,5,-16.0
86,2026/02/07,MEM,45,GG Jackson,PT27M06.00S,15,2,3,1,1,1,1,0.5,0.333333333333333,0.6,3,5,1,3,4,4,7.0
87,2026/02/07,MEM,18,Olivier-Maxence Prosper,PT27M49.00S,13,2,6,0,0,1,1,0.230769230769231,0.25,0.222222222222222,2,9,1,4,5,6,-12.0
88,2026/02/07,MEM,23,Cedric Coward,PT25M01.00S,11,1,8,3,0,4,1,0.625,0.8,0.333333333333333,1,3,4,5,0,0,-2.0
89,2026/02/07,MEM,1,Scotty Pippen Jr.,PT22M02.00S,13,6,3,1,0,2,4,0.5,0.5,0.5,1,2,3,6,4,4,-1.0
90,2026/02/07,MEM,10,Javon Small,PT21M36.00S,11,3,5,0,0,1,3,0.625,0.666666666666666,0.5,1,2,4,6,0,0,-13.0
91,2026/02/07,MEM,22,Taylor Hendricks,PT20M54.00S,5,0,5,1,0,1,2,0.28571428571428603,0.25,0.333333333333333,1,3,1,4,0,0,-27.0
92,2026/02/07,MEM,24,Cam Spencer,PT25M58.00S,18,5,0,2,1,1,1,0.875,1.0,0.666666666666666,2,3,5,5,2,2,-19.0
93,2026/02/07,MEM,4,Walter Clayton Jr.,PT22M02.00S,11,4,3,1,0,3,2,0.45454545454545503,0.5,0.333333333333333,1,3,4,8,0,0,-9.0
94,2026/02/07,MEM,21,Jahmai Mashack,PT20M11.00S,5,1,1,3,0,1,3,0.333333333333333,0.333333333333333,0.333333333333333,1,3,1,3,0,0,-8.0
95,2026/02/07,POR,33,Toumani Camara,PT29M33.00S,15,3,4,1,0,1,1,0.545454545454545,0.75,0.428571428571429,3,7,3,4,0,0,13.0
96,2026/02/07,POR,9,Jerami Grant,PT28M01.00S,23,2,2,1,1,1,1,0.533333333333333,0.555555555555556,0.5,3,6,5,9,4,4,14.0
97,2026/02/07,POR,23,Donovan Clingan,PT25M25.00S,13,0,17,0,0,2,3,0.6,0.857142857142857,0.0,0,3,6,7,1,1,12.0
98,2026/02/07,POR,17,Shaedon Sharpe,PT13M55.00S,2,2,2,0,0,1,0,0.0,0.0,0.0,0,1,0,1,2,2,-4.0
99,2026/02/07,POR,5,Jrue Holiday,PT24M57.00S,20,7,5,2,0,1,2,0.5,0.625,0.25,1,4,5,8,7,7,11.0
100,2026/02/07,POR,00,Scoot Henderson,PT21M16.00S,11,9,5,1,0,5,4,0.4,0.666666666666666,0.28571428571428603,2,7,2,3,1,2,19.0
101,2026/02/07,POR,35,Robert Williams III,PT19M05.00S,13,2,7,0,3,2,2,1.0,1.0,1.0,1,1,5,5,0,0,18.0
102,2026/02/07,POR,27,Vít Krejčí,PT23M09.00S,11,1,0,0,2,0,1,0.5,0.5,0.5,2,4,1,2,3,3,16.0
103,2026/02/07,POR,91,Sidy Cissoko,PT24M51.00S,9,2,1,2,1,0,2,0.5,0.5,0.5,1,2,2,4,2,2,5.0
104,2026/02/07,POR,1,Blake Wesley,PT14M44.00S,4,3,1,1,0,1,0,0.5,0.666666666666666,0.0,0,1,2,3,0,0,1.0
105,2026/02/07,POR,21,Rayan Rupert,PT11M34.00S,12,0,1,1,0,2,0,0.666666666666666,0.0,0.8,4,5,0,1,0,0,5.0
106,2026/02/07,POR,16,Yang Hansen,PT03M30.00S,2,0,1,0,0,2,1,0.5,1.0,0.0,0,1,1,1,0,0,-10.0
107,2026/02/07,LAC,2,Kawhi Leonard,PT35M41.00S,31,7,9,2,0,2,1,0.473684210526316,0.5714285714285711,0.2,1,5,8,14,12,12,19.0
108,2026/02/07,LAC,20,John Collins,PT34M26.00S,22,1,7,0,2,1,5,0.666666666666666,0.636363636363636,1.0,1,1,7,11,5,5,0.0
109,2026/02/07,LAC,11,Brook Lopez,PT36M17.70S,15,2,9,1,3,1,2,0.416666666666667,0.333333333333333,0.666666666666666,2,3,3,9,3,4,12.0
110,2026/02/07,LAC,5,Derrick Jones Jr.,PT27M28.00S,13,0,3,2,0,1,3,0.714285714285714,0.8,0.5,1,2,4,5,2,3,21.0
111,2026/02/07,LAC,8,Kris Dunn,PT33M04.00S,15,5,1,0,0,2,2,0.5714285714285711,0.666666666666666,0.5,2,4,2,3,5,7,21.0
112,2026/02/07,LAC,4,Kobe Sanders,PT18M15.00S,1,3,5,0,2,3,3,0.0,0.0,0.0,0,2,0,3,1,2,-14.0
113,2026/02/07,LAC,14,Yanic Konan Niederhäuser,PT05M47.00S,2,0,0,0,0,1,0,1.0,1.0,0.0,0,0,1,1,0,0,-1.0
114,2026/02/07,LAC,33,Nicolas Batum,PT15M50.30S,3,2,3,0,0,2,0,0.5,0.0,0.5,1,2,0,0,0,0,-13.0
115,2026/02/07,LAC,12,Cam Christie,PT09M10.00S,5,0,0,0,0,0,0,0.5,0.0,1.0,1,1,0,1,2,2,-20.0
116,2026/02/07,LAC,22,Jordan Miller,PT24M01.00S,7,2,3,1,0,2,2,0.75,1.0,0.0,0,1,3,3,1,1,-10.0
117,2026/02/07,SAC,10,DeMar DeRozan,PT20M23.00S,5,1,5,2,1,1,1,0.333333333333333,0.333333333333333,0.0,0,0,1,3,3,4,-4.0
118,2026/02/07,SAC,15,De'Andre Hunter,PT24M34.00S,6,0,1,0,0,3,0,0.125,0.333333333333333,0.0,0,5,1,3,4,4,6.0
119,2026/02/07,SAC,42,Maxime Raynaud,PT26M05.80S,12,2,5,2,0,0,3,0.75,0.857142857142857,0.0,0,1,6,7,0,0,-5.0
120,2026/02/07,SAC,8,Zach LaVine,PT18M16.00S,6,4,2,1,1,0,1,0.333333333333333,0.666666666666666,0.0,0,3,2,3,2,2,-9.0
121,2026/02/07,SAC,18,Russell Westbrook,PT19M55.00S,6,5,3,0,0,2,2,0.25,0.5,0.0,0,4,2,4,2,3,-10.0
122,2026/02/07,SAC,5,Nique Clifford,PT33M16.00S,16,2,2,2,1,1,5,0.416666666666667,0.428571428571429,0.4,2,5,3,7,4,4,2.0
123,2026/02/07,SAC,32,Dylan Cardwell,PT31M01.20S,14,1,14,1,2,2,1,0.636363636363636,0.636363636363636,0.0,0,0,7,11,0,0,6.0
124,2026/02/07,SAC,0,Malik Monk,PT22M21.00S,18,2,2,1,0,1,2,0.461538461538462,0.0,0.666666666666666,6,9,0,4,0,0,0.0
125,2026/02/07,SAC,9,Precious Achiuwa,PT08M07.00S,6,1,4,0,1,0,1,0.5,1.0,0.0,0,2,2,2,2,2,5.0
126,2026/02/07,SAC,22,Devin Carter,PT21M55.00S,14,4,4,1,0,1,3,0.428571428571429,0.666666666666666,0.0,0,5,6,9,2,3,-7.0
127,2026/02/07,SAC,29,Daeqwon Plowden,PT14M06.00S,8,0,0,0,0,0,3,0.6,0.5,0.666666666666666,2,3,1,2,0,0,1.0
0,2026/02/08,WAS,9,Justin Champagnie,PT22M06.00S,21,2,9,0,2,3,0,0.625,0.666666666666666,0.5,1,2,4,6,10,10,4.0
1,2026/02/08,WAS,27,Will Riley,PT45M10.00S,27,2,3,3,1,1,4,0.5263157894736841,0.461538461538462,0.666666666666666,4,6,6,13,3,4,-12.0
2,2026/02/08,WAS,00,Tristan Vukcevic,PT20M24.00S,14,2,2,1,0,1,3,0.5,0.625,0.25,1,4,5,8,1,1,-2.0
3,2026/02/08,WAS,5,Jamir Watkins,PT45M10.00S,13,1,1,1,2,1,5,0.333333333333333,0.5,0.166666666666667,1,6,3,6,4,4,-12.0
4,2026/02/08,WAS,7,Bub Carrington,PT22M06.00S,11,4,2,0,0,3,2,0.4,0.4,0.4,2,5,2,5,1,1,4.0
5,2026/02/08,WAS,13,Sharife Cooper,PT28M44.00S,14,3,5,0,0,2,2,0.625,0.6,0.666666666666666,2,3,3,5,2,2,-20.0
6,2026/02/08,WAS,16,Anthony Gill,PT27M36.00S,9,2,5,1,0,0,3,0.375,0.6,0.0,0,3,3,5,3,4,-12.0
7,2026/02/08,WAS,55,Keshon Gilbert,PT28M44.00S,4,2,3,0,3,4,2,0.0,0.0,0.0,0,1,0,1,4,4,-20.0
8,2026/02/08,BKN,17,Michael Porter Jr.,PT30M30.00S,23,3,6,1,0,3,3,0.5,0.833333333333334,0.3,3,10,5,6,4,4,-8.0
9,2026/02/08,BKN,21,Noah Clowney,PT27M11.00S,18,2,3,1,1,1,3,0.5,0.5,0.5,4,8,1,2,4,6,-14.0
10,2026/02/08,BKN,33,Nic Claxton,PT28M22.00S,11,4,5,0,0,1,1,0.666666666666666,0.666666666666666,0.0,0,0,4,6,3,6,-12.0
11,2026/02/08,BKN,8,Egor Dëmin,PT25M32.00S,4,2,2,1,1,1,1,0.25,0.666666666666666,0.0,0,5,2,3,0,0,-10.0
12,2026/02/08,BKN,88,Nolan Traore,PT23M37.00S,15,4,3,0,0,1,5,0.857142857142857,1.0,0.666666666666666,2,3,4,4,1,1,-18.0
13,2026/02/08,BKN,77,Ben Saraf,PT24M23.00S,10,4,4,2,0,1,1,0.4,0.428571428571429,0.333333333333333,1,3,3,7,1,1,32.0
14,2026/02/08,BKN,4,Drake Powell,PT22M28.00S,5,2,2,0,1,0,2,0.28571428571428603,0.333333333333333,0.25,1,4,1,3,0,0,24.0
15,2026/02/08,BKN,14,Terance Mann,PT18M41.00S,6,5,4,1,0,2,1,0.6,0.75,0.0,0,1,3,4,0,0,26.0
16,2026/02/08,BKN,20,Day'Ron Sharpe,PT19M38.00S,19,4,9,2,0,3,4,0.818181818181818,0.818181818181818,0.0,0,0,9,11,1,1,26.0
17,2026/02/08,BKN,2,Danny Wolf,PT19M38.00S,16,6,7,0,0,0,1,0.636363636363636,0.714285714285714,0.5,2,4,5,7,0,0,24.0
18,2026/02/08,HOU,7,Kevin Durant,PT40M23.30S,20,4,1,1,1,4,3,0.6,0.8,0.4,2,5,4,5,6,9,10.0
19,2026/02/08,HOU,10,Jabari Smith Jr.,PT43M14.00S,22,0,10,1,1,0,1,0.416666666666667,0.4,0.428571428571429,3,7,2,5,9,11,7.0
20,2026/02/08,HOU,28,Alperen Sengun,PT36M49.20S,17,11,12,3,3,1,2,0.5,0.45454545454545503,1.0,1,1,5,11,4,4,13.0
21,2026/02/08,HOU,17,Tari Eason,PT34M21.30S,26,1,8,3,0,3,5,0.45454545454545503,0.555555555555556,0.384615384615385,5,13,5,9,1,2,12.0
22,2026/02/08,HOU,15,Reed Sheppard,PT31M48.60S,16,6,3,3,0,4,3,0.583333333333333,0.75,0.25,1,4,6,8,1,2,-3.0
23,2026/02/08,HOU,2,Dorian Finney-Smith,PT16M03.40S,3,1,0,0,0,0,2,0.166666666666667,0.0,0.166666666666667,1,6,0,0,0,0,-9.0
24,2026/02/08,HOU,4,JD Davison,PT17M54.00S,8,1,4,0,0,1,3,0.6,1.0,0.5,2,4,1,1,0,0,16.0
25,2026/02/08,HOU,30,Clint Capela,PT07M37.40S,0,1,1,0,0,1,0,0.0,0.0,0.0,0,0,0,1,0,0,-12.0
26,2026/02/08,HOU,20,Josh Okogie,PT11M48.80S,0,0,2,1,0,0,4,0.0,0.0,0.0,0,3,0,0,0,0,-4.0
27,2026/02/08,OKC,21,Aaron Wiggins,PT26M24.80S,17,1,2,0,0,0,2,0.4,0.375,0.428571428571429,3,7,3,8,2,4,-24.0
28,2026/02/08,OKC,7,Chet Holmgren,PT34M40.00S,17,0,14,0,0,1,3,0.5,0.5714285714285711,0.333333333333333,1,3,4,7,6,8,5.0
29,2026/02/08,OKC,55,Isaiah Hartenstein,PT25M06.00S,4,11,8,0,1,3,0,0.5,0.5,0.0,0,0,2,4,0,3,11.0
30,2026/02/08,OKC,5,Luguentz Dort,PT26M46.80S,2,3,2,0,0,1,2,0.166666666666667,0.5,0.0,0,4,1,2,0,2,-20.0
31,2026/02/08,OKC,22,Cason Wallace,PT34M19.00S,23,4,4,4,0,3,1,0.625,0.692307692307692,0.333333333333333,1,3,9,13,2,2,7.0
32,2026/02/08,OKC,9,Alex Caruso,PT26M24.30S,8,1,2,2,1,1,4,0.333333333333333,0.333333333333333,0.333333333333333,2,6,1,3,0,1,-16.0
33,2026/02/08,OKC,6,Jaylin Williams,PT15M01.00S,6,1,3,1,0,0,1,0.5,0.0,0.666666666666666,2,3,0,1,0,0,-16.0
34,2026/02/08,OKC,11,Isaiah Joe,PT29M06.40S,21,2,3,3,0,1,5,0.45454545454545503,0.4,0.5,3,6,2,5,8,8,18.0
35,2026/02/08,OKC,34,Kenrich Williams,PT08M15.40S,3,1,2,0,0,4,2,1.0,0.0,1.0,1,1,0,0,0,0,-7.0
36,2026/02/08,OKC,3,Jared McCain,PT13M56.30S,5,1,2,0,0,2,0,0.333333333333333,0.333333333333333,0.333333333333333,1,3,1,3,0,0,12.0
37,2026/02/08,DAL,32,Cooper Flagg,PT26M24.00S,14,4,4,0,0,2,1,0.416666666666667,0.333333333333333,0.666666666666666,2,3,3,9,2,2,-31.0
38,2026/02/08,DAL,16,Caleb Martin,PT24M01.50S,11,2,5,0,0,1,1,0.5,0.5,0.5,1,2,4,8,0,0,1.0
39,2026/02/08,DAL,21,Daniel Gafford,PT18M21.50S,9,2,4,0,0,0,5,0.6,0.6,0.0,0,0,3,5,3,4,0.0
40,2026/02/08,DAL,00,Max Christie,PT26M58.00S,17,3,3,1,0,0,2,0.545454545454545,0.75,0.428571428571429,3,7,3,4,2,2,-23.0
41,2026/02/08,DAL,13,Naji Marshall,PT25M17.00S,6,5,3,3,0,1,2,0.125,0.166666666666667,0.0,0,2,1,6,4,4,-8.0
42,2026/02/08,DAL,35,Marvin Bagley III,PT24M23.00S,16,2,12,1,4,0,1,0.428571428571429,0.384615384615385,1.0,1,1,5,13,3,7,-19.0
43,2026/02/08,DAL,25,P.J. Washington,PT22M38.00S,10,3,5,1,0,0,3,0.4,0.4,0.4,2,5,2,5,0,0,-10.0
44,2026/02/08,DAL,10,Brandon Williams,PT23M38.00S,18,4,3,1,0,1,0,0.666666666666666,0.6,1.0,2,2,6,10,0,0,-10.0
45,2026/02/08,DAL,31,Klay Thompson,PT19M25.00S,19,2,1,2,0,2,0,0.428571428571429,0.5,0.4,4,10,2,4,3,3,9.0
46,2026/02/08,DAL,1,Tyus Jones,PT16M35.00S,4,7,0,0,0,0,1,0.5,1.0,0.0,0,2,2,2,0,0,18.0
47,2026/02/08,DAL,8,AJ Johnson,PT07M22.00S,0,1,0,0,0,0,0,0.0,0.0,0.0,0,2,0,2,0,0,4.0
48,2026/02/08,DAL,7,Dwight Powell,PT04M57.00S,1,0,1,1,0,0,0,0.0,0.0,0.0,0,1,0,0,1,2,4.0
49,2026/02/08,SAS,30,Julian Champagnie,PT15M04.00S,5,0,2,1,1,0,2,1.0,1.0,1.0,1,1,1,1,0,0,5.0
50,2026/02/08,SAS,24,Devin Vassell,PT29M46.00S,17,6,4,0,1,1,1,0.466666666666667,0.545454545454545,0.25,1,4,6,11,2,2,31.0
51,2026/02/08,SAS,1,Victor Wembanyama,PT26M43.00S,16,1,11,0,3,0,1,0.428571428571429,0.625,0.166666666666667,1,6,5,8,3,4,3.0
52,2026/02/08,SAS,4,De'Aaron Fox,PT26M14.00S,15,5,2,0,0,3,2,0.538461538461538,0.666666666666666,0.25,1,4,6,9,0,0,11.0
53,2026/02/08,SAS,5,Stephon Castle,PT31M51.00S,40,12,12,3,1,6,2,0.789473684210526,0.857142857142857,0.6,3,5,12,14,7,10,30.0
54,2026/02/08,SAS,2,Dylan Harper,PT22M57.00S,11,5,4,1,1,1,2,0.625,0.5714285714285711,1.0,1,1,4,7,0,0,14.0
55,2026/02/08,SAS,7,Luke Kornet,PT16M20.00S,6,3,4,0,0,0,1,1.0,1.0,0.0,0,0,3,3,0,0,14.0
56,2026/02/08,SAS,3,Keldon Johnson,PT16M04.00S,8,0,4,0,0,4,2,0.6,1.0,0.0,0,2,3,3,2,2,-13.0
57,2026/02/08,SAS,40,Harrison Barnes,PT22M03.00S,9,1,1,0,0,0,0,0.5,0.0,0.6,3,5,0,1,0,2,-12.0
58,2026/02/08,SAS,11,Carter Bryant,PT17M08.00S,11,0,5,0,3,0,2,0.36363636363636404,0.25,0.428571428571429,3,7,1,4,0,0,6.0
59,2026/02/08,SAS,8,Kelly Olynyk,PT04M57.00S,0,1,2,0,0,1,1,0.0,0.0,0.0,0,0,0,1,0,0,-4.0
60,2026/02/08,SAS,0,Jordan McLaughlin,PT03M45.00S,0,0,0,0,0,0,0,0.0,0.0,0.0,0,0,0,1,0,0,-6.0
61,2026/02/08,SAS,10,Jeremy Sochan,PT03M45.00S,0,0,0,0,1,0,0,0.0,0.0,0.0,0,0,0,1,0,0,-6.0
62,2026/02/08,SAS,18,Bismack Biyombo,PT03M23.00S,0,0,1,0,0,0,1,0.0,0.0,0.0,0,0,0,0,0,0,-8.0
63,2026/02/08,UTA,23,Lauri Markkanen,PT26M52.00S,27,1,7,0,1,3,3,0.5714285714285711,0.6,0.5,3,6,9,15,0,0,2.0
64,2026/02/08,UTA,20,Jaren Jackson Jr.,PT25M06.00S,22,3,4,3,0,3,4,0.529411764705882,0.583333333333333,0.4,2,5,7,12,2,2,6.0
65,2026/02/08,UTA,30,Jusuf Nurkić,PT23M42.00S,3,6,14,1,1,4,3,0.5,1.0,0.0,0,1,1,1,1,2,0.0
66,2026/02/08,UTA,19,Ace Bailey,PT30M53.00S,10,3,3,1,0,5,2,0.36363636363636404,0.428571428571429,0.25,1,4,3,7,1,2,-13.0
67,2026/02/08,UTA,3,Keyonte George,PT13M26.00S,5,1,1,1,0,1,1,0.2,0.333333333333333,0.0,0,2,1,3,3,3,0.0
68,2026/02/08,UTA,5,Cody Williams,PT13M34.10S,0,0,2,1,0,1,3,0.0,0.0,0.0,0,0,0,0,0,0,-10.0
69,2026/02/08,UTA,8,Isaiah Collier,PT31M34.00S,20,10,2,2,0,5,2,0.6,0.75,0.0,0,3,9,12,2,3,-5.0
70,2026/02/08,UTA,42,Kevin Love,PT12M18.00S,13,0,6,0,0,0,0,1.0,0.0,1.0,3,3,0,0,4,4,7.0
71,2026/02/08,UTA,55,John Konchar,PT17M55.90S,4,3,7,1,1,1,2,0.5,0.666666666666666,0.0,0,1,2,3,0,0,-2.0
72,2026/02/08,UTA,28,Brice Sensabaugh,PT23M24.00S,4,2,3,1,0,0,0,0.111111111111111,0.166666666666667,0.0,0,3,1,6,2,2,10.0
73,2026/02/08,UTA,0,Vince Williams Jr.,PT09M15.00S,0,1,0,0,1,0,2,0.0,0.0,0.0,0,1,0,0,0,0,0.0
74,2026/02/08,UTA,22,Kyle Filipowski,PT12M00.00S,9,0,5,0,0,1,3,0.5,0.5,0.5,1,2,1,2,4,5,-10.0
75,2026/02/08,ORL,3,Desmond Bane,PT35M35.00S,22,2,3,1,0,3,3,0.428571428571429,0.444444444444444,0.4,2,5,4,9,8,10,10.0
76,2026/02/08,ORL,5,Paolo Banchero,PT38M03.00S,23,8,7,3,1,5,0,0.352941176470588,0.4,0.28571428571428603,2,7,4,10,9,12,-2.0
77,2026/02/08,ORL,34,Wendell Carter Jr.,PT28M25.00S,8,1,6,1,1,2,2,0.666666666666666,1.0,0.0,0,1,2,2,4,4,7.0
78,2026/02/08,ORL,0,Anthony Black,PT38M03.00S,21,4,3,4,1,2,3,0.42105263157894696,0.583333333333333,0.14285714285714302,1,7,7,12,4,4,-2.0
79,2026/02/08,ORL,4,Jalen Suggs,PT34M24.00S,12,6,7,4,2,2,3,0.36363636363636404,0.5,0.28571428571428603,2,7,2,4,2,4,13.0
80,2026/02/08,ORL,11,Jase Richardson,PT13M36.00S,5,2,0,1,0,0,2,1.0,0.0,1.0,1,1,0,0,2,2,-10.0
81,2026/02/08,ORL,23,Tristan da Silva,PT19M58.00S,8,2,2,0,0,0,1,0.5,1.0,0.4,2,5,1,1,0,0,-1.0
82,2026/02/08,ORL,21,Moritz Wagner,PT17M02.00S,13,0,8,0,0,0,2,0.5,0.333333333333333,0.6,3,5,1,3,2,2,1.0
83,2026/02/08,ORL,93,Noah Penda,PT09M57.00S,6,0,2,0,1,0,0,1.0,1.0,0.0,0,0,2,2,2,2,5.0
84,2026/02/08,ORL,1,Jonathan Isaac,PT02M33.00S,0,0,0,0,1,0,0,0.0,0.0,0.0,0,2,0,0,0,0,-5.0
85,2026/02/08,ORL,13,Jett Howard,PT02M24.00S,2,1,0,1,0,0,1,0.0,0.0,0.0,0,1,0,0,2,3,-1.0
86,2026/02/08,CHA,7,Kon Knueppel,PT35M45.00S,23,4,8,0,1,2,1,0.533333333333333,0.5,0.545454545454545,6,11,2,4,1,1,12.0
87,2026/02/08,CHA,0,Miles Bridges,PT34M22.00S,26,5,6,1,0,3,3,0.714285714285714,0.9,0.25,1,4,9,10,5,5,-1.0
88,2026/02/08,CHA,14,Moussa Diabaté,PT32M11.30S,11,2,15,0,0,0,0,0.5,0.5714285714285711,0.0,0,1,4,7,3,3,2.0
89,2026/02/08,CHA,24,Brandon Miller,PT35M16.00S,16,4,6,1,1,4,4,0.26315789473684204,0.18181818181818202,0.375,3,8,2,11,3,3,1.0
90,2026/02/08,CHA,1,LaMelo Ball,PT31M26.00S,19,9,1,2,0,2,2,0.35,0.416666666666667,0.25,2,8,5,12,3,3,-6.0
91,2026/02/08,CHA,10,Josh Green,PT12M32.20S,8,0,1,0,0,0,0,0.75,1.0,0.666666666666666,2,3,1,1,0,0,-6.0
92,2026/02/08,CHA,4,Sion James,PT17M21.90S,3,4,3,1,0,0,4,0.333333333333333,0.0,1.0,1,1,0,2,0,0,19.0
93,2026/02/08,CHA,11,Ryan Kalkbrenner,PT15M04.80S,6,0,5,0,0,2,0,0.5,0.5,0.0,0,0,3,6,0,0,7.0
94,2026/02/08,CHA,23,Tre Mann,PT10M15.80S,3,2,1,0,1,2,1,0.5,0.0,1.0,1,1,0,1,0,0,3.0
95,2026/02/08,CHA,2,Grant Williams,PT15M45.00S,11,1,3,0,0,0,1,1.0,1.0,1.0,2,2,2,2,1,1,4.0
96,2026/02/08,ATL,10,Zaccharie Risacher,PT23M29.00S,18,0,3,0,3,0,0,0.7,0.5,1.0,4,4,3,6,0,0,2.0
97,2026/02/08,ATL,1,Jalen Johnson,PT39M54.20S,31,8,9,3,0,2,4,0.555555555555556,0.615384615384615,0.4,2,5,8,13,9,11,3.0
98,2026/02/08,ATL,17,Onyeka Okongwu,PT30M51.00S,16,2,6,0,2,1,5,0.545454545454545,0.5,0.5714285714285711,4,7,2,4,0,0,6.0
99,2026/02/08,ATL,5,Dyson Daniels,PT31M05.50S,11,3,6,2,0,1,1,0.384615384615385,0.416666666666667,0.0,0,1,5,12,1,1,-17.0
100,2026/02/08,ATL,7,Nickeil Alexander-Walker,PT37M37.20S,13,10,2,1,1,1,4,0.2,0.14285714285714302,0.25,2,8,1,7,5,5,13.0
101,2026/02/08,ATL,3,CJ McCollum,PT28M20.10S,12,3,1,1,0,1,2,0.625,0.75,0.5,2,4,3,4,0,0,4.0
102,2026/02/08,ATL,24,Corey Kispert,PT23M28.20S,8,2,2,0,0,4,2,0.375,0.333333333333333,0.4,2,5,1,3,0,0,-23.0
103,2026/02/08,ATL,31,Jock Landale,PT17M09.00S,5,1,0,0,0,0,0,0.666666666666666,1.0,0.5,1,2,1,1,0,0,-13.0
104,2026/02/08,ATL,14,Asa Newell,PT08M05.80S,5,1,1,2,0,0,2,1.0,1.0,1.0,1,1,1,1,0,0,-10.0
105,2026/02/08,DEN,3,Julian Strawther,PT33M26.00S,19,0,5,2,0,3,3,0.5,0.5,0.5,4,8,3,6,1,2,14.0
106,2026/02/08,DEN,23,Cameron Johnson,PT27M15.00S,14,1,4,0,0,0,2,0.666666666666666,0.666666666666666,0.666666666666666,2,3,4,6,0,0,21.0
107,2026/02/08,DEN,15,Nikola Jokić,PT33M24.00S,22,17,14,1,4,3,2,0.583333333333333,0.5,1.0,2,2,5,10,6,6,36.0
108,2026/02/08,DEN,0,Christian Braun,PT31M41.00S,10,2,4,1,1,1,1,0.666666666666666,0.666666666666666,0.0,0,0,4,6,2,4,20.0
109,2026/02/08,DEN,27,Jamal Murray,PT30M57.00S,28,11,3,0,0,3,1,0.611111111111111,0.777777777777778,0.444444444444444,4,9,7,9,2,2,0.0
110,2026/02/08,DEN,10,Tim Hardaway Jr.,PT28M30.00S,23,1,3,0,0,1,1,0.545454545454545,1.0,0.375,3,8,3,3,8,12,9.0
111,2026/02/08,DEN,11,Bruce Brown,PT30M54.00S,10,4,3,3,1,1,3,0.6,0.666666666666666,0.5,1,2,2,3,3,4,8.0
112,2026/02/08,DEN,17,Jonas Valančiūnas,PT12M41.10S,10,1,4,0,1,1,3,0.625,0.625,0.0,0,0,5,8,0,3,-15.0
113,2026/02/08,DEN,24,Jalen Pickett,PT07M55.00S,0,0,0,0,0,0,1,0.0,0.0,0.0,0,1,0,0,0,0,-6.0
114,2026/02/08,DEN,22,Zeke Nnaji,PT01M54.90S,0,0,1,0,0,0,0,0.0,0.0,0.0,0,0,0,1,0,0,-5.0
115,2026/02/08,DEN,14,DaRon Holmes II,PT01M22.00S,0,0,0,0,0,0,0,0.0,0.0,0.0,0,0,0,0,0,0,-2.0
116,2026/02/08,CHI,35,Isaac Okoro,PT25M51.90S,13,3,2,1,0,1,2,0.45454545454545503,0.6,0.333333333333333,2,6,3,5,1,1,-14.0
117,2026/02/08,CHI,14,Matas Buzelis,PT30M20.00S,21,3,8,1,0,3,3,0.538461538461538,0.6,0.5,4,8,3,5,3,4,-19.0
118,2026/02/08,CHI,28,Guerschon Yabusele,PT26M06.00S,12,0,2,1,2,1,3,0.307692307692308,0.0,0.4,4,10,0,3,0,0,-5.0
119,2026/02/08,CHI,31,Jaden Ivey,PT30M10.00S,10,3,6,2,0,3,4,0.428571428571429,0.5,0.4,2,5,1,2,2,2,-27.0
120,2026/02/08,CHI,22,Anfernee Simons,PT32M29.10S,15,6,4,0,0,0,3,0.333333333333333,0.4,0.3,3,10,2,5,2,2,-6.0
121,2026/02/08,CHI,2,Collin Sexton,PT28M37.00S,17,4,3,0,0,4,4,0.428571428571429,0.555555555555556,0.2,1,5,5,9,4,4,-7.0
122,2026/02/08,CHI,44,Patrick Williams,PT20M03.00S,8,2,2,1,0,0,0,0.75,1.0,0.666666666666666,2,3,1,1,0,0,-2.0
123,2026/02/08,CHI,13,Nick Richards,PT19M22.00S,15,0,7,1,1,1,3,0.625,0.5714285714285711,1.0,1,1,4,7,4,5,-13.0
124,2026/02/08,CHI,7,Rob Dillingham,PT21M57.00S,9,4,3,1,0,3,2,0.428571428571429,0.5,0.333333333333333,1,3,2,4,2,2,9.0
125,2026/02/08,CHI,11,Leonard Miller,PT02M32.00S,0,0,0,1,0,0,0,0.0,0.0,0.0,0,0,0,0,0,0,2.0
126,2026/02/08,CHI,47,Lachlan Olbrich,PT02M32.00S,0,0,0,0,0,0,0,0.0,0.0,0.0,0,0,0,0,0,0,2.0
127,2026/02/08,GSW,4,Moses Moody,PT39M13.00S,25,2,4,3,1,0,4,0.470588235294118,1.0,0.357142857142857,5,14,3,3,4,5,5.0
128,2026/02/08,GSW,15,Gui Santos,PT26M19.00S,15,3,8,1,0,0,5,0.5,0.625,0.25,1,4,5,8,2,4,-4.0
129,2026/02/08,GSW,23,Draymond Green,PT33M24.00S,9,6,4,1,0,2,5,0.333333333333333,0.333333333333333,0.333333333333333,2,6,1,3,1,2,11.0
130,2026/02/08,GSW,8,De'Anthony Melton,PT23M36.00S,5,1,0,5,0,3,1,0.2,0.25,0.166666666666667,1,6,1,4,0,0,-13.0
131,2026/02/08,GSW,61,Pat Spencer,PT28M09.00S,14,7,5,1,0,1,3,0.5,0.5714285714285711,0.4,2,5,4,7,0,0,0.0
132,2026/02/08,GSW,0,Gary Payton II,PT18M15.20S,13,1,5,2,0,1,3,0.75,0.833333333333334,0.5,1,2,5,6,0,0,-4.0
133,2026/02/08,GSW,2,Brandin Podziemski,PT33M29.00S,14,4,6,2,0,1,1,0.4,0.5,0.28571428571428603,2,7,4,8,0,0,5.0
134,2026/02/08,GSW,20,Al Horford,PT22M34.80S,4,0,4,1,2,3,0,0.333333333333333,1.0,0.0,0,4,2,2,0,0,-11.0
135,2026/02/08,GSW,3,Will Richard,PT10M22.00S,0,1,0,0,0,1,1,0.0,0.0,0.0,0,2,0,0,0,0,-13.0
136,2026/02/08,GSW,21,Quinten Post,PT04M38.00S,0,0,1,0,0,0,2,0.0,0.0,0.0,0,1,0,0,0,0,-6.0
137,2026/02/08,LAL,23,LeBron James,PT35M05.00S,20,10,7,1,1,7,1,0.352941176470588,0.4,0.28571428571428603,2,7,4,10,6,7,7.0
138,2026/02/08,LAL,28,Rui Hachimura,PT28M22.00S,18,0,1,0,1,1,0,0.7,0.6,0.8,4,5,3,5,0,0,-6.0
139,2026/02/08,LAL,11,Jaxson Hayes,PT20M02.00S,6,1,4,1,1,0,1,0.75,0.75,0.0,0,0,3,4,0,1,-6.0
140,2026/02/08,LAL,12,Jake LaRavia,PT27M28.00S,2,1,4,0,2,4,1,0.2,0.5,0.0,0,3,1,2,0,0,2.0
141,2026/02/08,LAL,36,Marcus Smart,PT32M32.00S,15,4,3,0,2,1,1,0.428571428571429,0.4,0.5,1,2,2,5,8,9,7.0
142,2026/02/08,LAL,15,Austin Reaves,PT23M57.00S,16,8,5,2,1,5,2,0.5,0.625,0.0,0,2,5,8,6,7,-1.0
143,2026/02/08,LAL,2,Jarred Vanderbilt,PT18M32.00S,13,2,8,2,1,1,2,0.666666666666666,0.666666666666666,0.666666666666666,2,3,2,3,3,4,11.0
144,2026/02/08,LAL,10,Luke Kennard,PT26M04.00S,10,2,2,1,0,2,2,0.5714285714285711,0.666666666666666,0.5,2,4,2,3,0,0,4.0
145,2026/02/08,LAL,14,Maxi Kleber,PT27M58.00S,5,1,7,0,1,1,4,0.666666666666666,1.0,0.0,0,1,2,2,1,2,12.0
146,2026/02/08,PHI,9,Kelly Oubre Jr.,PT38M11.00S,18,2,6,2,0,1,4,0.428571428571429,0.428571428571429,0.428571428571429,3,7,3,7,3,4,-3.0
147,2026/02/08,PHI,25,Dominick Barlow,PT17M35.00S,6,0,4,0,0,1,2,0.75,1.0,0.0,0,1,3,3,0,1,5.0
148,2026/02/08,PHI,21,Joel Embiid,PT32M59.80S,33,3,9,0,1,2,3,0.473684210526316,0.416666666666667,0.5714285714285711,4,7,5,12,11,13,-10.0
149,2026/02/08,PHI,77,VJ Edgecombe,PT25M13.00S,5,2,6,0,0,1,4,0.5,0.5,0.5,1,2,1,2,0,0,-5.0
150,2026/02/08,PHI,0,Tyrese Maxey,PT39M50.00S,29,6,9,1,0,3,2,0.38095238095238104,0.45454545454545503,0.3,3,10,5,11,10,11,14.0
151,2026/02/08,PHI,12,Trendon Watford,PT26M39.00S,6,2,7,0,2,4,4,0.5,0.666666666666666,0.0,0,1,2,3,2,2,-8.0
152,2026/02/08,PHI,5,Quentin Grimes,PT28M12.50S,6,3,4,0,0,2,4,0.5,0.666666666666666,0.0,0,1,2,3,2,3,2.0
153,2026/02/08,PHI,11,Justin Edwards,PT16M32.00S,2,0,0,1,0,1,1,1.0,1.0,0.0,0,0,1,1,0,0,16.0
154,2026/02/08,PHI,30,Adem Bona,PT14M47.70S,4,0,5,1,1,2,1,0.666666666666666,0.666666666666666,0.0,0,0,2,3,0,0,19.0
155,2026/02/08,PHX,3,Dillon Brooks,PT35M45.00S,28,2,2,1,0,0,4,0.478260869565217,0.692307692307692,0.2,2,10,9,13,4,4,10.0
156,2026/02/08,PHX,00,Royce O'Neale,PT33M35.00S,14,3,11,2,0,3,3,0.5,1.0,0.444444444444444,4,9,1,1,0,0,6.0
157,2026/02/08,PHX,15,Mark Williams,PT30M43.00S,11,2,11,2,0,0,3,0.5714285714285711,0.5714285714285711,0.0,0,0,4,7,3,5,0.0
158,2026/02/08,PHX,1,Devin Booker,PT32M07.00S,21,9,2,0,0,4,5,0.416666666666667,0.8,0.14285714285714302,1,7,4,5,10,11,10.0
159,2026/02/08,PHX,12,Collin Gillespie,PT28M25.60S,6,2,4,2,0,1,2,0.18181818181818202,0.0,0.2,2,10,0,1,0,0,-24.0
160,2026/02/08,PHX,4,Jalen Green,PT16M42.00S,8,3,3,0,0,1,0,0.333333333333333,0.666666666666666,0.0,0,3,2,3,4,4,7.0
161,2026/02/08,PHX,11,Oso Ighodaro,PT16M59.40S,3,1,3,0,0,1,1,0.5,0.5,0.0,0,0,1,2,1,2,-7.0
162,2026/02/08,PHX,23,Jordan Goodwin,PT27M02.00S,7,0,3,1,0,0,4,0.28571428571428603,0.333333333333333,0.25,1,4,1,3,2,3,-6.0
163,2026/02/08,PHX,0,Ryan Dunn,PT10M34.00S,3,0,1,0,0,0,1,0.2,0.0,0.333333333333333,1,3,0,2,0,0,-11.0
164,2026/02/08,PHX,17,Jamaree Bouyea,PT08M07.00S,2,0,0,0,0,2,0,0.0,0.0,0.0,0,0,0,0,2,2,-15.0
165,2026/02/08,MEM,21,Jahmai Mashack,PT30M12.00S,8,1,1,6,0,2,1,0.333333333333333,0.5,0.28571428571428603,2,7,1,2,0,0,-1.0
166,2026/02/08,MEM,45,GG Jackson,PT30M08.00S,11,2,8,1,2,0,1,0.4,0.333333333333333,0.5,2,4,2,6,1,2,-5.0
167,2026/02/08,MEM,5,Kyle Anderson,PT26M42.00S,11,2,6,2,2,1,3,0.833333333333334,0.833333333333334,0.0,0,0,5,6,1,3,-6.0
168,2026/02/08,MEM,3,Kentavious Caldwell-Pope,PT30M56.00S,11,0,4,1,0,3,2,0.357142857142857,0.4,0.25,1,4,4,10,0,0,-16.0
169,2026/02/08,MEM,2,Ty Jerome,PT19M54.00S,13,1,1,1,1,4,4,0.4,0.4,0.4,2,5,2,5,3,3,-7.0
170,2026/02/08,MEM,4,Walter Clayton Jr.,PT27M48.00S,8,7,4,3,0,2,1,0.375,1.0,0.0,0,5,3,3,2,2,0.0
171,2026/02/08,MEM,10,Javon Small,PT27M35.00S,22,4,6,0,1,0,0,0.7,0.833333333333334,0.5,2,4,5,6,6,6,0.0
172,2026/02/08,MEM,18,Olivier-Maxence Prosper,PT25M09.00S,25,0,5,0,0,1,0,0.692307692307692,0.4,0.875,7,8,2,5,0,0,1.0
173,2026/02/08,MEM,22,Taylor Hendricks,PT21M36.00S,6,2,1,0,0,1,3,0.5,0.666666666666666,0.0,0,1,2,3,2,5,-1.0
174,2026/02/08,POR,91,Sidy Cissoko,PT32M45.00S,7,4,10,2,0,2,3,0.3,0.4,0.2,1,5,2,5,0,0,6.0
175,2026/02/08,POR,33,Toumani Camara,PT33M48.00S,8,1,7,1,1,0,2,0.3,0.4,0.2,1,5,2,5,1,1,18.0
176,2026/02/08,POR,23,Donovan Clingan,PT36M04.00S,20,3,19,1,2,2,4,0.533333333333333,0.666666666666666,0.333333333333333,2,6,6,9,2,2,19.0
177,2026/02/08,POR,9,Jerami Grant,PT32M52.00S,29,3,5,0,0,3,1,0.5882352941176471,0.5714285714285711,0.6,6,10,4,7,3,5,1.0
178,2026/02/08,POR,5,Jrue Holiday,PT27M22.00S,21,4,2,0,0,3,2,0.615384615384615,0.5714285714285711,0.666666666666666,4,6,4,7,1,2,8.0
179,2026/02/08,POR,2,Caleb Love,PT27M14.00S,17,8,0,1,0,4,0,0.388888888888889,0.5714285714285711,0.272727272727273,3,11,4,7,0,0,-3.0
180,2026/02/08,POR,1,Blake Wesley,PT08M41.00S,10,0,1,0,0,2,0,0.6,0.5,0.666666666666666,2,3,1,2,2,4,-11.0
181,2026/02/08,POR,27,Vít Krejčí,PT26M07.00S,10,4,3,2,0,0,2,0.5714285714285711,1.0,0.4,2,5,2,2,0,0,3.0
182,2026/02/08,POR,21,Rayan Rupert,PT11M23.00S,0,3,0,0,0,0,4,0.0,0.0,0.0,0,0,0,0,0,0,-5.0
183,2026/02/08,POR,16,Yang Hansen,PT03M26.00S,0,0,1,0,0,1,3,0.0,0.0,0.0,0,0,0,0,0,0,-1.0
184,2026/02/08,CLE,5,Sam Merrill,PT23M54.00S,2,2,1,0,0,1,2,0.0,0.0,0.0,0,5,0,1,2,2,-8.0
185,2026/02/08,CLE,20,Jaylon Tyson,PT27M17.00S,10,0,6,0,0,3,1,0.375,0.428571428571429,0.0,0,1,3,7,4,4,-27.0
186,2026/02/08,CLE,31,Jarrett Allen,PT32M43.00S,29,1,10,0,0,1,0,0.916666666666666,0.916666666666666,0.0,0,0,11,12,7,8,-18.0
187,2026/02/08,CLE,1,James Harden,PT32M11.00S,23,8,2,1,0,3,1,0.538461538461538,0.4,0.625,5,8,2,5,4,4,-14.0
188,2026/02/08,CLE,45,Donovan Mitchell,PT34M39.00S,35,4,2,2,2,3,4,0.541666666666667,0.6875,0.25,2,8,11,16,7,7,12.0
189,2026/02/08,CLE,9,Craig Porter Jr.,PT22M48.00S,4,4,3,2,0,0,1,0.333333333333333,0.5,0.0,0,1,1,2,2,4,3.0
190,2026/02/08,CLE,35,Nae'Qwan Tomlin,PT16M49.00S,6,2,5,0,0,0,2,0.75,0.75,0.0,0,0,3,4,0,0,16.0
191,2026/02/08,CLE,3,Thomas Bryant,PT15M17.00S,10,2,3,1,0,0,1,0.6,1.0,0.5,2,4,1,1,2,2,24.0
192,2026/02/08,CLE,8,Dennis Schröder,PT17M00.00S,7,4,3,0,0,0,1,0.333333333333333,0.6,0.0,0,4,3,5,1,1,22.0
193,2026/02/08,CLE,14,Keon Ellis,PT17M22.00S,6,3,3,3,1,0,1,0.5,0.0,0.5,2,4,0,0,0,0,20.0
194,2026/02/08,SAC,10,DeMar DeRozan,PT29M38.00S,13,3,2,0,1,0,1,0.25,0.166666666666667,0.5,2,4,2,12,3,3,-8.0
195,2026/02/08,SAC,29,Daeqwon Plowden,PT39M27.00S,16,4,6,1,0,2,4,0.545454545454545,1.0,0.28571428571428603,2,7,4,4,2,2,7.0
196,2026/02/08,SAC,42,Maxime Raynaud,PT22M45.00S,14,0,7,2,0,2,1,0.625,0.625,0.0,0,0,5,8,4,4,1.0
197,2026/02/08,SAC,5,Nique Clifford,PT39M50.00S,30,4,4,2,2,2,3,0.631578947368421,0.7,0.555555555555556,5,9,7,10,1,2,5.0
198,2026/02/08,SAC,18,Russell Westbrook,PT31M56.00S,21,9,5,0,0,7,2,0.5714285714285711,0.75,0.5,5,10,3,4,0,2,-6.0
199,2026/02/08,SAC,22,Devin Carter,PT27M14.00S,18,4,4,1,1,1,3,0.461538461538462,0.5,0.4,2,5,4,8,4,5,-4.0
200,2026/02/08,SAC,32,Dylan Cardwell,PT25M15.00S,12,4,11,1,1,1,4,0.666666666666666,0.666666666666666,0.0,0,0,6,9,0,0,-7.0
201,2026/02/08,SAC,9,Precious Achiuwa,PT15M45.00S,2,2,2,2,0,0,2,0.333333333333333,0.5,0.0,0,1,1,2,0,2,-7.0
202,2026/02/08,SAC,7,Doug McDermott,PT08M10.00S,0,0,1,0,0,0,1,0.0,0.0,0.0,0,1,0,0,0,0,-11.0
0,2026/02/09,NYK,25,Mikal Bridges,PT30M24.00S,14,1,4,0,1,0,0,0.5,0.5714285714285711,0.333333333333333,1,3,4,7,3,3,2.0
1,2026/02/09,NYK,3,Josh Hart,PT26M20.00S,19,3,6,0,0,1,4,0.5,0.625,0.333333333333333,2,6,5,8,3,4,10.0
2,2026/02/09,NYK,32,Karl-Anthony Towns,PT29M24.00S,11,1,10,1,0,3,3,0.333333333333333,0.428571428571429,0.0,0,2,3,7,5,6,10.0
3,2026/02/09,NYK,44,Landry Shamet,PT27M48.00S,3,3,4,1,0,0,2,0.2,0.0,0.25,1,4,0,1,0,0,-1.0
4,2026/02/09,NYK,11,Jalen Brunson,PT33M13.00S,31,8,3,0,0,3,1,0.5714285714285711,0.615384615384615,0.5,4,8,8,13,3,3,20.0
5,2026/02/09,NYK,51,Mohamed Diawara,PT26M30.00S,10,1,3,1,0,0,3,1.0,1.0,1.0,2,2,2,2,0,0,22.0
6,2026/02/09,NYK,00,Jordan Clarkson,PT07M32.00S,0,1,2,0,1,0,0,0.0,0.0,0.0,0,0,0,1,0,0,9.0
7,2026/02/09,NYK,23,Mitchell Robinson,PT15M58.00S,5,2,9,0,0,0,1,0.5,0.5,0.0,0,0,1,2,3,8,15.0
8,2026/02/09,NYK,5,Jose Alvarado,PT25M04.00S,12,2,2,2,1,1,2,0.416666666666667,0.5,0.333333333333333,2,6,3,6,0,0,13.0
9,2026/02/09,NYK,9,Kevin McCullar Jr.,PT03M49.00S,0,0,0,0,0,0,1,0.0,0.0,0.0,0,1,0,1,0,0,2.0
10,2026/02/09,NYK,13,Tyler Kolek,PT03M49.00S,6,0,0,0,0,0,0,1.0,0.0,1.0,2,2,0,0,0,0,2.0
11,2026/02/09,NYK,55,Ariel Hukporti,PT03M49.00S,0,0,0,0,0,0,0,0.0,0.0,0.0,0,1,0,0,0,0,2.0
12,2026/02/09,NYK,4,Pacôme Dadiet,PT03M31.00S,0,1,2,0,0,0,0,0.0,0.0,0.0,0,0,0,0,0,0,2.0
13,2026/02/09,NYK,50,Trey Jemison III,PT02M49.00S,0,0,1,0,0,0,0,0.0,0.0,0.0,0,0,0,0,0,0,2.0
14,2026/02/09,BOS,7,Jaylen Brown,PT33M08.00S,26,4,2,1,1,2,3,0.44,0.5238095238095241,0.0,0,4,11,21,4,4,-14.0
15,2026/02/09,BOS,52,Luka Garza,PT15M21.00S,6,0,3,0,0,0,3,0.25,1.0,0.0,0,3,1,1,4,4,-6.0
16,2026/02/09,BOS,88,Neemias Queta,PT22M47.00S,4,1,5,0,0,3,5,0.5,0.5,0.0,0,0,2,4,0,0,0.0
17,2026/02/09,BOS,55,Baylor Scheierman,PT29M11.00S,10,5,13,0,0,1,1,0.375,1.0,0.28571428571428603,2,7,1,1,2,2,1.0
18,2026/02/09,BOS,9,Derrick White,PT34M12.00S,19,4,1,0,0,0,0,0.5,0.8,0.333333333333333,3,9,4,5,2,2,-9.0
19,2026/02/09,BOS,11,Payton Pritchard,PT30M31.00S,6,7,2,2,0,1,0,0.222222222222222,0.333333333333333,0.166666666666667,1,6,1,3,1,1,-27.0
20,2026/02/09,BOS,4,Nikola Vučević,PT23M29.00S,11,0,6,0,1,2,4,0.384615384615385,0.5714285714285711,0.166666666666667,1,6,4,7,0,0,-24.0
21,2026/02/09,BOS,13,Ron Harper Jr.,PT21M19.00S,3,0,3,0,1,0,2,0.2,0.5,0.0,0,3,1,2,1,2,-17.0
22,2026/02/09,BOS,28,Hugo González,PT12M28.00S,2,0,1,0,0,0,2,0.2,0.5,0.0,0,3,1,2,0,0,-8.0
23,2026/02/09,BOS,27,Jordan Walsh,PT12M51.00S,2,1,6,1,0,1,0,0.25,0.25,0.0,0,0,1,4,0,0,-4.0
24,2026/02/09,BOS,77,Amari Williams,PT04M43.00S,0,0,2,0,0,0,1,0.0,0.0,0.0,0,0,0,1,0,0,-2.0
25,2026/02/09,MIA,15,Myron Gardner,PT21M00.00S,10,6,7,2,0,2,3,0.444444444444444,0.333333333333333,0.666666666666666,2,3,2,6,0,0,0.0
26,2026/02/09,MIA,22,Andrew Wiggins,PT23M25.00S,11,2,10,2,1,0,0,0.36363636363636404,0.2,0.5,3,6,1,5,0,0,1.0
27,2026/02/09,MIA,13,Bam Adebayo,PT28M07.00S,22,3,8,5,0,2,1,0.6,0.777777777777778,0.333333333333333,2,6,7,9,2,2,41.0
28,2026/02/09,MIA,24,Norman Powell,PT25M00.00S,21,0,4,1,0,1,3,0.416666666666667,0.0,0.5,5,10,0,2,6,8,7.0
29,2026/02/09,MIA,45,Davion Mitchell,PT24M55.00S,5,3,2,1,0,3,2,0.333333333333333,0.333333333333333,0.333333333333333,1,3,1,3,0,0,16.0
30,2026/02/09,MIA,11,Jaime Jaquez Jr.,PT23M31.00S,4,6,4,0,1,6,1,0.166666666666667,0.25,0.0,0,4,2,8,0,0,9.0
31,2026/02/09,MIA,7,Kel'el Ware,PT29M49.00S,19,1,14,0,1,0,3,0.615384615384615,0.7,0.333333333333333,1,3,7,10,2,2,22.0
32,2026/02/09,MIA,0,Simone Fontecchio,PT19M04.00S,12,3,5,3,0,1,0,0.5,0.6,0.333333333333333,1,3,3,5,3,3,33.0
33,2026/02/09,MIA,25,Kasparas Jakučionis,PT25M57.00S,22,6,3,2,1,1,4,0.8,0.5,1.0,6,6,2,4,0,0,27.0
34,2026/02/09,MIA,17,Jahmir Young,PT08M00.00S,2,0,1,0,0,0,0,0.25,0.333333333333333,0.0,0,1,1,3,0,0,-1.0
35,2026/02/09,MIA,5,Nikola Jović,PT05M36.00S,4,2,1,1,0,0,1,0.666666666666666,1.0,0.0,0,1,2,2,0,0,0.0
36,2026/02/09,MIA,12,Dru Smith,PT05M36.00S,0,2,1,1,0,0,1,0.0,0.0,0.0,0,1,0,0,0,0,0.0
37,2026/02/09,WAS,9,Justin Champagnie,PT24M54.00S,13,1,7,1,0,0,0,0.36363636363636404,0.5,0.2,1,5,3,6,4,4,-8.0
38,2026/02/09,WAS,18,Kyshawn George,PT19M06.00S,13,3,2,0,1,2,1,0.333333333333333,0.166666666666667,0.5,3,6,1,6,2,2,-4.0
39,2026/02/09,WAS,20,Alex Sarr,PT25M49.00S,12,5,12,1,0,1,5,0.461538461538462,0.5,0.0,0,1,6,12,0,2,-5.0
40,2026/02/09,WAS,7,Bub Carrington,PT28M39.00S,13,5,2,1,0,3,0,0.461538461538462,0.714285714285714,0.166666666666667,1,6,5,7,0,0,-9.0
41,2026/02/09,WAS,0,Bilal Coulibaly,PT33M30.00S,7,1,4,1,1,4,4,0.28571428571428603,0.333333333333333,0.25,1,4,1,3,2,2,-4.0
42,2026/02/09,WAS,27,Will Riley,PT20M52.00S,9,0,1,1,1,3,0,0.4,0.5,0.25,1,4,3,6,0,0,-26.0
43,2026/02/09,WAS,5,Jamir Watkins,PT33M25.00S,12,2,7,1,2,0,1,0.5,0.666666666666666,0.25,1,4,4,6,1,3,-33.0
44,2026/02/09,WAS,13,Sharife Cooper,PT20M26.00S,8,3,1,1,0,2,0,0.6,0.6,0.0,0,0,3,5,2,3,-28.0
45,2026/02/09,WAS,00,Tristan Vukcevic,PT19M54.00S,14,2,5,0,0,4,0,0.45454545454545503,0.166666666666667,0.8,4,5,1,6,0,0,-17.0
46,2026/02/09,WAS,55,Keshon Gilbert,PT13M25.00S,0,1,1,0,1,0,1,0.0,0.0,0.0,0,1,0,0,0,0,-21.0
47,2026/02/09,IND,12,Johnny Furphy,PT15M26.30S,4,3,2,0,0,1,3,0.666666666666666,0.666666666666666,0.0,0,0,2,3,0,0,-3.0
48,2026/02/09,IND,43,Pascal Siakam,PT24M12.00S,18,2,4,0,0,2,0,0.466666666666667,0.5,0.333333333333333,1,3,6,12,3,4,-14.0
49,2026/02/09,IND,32,Jay Huff,PT30M00.70S,15,2,7,2,2,1,4,0.5,0.6,0.4,2,5,3,5,3,3,-9.0
50,2026/02/09,IND,23,Aaron Nesmith,PT23M28.00S,7,1,1,1,0,0,1,0.5,0.5,0.5,1,2,1,2,2,3,-15.0
51,2026/02/09,IND,2,Andrew Nembhard,PT25M29.00S,10,2,3,2,0,4,2,0.222222222222222,0.25,0.166666666666667,1,6,3,12,1,1,-29.0
52,2026/02/09,IND,5,Jarace Walker,PT27M52.00S,13,2,6,1,0,4,3,0.28571428571428603,0.222222222222222,0.4,2,5,2,9,3,3,-13.0
53,2026/02/09,IND,7,Kam Jones,PT25M02.00S,7,1,1,0,0,0,2,0.6,1.0,0.333333333333333,1,3,2,2,0,0,-10.0
54,2026/02/09,IND,9,T.J. McConnell,PT15M43.00S,10,7,3,0,1,4,2,1.0,1.0,0.0,0,0,5,5,0,0,7.0
55,2026/02/09,IND,11,Micah Potter,PT25M56.00S,8,2,8,0,0,1,3,0.75,1.0,0.666666666666666,2,3,1,1,0,0,0.0
56,2026/02/09,IND,26,Ben Sheppard,PT26M51.00S,12,4,5,0,0,2,4,0.45454545454545503,0.6,0.333333333333333,2,6,3,5,0,0,-4.0
57,2026/02/09,TOR,3,Brandon Ingram,PT26M02.00S,13,3,5,0,1,2,2,0.416666666666667,0.555555555555556,0.0,0,3,5,9,3,4,15.0
58,2026/02/09,TOR,4,Scottie Barnes,PT33M01.50S,25,6,14,2,4,1,3,0.6,0.6,0.0,0,0,12,20,1,1,22.0
59,2026/02/09,TOR,12,Collin Murray-Boyles,PT08M13.00S,2,0,0,0,1,1,1,1.0,1.0,0.0,0,0,1,1,0,0,5.0
60,2026/02/09,TOR,9,RJ Barrett,PT31M47.00S,20,5,8,1,0,3,2,0.466666666666667,0.5,0.4,2,5,5,10,4,7,31.0
61,2026/02/09,TOR,5,Immanuel Quickley,PT28M08.50S,13,6,4,1,0,0,1,0.555555555555556,0.666666666666666,0.5,3,6,2,3,0,0,29.0
62,2026/02/09,TOR,54,Sandro Mamukelashvili,PT21M39.00S,17,1,4,1,0,0,1,0.666666666666666,0.75,0.6,3,5,3,4,2,2,2.0
63,2026/02/09,TOR,23,Jamal Shead,PT19M12.00S,6,4,0,0,0,2,2,0.25,0.0,0.333333333333333,1,3,0,1,3,4,-12.0
64,2026/02/09,TOR,1,Gradey Dick,PT15M32.50S,8,1,1,3,0,1,0,0.5,0.6,0.0,0,1,3,5,2,2,-3.0
65,2026/02/09,TOR,14,Ja'Kobe Walter,PT27M15.00S,6,2,4,2,1,0,5,0.28571428571428603,0.0,0.666666666666666,2,3,0,4,0,0,13.0
66,2026/02/09,TOR,32,Trayce Jackson-Davis,PT15M31.00S,10,1,10,1,1,0,0,0.5,0.5,0.0,0,0,2,4,6,10,-3.0
67,2026/02/09,TOR,77,Jamison Battle,PT07M25.00S,0,0,2,0,0,0,1,0.0,0.0,0.0,0,3,0,1,0,0,-2.0
68,2026/02/09,TOR,2,Jonathan Mogbo,PT00M05.50S,0,0,0,0,0,0,0,0.0,0.0,0.0,0,0,0,0,0,0,-2.0
69,2026/02/09,TOR,55,Alijah Martin,PT03M39.00S,2,0,1,1,0,0,1,0.25,0.333333333333333,0.0,0,1,1,3,0,0,-4.0
70,2026/02/09,TOR,0,A.J. Lawson,PT02M29.00S,0,0,1,0,0,0,0,0.0,0.0,0.0,0,0,0,0,0,0,-1.0
71,2026/02/09,LAC,2,Kawhi Leonard,PT33M32.00S,41,2,8,4,0,2,0,0.466666666666667,0.473684210526316,0.45454545454545503,5,11,9,19,8,10,20.0
72,2026/02/09,LAC,20,John Collins,PT29M17.60S,15,0,4,1,1,3,4,0.666666666666666,0.5,1.0,3,3,3,6,0,0,25.0
73,2026/02/09,LAC,11,Brook Lopez,PT26M24.00S,5,2,2,0,2,1,1,0.4,0.5,0.333333333333333,1,3,1,2,0,0,18.0
74,2026/02/09,LAC,5,Derrick Jones Jr.,PT28M24.00S,5,4,4,3,1,1,3,0.666666666666666,0.5,1.0,1,1,1,2,0,0,22.0
75,2026/02/09,LAC,8,Kris Dunn,PT28M24.00S,9,6,5,1,0,1,2,0.5,0.4,1.0,1,1,2,5,2,2,29.0
76,2026/02/09,LAC,4,Kobe Sanders,PT23M30.00S,10,2,4,0,0,1,1,0.6,1.0,0.5,2,4,1,1,2,3,7.0
77,2026/02/09,LAC,22,Jordan Miller,PT22M41.00S,8,4,1,0,0,1,2,0.166666666666667,0.25,0.0,0,2,1,4,6,6,-4.0
78,2026/02/09,LAC,33,Nicolas Batum,PT11M32.40S,3,0,3,0,0,1,1,1.0,0.0,1.0,1,1,0,0,0,0,-5.0
79,2026/02/09,LAC,12,Cam Christie,PT10M26.00S,2,1,0,0,0,0,1,0.25,0.333333333333333,0.0,0,1,1,3,0,0,-12.0
80,2026/02/09,LAC,14,Yanic Konan Niederhäuser,PT17M23.00S,15,2,6,0,1,1,6,1.0,1.0,0.0,0,0,5,5,5,7,7.0
81,2026/02/09,LAC,15,TyTy Washington Jr.,PT04M13.00S,0,2,0,2,1,0,0,0.0,0.0,0.0,0,0,0,0,0,0,-6.0
82,2026/02/09,LAC,45,Dalano Banton,PT04M13.00S,2,0,0,0,0,1,0,0.5,0.5,0.0,0,0,1,2,0,0,-6.0
83,2026/02/09,MIN,3,Jaden McDaniels,PT28M14.00S,2,0,2,1,0,2,2,0.25,0.25,0.0,0,0,1,4,0,0,-12.0
84,2026/02/09,MIN,30,Julius Randle,PT33M26.00S,17,2,8,0,0,1,3,0.428571428571429,0.555555555555556,0.2,1,5,5,9,4,6,-14.0
85,2026/02/09,MIN,27,Rudy Gobert,PT29M49.00S,10,2,7,0,1,5,0,0.714285714285714,0.714285714285714,0.0,0,0,5,7,0,1,-16.0
86,2026/02/09,MIN,5,Anthony Edwards,PT34M52.00S,23,2,4,2,0,5,1,0.388888888888889,0.6,0.125,1,8,6,10,8,10,-23.0
87,2026/02/09,MIN,0,Donte DiVincenzo,PT23M53.00S,1,2,4,1,0,2,6,0.0,0.0,0.0,0,3,0,0,1,2,-3.0
88,2026/02/09,MIN,13,Ayo Dosunmu,PT25M27.00S,11,1,1,2,0,1,3,0.36363636363636404,0.25,0.428571428571429,3,7,1,4,0,0,-33.0
89,2026/02/09,MIN,11,Naz Reid,PT23M55.00S,8,3,9,1,0,1,4,0.444444444444444,0.666666666666666,0.0,0,3,4,6,0,0,-17.0
90,2026/02/09,MIN,8,Bones Hyland,PT19M19.00S,10,2,1,0,0,1,1,0.5,0.666666666666666,0.4,2,5,2,3,0,0,-7.0
91,2026/02/09,MIN,7,Joe Ingles,PT04M13.00S,0,2,1,0,0,0,0,0.0,0.0,0.0,0,1,0,0,0,0,6.0
92,2026/02/09,MIN,4,Julian Phillips,PT04M13.00S,2,0,0,0,0,0,1,1.0,1.0,0.0,0,0,1,1,0,0,6.0
93,2026/02/09,MIN,19,Joan Beringer,PT04M13.00S,4,1,1,0,1,1,1,0.666666666666666,0.666666666666666,0.0,0,0,2,3,0,0,6.0
94,2026/02/09,MIN,22,Jaylen Clark,PT04M13.00S,8,0,1,1,0,1,0,0.75,0.666666666666666,1.0,1,1,2,3,1,3,6.0
95,2026/02/09,MIN,25,Enrique Freeman,PT04M13.00S,0,0,2,0,0,0,0,0.0,0.0,0.0,0,0,0,0,0,0,6.0
0,2026/02/10,DET,9,Ausar Thompson,PT25M28.40S,6,2,8,2,0,1,4,0.375,0.375,0.0,0,0,3,8,0,0,3.0
1,2026/02/10,DET,12,Tobias Harris,PT34M55.00S,11,1,5,1,1,1,0,0.36363636363636404,0.428571428571429,0.25,1,4,3,7,2,2,15.0
2,2026/02/10,DET,0,Jalen Duren,PT20M07.40S,15,2,5,1,0,1,2,0.714285714285714,0.714285714285714,0.0,0,0,5,7,5,5,15.0
3,2026/02/10,DET,55,Duncan Robinson,PT24M27.00S,18,4,3,0,0,1,1,0.8,1.0,0.333333333333333,1,3,7,7,1,2,27.0
4,2026/02/10,DET,2,Cade Cunningham,PT36M39.00S,33,7,9,1,0,3,4,0.444444444444444,0.476190476190476,0.333333333333333,2,6,10,21,7,7,14.0
5,2026/02/10,DET,28,Isaiah Stewart,PT11M07.60S,2,0,0,0,0,0,1,0.5,1.0,0.0,0,1,1,1,0,0,-12.0
6,2026/02/10,DET,8,Caris LeVert,PT22M40.60S,5,1,2,2,1,1,2,0.5,1.0,0.0,0,2,2,2,1,2,-19.0
7,2026/02/10,DET,24,Daniss Jenkins,PT18M46.80S,4,1,3,2,0,1,2,0.333333333333333,0.5,0.0,0,2,2,4,0,0,4.0
8,2026/02/10,DET,31,Javonte Green,PT14M44.40S,4,0,0,0,0,0,1,0.2,1.0,0.0,0,4,1,1,2,2,-6.0
9,2026/02/10,DET,27,Kevin Huerter,PT12M57.60S,0,1,3,1,0,0,0,0.0,0.0,0.0,0,2,0,0,0,0,-4.0
10,2026/02/10,DET,7,Paul Reed,PT18M06.20S,12,1,3,2,1,1,3,0.6,0.5,1.0,1,1,2,4,5,8,-7.0
11,2026/02/10,CHA,7,Kon Knueppel,PT34M10.00S,20,3,5,0,1,0,0,0.461538461538462,0.5,0.45454545454545503,5,11,1,2,3,3,-9.0
12,2026/02/10,CHA,0,Miles Bridges,PT19M53.00S,6,1,4,0,0,3,1,0.166666666666667,0.333333333333333,0.0,0,3,1,3,4,4,-21.0
13,2026/02/10,CHA,14,Moussa Diabaté,PT18M42.40S,0,0,6,0,0,2,1,0.0,0.0,0.0,0,0,0,1,0,0,-13.0
14,2026/02/10,CHA,24,Brandon Miller,PT35M58.60S,24,3,3,2,1,3,3,0.444444444444444,0.5,0.4,4,10,4,8,4,4,-5.0
15,2026/02/10,CHA,1,LaMelo Ball,PT29M29.40S,20,4,4,0,0,3,5,0.36363636363636404,0.4,0.333333333333333,4,12,4,10,0,0,-12.0
16,2026/02/10,CHA,10,Josh Green,PT22M35.60S,5,1,5,0,0,1,3,0.333333333333333,0.0,0.5,1,2,0,1,2,2,12.0
17,2026/02/10,CHA,11,Ryan Kalkbrenner,PT17M12.00S,6,0,4,0,0,0,1,0.75,0.75,0.0,0,0,3,4,0,0,2.0
18,2026/02/10,CHA,4,Sion James,PT23M12.40S,6,3,2,0,0,4,3,0.666666666666666,0.0,0.666666666666666,2,3,0,0,0,0,-3.0
19,2026/02/10,CHA,2,Grant Williams,PT25M16.60S,12,5,2,1,1,1,4,0.5,0.333333333333333,0.666666666666666,2,3,1,3,4,4,9.0
20,2026/02/10,CHA,23,Tre Mann,PT13M30.00S,5,2,4,1,0,1,3,0.333333333333333,0.333333333333333,0.333333333333333,1,3,1,3,0,0,10.0
21,2026/02/10,CHI,35,Isaac Okoro,PT36M29.00S,10,4,4,4,0,1,3,0.428571428571429,0.6,0.0,0,2,3,5,4,4,-25.0
22,2026/02/10,CHI,14,Matas Buzelis,PT26M11.00S,18,1,4,0,4,3,1,0.333333333333333,0.25,0.428571428571429,3,7,2,8,5,6,-17.0
23,2026/02/10,CHI,28,Guerschon Yabusele,PT22M28.00S,3,1,2,1,0,1,4,0.333333333333333,0.0,0.333333333333333,1,3,0,0,0,0,-17.0
24,2026/02/10,CHI,31,Jaden Ivey,PT23M32.00S,13,3,6,3,1,1,1,0.375,0.5,0.333333333333333,2,6,1,2,5,6,9.0
25,2026/02/10,CHI,22,Anfernee Simons,PT33M51.00S,23,7,3,0,1,5,3,0.5882352941176471,1.0,0.222222222222222,2,9,8,8,1,1,-19.0
26,2026/02/10,CHI,13,Nick Richards,PT25M32.00S,12,1,6,2,2,3,4,0.5714285714285711,0.666666666666666,0.0,0,1,4,6,4,6,9.0
27,2026/02/10,CHI,2,Collin Sexton,PT32M06.00S,21,1,5,1,0,3,5,0.388888888888889,0.428571428571429,0.25,1,4,6,14,6,8,6.0
28,2026/02/10,CHI,7,Rob Dillingham,PT21M52.00S,8,1,7,2,0,1,1,0.4,0.444444444444444,0.0,0,1,4,9,0,0,7.0
29,2026/02/10,CHI,44,Patrick Williams,PT17M59.00S,7,1,2,0,0,0,0,0.5,0.666666666666666,0.333333333333333,1,3,2,3,0,1,7.0
30,2026/02/10,BKN,2,Danny Wolf,PT25M39.00S,13,2,6,2,3,1,3,0.714285714285714,0.6,1.0,2,2,3,5,1,2,15.0
31,2026/02/10,BKN,21,Noah Clowney,PT27M55.00S,22,0,6,0,1,1,2,0.636363636363636,0.6,0.666666666666666,4,6,3,5,4,5,14.0
32,2026/02/10,BKN,33,Nic Claxton,PT32M03.00S,28,4,10,1,0,1,4,0.8,0.785714285714286,1.0,1,1,11,14,3,6,17.0
33,2026/02/10,BKN,14,Terance Mann,PT25M31.00S,9,3,1,1,1,2,2,0.5,0.25,1.0,2,2,1,4,1,2,15.0
34,2026/02/10,BKN,88,Nolan Traore,PT31M31.50S,13,13,3,1,1,3,4,0.45454545454545503,0.555555555555556,0.0,0,2,5,9,3,4,17.0
35,2026/02/10,BKN,1,Ziaire Williams,PT25M24.00S,11,2,5,2,0,1,0,0.45454545454545503,0.5714285714285711,0.25,1,4,4,7,0,0,-5.0
36,2026/02/10,BKN,4,Drake Powell,PT22M52.50S,14,0,5,0,0,2,1,0.5,0.666666666666666,0.4,2,5,2,3,4,4,-7.0
37,2026/02/10,BKN,20,Day'Ron Sharpe,PT15M57.00S,6,0,7,0,0,2,4,0.25,0.28571428571428603,0.0,0,1,2,7,2,4,-9.0
38,2026/02/10,BKN,22,Jalen Wilson,PT20M05.00S,4,1,4,2,0,3,2,0.2,0.333333333333333,0.0,0,2,1,3,2,2,-6.0
39,2026/02/10,BKN,77,Ben Saraf,PT13M02.00S,3,3,0,1,0,2,0,0.166666666666667,0.166666666666667,0.0,0,0,1,6,1,2,-11.0
40,2026/02/10,UTA,23,Lauri Markkanen,PT24M38.00S,17,1,8,0,0,1,2,0.357142857142857,0.333333333333333,0.375,3,8,2,6,4,4,-6.0
41,2026/02/10,UTA,20,Jaren Jackson Jr.,PT24M54.00S,22,3,5,2,0,2,3,0.368421052631579,0.416666666666667,0.28571428571428603,2,7,5,12,6,7,15.0
42,2026/02/10,UTA,30,Jusuf Nurkić,PT24M38.00S,10,1,16,0,1,0,4,0.444444444444444,0.428571428571429,0.5,1,2,3,7,1,4,-3.0
43,2026/02/10,UTA,19,Ace Bailey,PT36M33.00S,16,2,8,1,0,0,4,0.5,0.636363636363636,0.0,0,3,7,11,2,2,3.0
44,2026/02/10,UTA,8,Isaiah Collier,PT34M27.00S,13,9,3,2,0,4,4,0.555555555555556,0.5714285714285711,0.5,1,2,4,7,2,2,0.0
45,2026/02/10,UTA,5,Cody Williams,PT18M30.00S,2,0,1,0,1,0,2,1.0,1.0,0.0,0,0,1,1,0,0,-2.0
46,2026/02/10,UTA,0,Vince Williams Jr.,PT15M06.00S,5,7,2,1,0,2,1,0.4,0.5,0.333333333333333,1,3,1,2,0,0,7.0
47,2026/02/10,UTA,22,Kyle Filipowski,PT23M22.00S,16,2,11,2,0,1,1,0.444444444444444,0.5714285714285711,0.0,0,2,4,7,8,8,7.0
48,2026/02/10,UTA,55,John Konchar,PT15M37.00S,0,2,0,0,0,0,3,0.0,0.0,0.0,0,2,0,0,0,0,1.0
49,2026/02/10,UTA,28,Brice Sensabaugh,PT22M15.00S,14,2,4,0,0,2,1,0.4,0.666666666666666,0.28571428571428603,2,7,2,3,4,4,-2.0
50,2026/02/10,MIA,22,Andrew Wiggins,PT35M54.90S,26,2,5,0,1,1,2,0.5,0.714285714285714,0.36363636363636404,4,11,5,7,4,8,-5.0
51,2026/02/10,MIA,13,Bam Adebayo,PT37M10.10S,23,5,11,0,0,4,4,0.444444444444444,0.538461538461538,0.2,1,5,7,13,6,10,0.0
52,2026/02/10,MIA,7,Kel'el Ware,PT14M13.90S,8,0,6,1,0,2,6,0.5,1.0,0.25,1,4,2,2,1,2,10.0
53,2026/02/10,MIA,0,Simone Fontecchio,PT18M34.00S,9,2,5,1,0,1,2,0.111111111111111,0.0,0.166666666666667,1,6,0,3,6,6,8.0
54,2026/02/10,MIA,45,Davion Mitchell,PT30M52.90S,12,5,2,0,0,1,4,1.0,1.0,1.0,1,1,2,2,5,6,-6.0
55,2026/02/10,MIA,11,Jaime Jaquez Jr.,PT30M30.00S,9,5,4,2,2,1,2,0.14285714285714302,0.0,0.333333333333333,1,3,0,4,6,8,-12.0
56,2026/02/10,MIA,25,Kasparas Jakučionis,PT32M14.30S,20,1,3,0,0,2,0,0.583333333333333,0.5,0.6,6,10,1,2,0,0,-10.0
57,2026/02/10,MIA,5,Nikola Jović,PT17M02.00S,0,0,4,0,0,0,1,0.0,0.0,0.0,0,4,0,0,0,2,5.0
58,2026/02/10,MIA,12,Dru Smith,PT17M07.80S,4,3,3,2,0,1,0,1.0,1.0,0.0,0,0,1,1,2,2,0.0
59,2026/02/10,MIA,15,Myron Gardner,PT06M20.10S,0,1,0,0,0,1,1,0.0,0.0,0.0,0,1,0,0,0,0,-10.0
60,2026/02/10,MIL,20,AJ Green,PT32M11.00S,15,1,6,0,0,1,1,0.5,0.0,0.5,4,8,0,0,3,3,-13.0
61,2026/02/10,MIL,18,Kyle Kuzma,PT17M35.00S,3,0,5,1,0,5,3,0.333333333333333,0.333333333333333,0.0,0,0,1,3,1,2,-13.0
62,2026/02/10,MIL,3,Myles Turner,PT27M18.00S,13,3,6,0,5,2,2,0.555555555555556,1.0,0.333333333333333,2,6,3,3,1,5,-6.0
63,2026/02/10,MIL,7,Kevin Porter Jr.,PT36M08.00S,28,7,4,1,0,3,5,0.5263157894736841,0.642857142857143,0.2,1,5,9,14,7,7,-21.0
64,2026/02/10,MIL,13,Ryan Rollins,PT32M28.00S,14,3,6,2,0,6,4,0.375,0.4,0.333333333333333,2,6,4,10,0,0,-11.0
65,2026/02/10,MIL,00,Jericho Sims,PT27M44.00S,5,1,6,2,0,0,2,0.5,0.5,0.0,0,0,2,4,1,2,-9.0
66,2026/02/10,MIL,9,Bobby Portis,PT16M35.00S,10,0,0,0,0,0,1,0.666666666666666,0.5,1.0,2,2,2,4,0,0,-12.0
67,2026/02/10,MIL,11,Gary Harris,PT14M08.00S,0,0,0,0,1,0,0,0.0,0.0,0.0,0,2,0,0,0,0,-7.0
68,2026/02/10,MIL,35,Pete Nance,PT09M35.00S,5,0,0,0,0,1,2,1.0,1.0,1.0,1,1,1,1,0,0,-3.0
69,2026/02/10,MIL,24,Cam Thomas,PT13M22.00S,4,1,1,0,0,1,0,0.2,0.25,0.0,0,1,1,4,2,2,-1.0
70,2026/02/10,MIL,21,Ousmane Dieng,PT05M08.00S,2,0,1,1,0,0,0,0.333333333333333,1.0,0.0,0,2,1,1,0,0,-1.0
71,2026/02/10,MIL,44,Andre Jackson Jr.,PT04M10.00S,0,0,1,0,0,0,0,0.0,0.0,0.0,0,0,0,0,0,0,0.0
72,2026/02/10,MIL,43,Thanasis Antetokounmpo,PT03M38.00S,0,1,1,0,0,0,1,0.0,0.0,0.0,0,0,0,0,0,0,2.0
73,2026/02/10,ORL,3,Desmond Bane,PT30M55.00S,25,1,3,0,0,2,3,0.7272727272727271,1.0,0.4,2,5,6,6,7,7,9.0
74,2026/02/10,ORL,5,Paolo Banchero,PT32M43.00S,11,3,9,0,0,2,2,0.3,0.166666666666667,0.5,2,4,1,6,3,4,14.0
75,2026/02/10,ORL,34,Wendell Carter Jr.,PT24M15.00S,4,2,8,2,0,0,3,0.25,0.5,0.0,0,4,2,4,0,0,-1.0
76,2026/02/10,ORL,0,Anthony Black,PT34M09.00S,26,2,5,2,1,1,2,0.615384615384615,0.857142857142857,0.333333333333333,2,6,6,7,8,9,13.0
77,2026/02/10,ORL,4,Jalen Suggs,PT26M48.00S,7,10,3,5,1,2,2,0.428571428571429,0.5,0.333333333333333,1,3,2,4,0,0,9.0
78,2026/02/10,ORL,11,Jase Richardson,PT17M04.00S,5,0,3,0,0,1,2,0.333333333333333,0.333333333333333,0.333333333333333,1,3,1,3,0,0,14.0
79,2026/02/10,ORL,23,Tristan da Silva,PT13M25.00S,3,1,1,2,0,0,0,0.2,0.0,0.25,1,4,0,1,0,0,15.0
80,2026/02/10,ORL,22,Franz Wagner,PT16M37.40S,14,5,2,0,0,1,3,0.6,0.666666666666666,0.5,2,4,4,6,0,0,7.0
81,2026/02/10,ORL,21,Moritz Wagner,PT16M08.40S,14,0,2,2,0,0,0,0.625,0.6,0.666666666666666,2,3,3,5,2,3,21.0
82,2026/02/10,ORL,1,Jonathan Isaac,PT04M18.60S,2,1,1,0,1,0,0,0.0,0.0,0.0,0,0,0,0,2,2,-5.0
83,2026/02/10,ORL,93,Noah Penda,PT15M48.60S,5,2,6,1,0,2,0,0.5,1.0,0.333333333333333,1,3,1,1,0,0,1.0
84,2026/02/10,ORL,2,Jevon Carter,PT04M10.00S,0,0,1,0,0,0,0,0.0,0.0,0.0,0,2,0,1,0,0,0.0
85,2026/02/10,ORL,13,Jett Howard,PT03M38.00S,2,0,0,0,0,0,1,0.0,0.0,0.0,0,1,0,0,2,2,-2.0
86,2026/02/10,ATL,10,Zaccharie Risacher,PT20M46.40S,3,1,4,2,0,2,2,0.111111111111111,0.333333333333333,0.0,0,6,1,3,1,1,-19.0
87,2026/02/10,ATL,14,Asa Newell,PT24M50.00S,2,1,4,0,0,2,2,0.2,0.333333333333333,0.0,0,2,1,3,0,0,-16.0
88,2026/02/10,ATL,17,Onyeka Okongwu,PT33M11.00S,14,3,5,1,0,2,4,0.444444444444444,0.4,0.5,2,4,2,5,4,7,-27.0
89,2026/02/10,ATL,3,CJ McCollum,PT32M50.50S,38,2,1,4,0,3,1,0.48,0.4375,0.555555555555556,5,9,7,16,9,11,-25.0
90,2026/02/10,ATL,7,Nickeil Alexander-Walker,PT35M15.10S,23,5,12,2,0,6,5,0.473684210526316,0.5,0.444444444444444,4,9,5,10,1,1,-18.0
91,2026/02/10,ATL,4,Gabe Vincent,PT19M14.00S,2,4,1,3,0,0,1,0.166666666666667,0.5,0.0,0,4,1,2,0,0,11.0
92,2026/02/10,ATL,24,Corey Kispert,PT31M19.00S,12,4,7,0,1,1,2,0.333333333333333,0.6,0.14285714285714302,1,7,3,5,3,3,-11.0
93,2026/02/10,ATL,31,Jock Landale,PT18M29.00S,12,0,6,0,0,1,1,0.8,0.75,1.0,1,1,3,4,3,4,-2.0
94,2026/02/10,ATL,18,Mouhamed Gueye,PT19M30.00S,10,0,7,0,0,0,1,0.5,0.5,0.5,1,2,3,6,1,1,1.0
95,2026/02/10,ATL,8,Buddy Hield,PT04M35.00S,0,0,0,0,0,1,0,0.0,0.0,0.0,0,1,0,0,0,0,-4.0
96,2026/02/10,MIN,3,Jaden McDaniels,PT33M51.40S,18,3,5,1,4,0,2,0.636363636363636,0.625,0.666666666666666,2,3,5,8,2,4,25.0
97,2026/02/10,MIN,30,Julius Randle,PT38M36.00S,18,10,12,2,1,4,3,0.5714285714285711,0.666666666666666,0.4,2,5,6,9,0,0,25.0
98,2026/02/10,MIN,27,Rudy Gobert,PT32M31.00S,18,1,6,0,1,2,4,1.0,1.0,0.0,0,0,7,7,4,9,12.0
99,2026/02/10,MIN,5,Anthony Edwards,PT38M04.60S,30,6,6,2,1,4,3,0.5238095238095241,0.7,0.36363636363636404,4,11,7,10,4,5,22.0
100,2026/02/10,MIN,0,Donte DiVincenzo,PT25M55.00S,10,6,4,2,0,2,0,0.4,1.0,0.25,2,8,2,2,0,0,9.0
101,2026/02/10,MIN,11,Naz Reid,PT21M25.00S,7,2,6,2,1,1,2,0.375,1.0,0.0,0,5,3,3,1,2,6.0
102,2026/02/10,MIN,13,Ayo Dosunmu,PT29M50.00S,21,3,1,1,1,1,4,0.692307692307692,0.777777777777778,0.5,2,4,7,9,1,1,7.0
103,2026/02/10,MIN,8,Bones Hyland,PT14M52.00S,13,5,1,0,0,1,1,0.714285714285714,1.0,0.6,3,5,2,2,0,0,-2.0
104,2026/02/10,MIN,22,Jaylen Clark,PT04M55.00S,3,0,0,0,0,0,0,1.0,0.0,1.0,1,1,0,0,0,0,6.0
105,2026/02/10,SAC,10,DeMar DeRozan,PT19M36.00S,8,1,1,0,0,1,2,0.272727272727273,0.333333333333333,0.0,0,2,3,9,2,3,-7.0
106,2026/02/10,SAC,9,Precious Achiuwa,PT20M10.00S,8,0,3,3,1,1,2,0.5,0.5,0.0,0,0,4,8,0,0,-9.0
107,2026/02/10,SAC,42,Maxime Raynaud,PT38M08.00S,21,1,19,1,0,1,0,0.5714285714285711,0.615384615384615,0.0,0,1,8,13,5,6,-16.0
108,2026/02/10,SAC,5,Nique Clifford,PT37M19.00S,10,6,5,1,0,3,2,0.25,0.3,0.166666666666667,1,6,3,10,1,2,-17.0
109,2026/02/10,SAC,18,Russell Westbrook,PT20M54.00S,17,2,2,0,0,2,0,0.411764705882353,0.545454545454545,0.166666666666667,1,6,6,11,2,2,-3.0
110,2026/02/10,SAC,32,Dylan Cardwell,PT31M49.00S,6,1,11,2,2,0,3,0.6,0.6,0.0,0,0,3,5,0,0,-23.0
111,2026/02/10,SAC,22,Devin Carter,PT29M53.00S,12,4,3,1,0,3,0,0.5,0.75,0.0,0,4,6,8,0,2,-22.0
112,2026/02/10,SAC,29,Daeqwon Plowden,PT28M24.00S,5,2,3,0,0,1,3,0.222222222222222,0.5,0.14285714285714302,1,7,1,2,0,0,-19.0
113,2026/02/10,SAC,7,Doug McDermott,PT07M54.00S,3,1,2,0,0,2,1,0.25,0.0,0.25,1,4,0,0,0,0,-10.0
114,2026/02/10,SAC,19,Drew Eubanks,PT05M53.00S,4,1,1,0,0,0,0,0.666666666666666,1.0,0.0,0,1,2,2,0,0,-4.0
115,2026/02/10,NOP,41,Saddiq Bey,PT25M52.00S,12,1,4,0,0,3,2,0.5,0.8,0.2,1,5,4,5,1,2,14.0
116,2026/02/10,NOP,1,Zion Williamson,PT26M42.00S,18,6,5,1,0,2,1,0.636363636363636,0.636363636363636,0.0,0,0,7,11,4,4,11.0
117,2026/02/10,NOP,22,Derik Queen,PT23M43.00S,8,1,5,3,1,2,2,0.5714285714285711,0.666666666666666,0.0,0,1,4,6,0,0,14.0
118,2026/02/10,NOP,25,Trey Murphy III,PT28M38.00S,21,7,2,1,0,0,2,0.533333333333333,0.75,0.45454545454545503,5,11,3,4,0,1,17.0
119,2026/02/10,NOP,2,Herbert Jones,PT30M20.00S,8,6,4,0,1,1,2,0.272727272727273,0.5,0.222222222222222,2,9,1,2,0,2,8.0
120,2026/02/10,NOP,17,Karlo Matković,PT18M55.00S,12,1,9,0,0,0,0,0.666666666666666,0.666666666666666,0.666666666666666,2,3,2,3,2,2,19.0
121,2026/02/10,NOP,11,Bryce McGowens,PT24M08.00S,8,3,1,1,0,0,4,0.428571428571429,0.25,0.666666666666666,2,3,1,4,0,0,14.0
122,2026/02/10,NOP,0,Jeremiah Fears,PT30M11.00S,20,3,4,2,2,3,4,0.5714285714285711,0.6,0.5,2,4,6,10,2,2,26.0
123,2026/02/10,NOP,21,Yves Missi,PT21M49.00S,7,1,5,0,1,2,1,1.0,1.0,0.0,0,0,3,3,1,3,9.0
124,2026/02/10,NOP,14,Micah Peavy,PT04M51.00S,0,0,0,0,0,0,0,0.0,0.0,0.0,0,0,0,0,0,0,-1.0
125,2026/02/10,NOP,24,Jordan Hawkins,PT04M51.00S,6,1,0,0,0,0,0,0.666666666666666,0.0,0.666666666666666,2,3,0,0,0,0,-1.0
126,2026/02/10,CLE,5,Sam Merrill,PT25M03.00S,9,1,2,1,0,1,4,0.5,0.0,0.5,3,6,0,0,0,0,13.0
127,2026/02/10,CLE,20,Jaylon Tyson,PT31M10.00S,16,1,3,0,0,2,3,0.461538461538462,0.5,0.444444444444444,4,9,2,4,0,0,11.0
128,2026/02/10,CLE,31,Jarrett Allen,PT34M38.00S,22,1,13,0,0,0,5,0.625,0.625,0.0,0,0,10,16,2,4,8.0
129,2026/02/10,CLE,45,Donovan Mitchell,PT34M08.00S,32,10,1,2,2,2,1,0.478260869565217,0.615384615384615,0.3,3,10,8,13,7,8,3.0
130,2026/02/10,CLE,1,James Harden,PT36M01.90S,22,7,10,0,3,2,3,0.4375,0.555555555555556,0.28571428571428603,2,7,5,9,6,6,9.0
131,2026/02/10,CLE,14,Keon Ellis,PT19M33.00S,2,1,3,1,1,2,3,0.2,1.0,0.0,0,4,1,1,0,0,2.0
132,2026/02/10,CLE,8,Dennis Schröder,PT24M39.00S,5,3,2,2,0,1,2,0.28571428571428603,0.666666666666666,0.0,0,4,2,3,1,2,-14.0
133,2026/02/10,CLE,3,Thomas Bryant,PT13M22.00S,5,1,3,0,0,0,4,0.333333333333333,0.0,0.333333333333333,1,3,0,0,2,2,-6.0
134,2026/02/10,CLE,35,Nae'Qwan Tomlin,PT12M30.10S,6,0,1,0,1,0,3,0.666666666666666,0.0,1.0,2,2,0,1,0,0,-10.0
135,2026/02/10,CLE,9,Craig Porter Jr.,PT08M55.00S,0,0,1,0,0,2,1,0.0,0.0,0.0,0,0,0,0,0,0,-6.0
136,2026/02/10,DEN,3,Julian Strawther,PT28M54.00S,20,0,6,0,0,1,4,0.5,0.6,0.333333333333333,2,6,6,10,2,3,3.0
137,2026/02/10,DEN,23,Cameron Johnson,PT29M23.00S,10,1,4,3,0,1,5,0.8,1.0,0.666666666666666,2,3,2,2,0,0,-7.0
138,2026/02/10,DEN,15,Nikola Jokić,PT32M59.00S,22,11,14,2,1,7,0,0.545454545454545,0.666666666666666,0.0,0,2,6,9,10,12,-2.0
139,2026/02/10,DEN,0,Christian Braun,PT31M52.00S,20,2,5,0,0,1,4,0.538461538461538,0.6,0.5,4,8,3,5,2,2,3.0
140,2026/02/10,DEN,27,Jamal Murray,PT35M36.00S,17,11,8,1,0,1,3,0.375,0.5,0.166666666666667,1,6,5,10,4,4,-4.0
141,2026/02/10,DEN,10,Tim Hardaway Jr.,PT29M24.00S,12,0,1,1,0,0,1,0.4,1.0,0.333333333333333,3,9,1,1,1,2,6.0
142,2026/02/10,DEN,11,Bruce Brown,PT25M17.00S,1,0,4,2,0,0,4,0.0,0.0,0.0,0,2,0,4,1,2,-10.0
143,2026/02/10,DEN,17,Jonas Valančiūnas,PT15M01.00S,12,0,4,0,0,2,1,0.5,0.666666666666666,0.0,0,1,2,3,8,10,0.0
144,2026/02/10,DEN,24,Jalen Pickett,PT11M34.00S,3,0,0,0,0,0,1,0.25,0.0,0.333333333333333,1,3,0,1,0,0,1.0
145,2026/02/10,MEM,0,Jaylen Wells,PT25M56.00S,10,0,3,0,0,0,1,0.375,0.5,0.0,0,2,3,6,4,4,1.0
146,2026/02/10,MEM,45,GG Jackson,PT23M28.60S,6,2,4,1,0,2,4,0.5,0.5,0.5,1,2,1,2,1,2,-3.0
147,2026/02/10,MEM,5,Kyle Anderson,PT26M00.30S,8,0,4,2,2,5,2,0.75,0.75,0.0,0,0,3,4,2,2,-3.0
148,2026/02/10,MEM,23,Cedric Coward,PT11M50.10S,2,3,3,0,0,0,0,0.5,1.0,0.0,0,1,1,1,0,0,7.0
149,2026/02/10,MEM,2,Ty Jerome,PT19M57.00S,19,7,3,2,0,1,0,0.5714285714285711,0.857142857142857,0.28571428571428603,2,7,6,7,1,2,15.0
150,2026/02/10,MEM,22,Taylor Hendricks,PT24M31.40S,15,2,10,3,0,0,2,0.357142857142857,0.5,0.25,2,8,3,6,3,5,2.0
151,2026/02/10,MEM,24,Cam Spencer,PT23M54.00S,2,4,4,0,0,2,1,0.166666666666667,0.5,0.0,0,4,1,2,0,0,-9.0
152,2026/02/10,MEM,1,Scotty Pippen Jr.,PT20M12.00S,11,4,0,4,1,1,4,0.833333333333334,0.8,1.0,1,1,4,5,0,0,-4.0
153,2026/02/10,MEM,3,Kentavious Caldwell-Pope,PT21M34.00S,15,2,1,1,0,1,1,0.5,0.4,1.0,1,1,2,5,8,9,-4.0
154,2026/02/10,MEM,21,Jahmai Mashack,PT22M02.00S,17,1,2,2,0,3,2,0.8,0.875,0.5,1,2,7,8,0,0,0.0
155,2026/02/10,MEM,10,Javon Small,PT20M34.60S,8,1,3,2,0,1,1,0.333333333333333,0.2,0.5,2,4,1,5,0,0,-7.0
156,2026/02/10,GSW,4,Moses Moody,PT27M41.60S,15,3,1,2,0,3,1,0.6,1.0,0.333333333333333,1,3,2,2,8,9,-8.0
157,2026/02/10,GSW,15,Gui Santos,PT29M49.90S,16,2,8,1,0,4,3,0.7,0.857142857142857,0.333333333333333,1,3,6,7,1,1,11.0
158,2026/02/10,GSW,23,Draymond Green,PT23M33.00S,14,2,4,2,0,7,2,0.714285714285714,1.0,0.666666666666666,4,6,1,1,0,0,-17.0
159,2026/02/10,GSW,8,De'Anthony Melton,PT25M26.70S,10,2,3,0,0,2,1,0.272727272727273,0.375,0.0,0,3,3,8,4,4,-1.0
160,2026/02/10,GSW,61,Pat Spencer,PT31M44.10S,17,7,3,2,0,2,2,0.615384615384615,0.875,0.2,1,5,7,8,0,2,-15.0
161,2026/02/10,GSW,3,Will Richard,PT14M54.40S,3,0,4,0,0,2,5,1.0,0.0,1.0,1,1,0,0,0,0,-6.0
162,2026/02/10,GSW,2,Brandin Podziemski,PT31M53.00S,16,5,4,1,0,1,0,0.466666666666667,0.666666666666666,0.166666666666667,1,6,6,9,1,2,9.0
163,2026/02/10,GSW,20,Al Horford,PT26M19.90S,16,6,9,1,0,0,0,0.583333333333333,0.666666666666666,0.333333333333333,1,3,6,9,1,1,24.0
164,2026/02/10,GSW,0,Gary Payton II,PT23M39.40S,7,2,4,3,1,1,2,0.333333333333333,0.333333333333333,0.333333333333333,1,3,2,6,0,0,6.0
165,2026/02/10,GSW,21,Quinten Post,PT04M58.00S,0,2,0,0,0,1,1,0.0,0.0,0.0,0,0,0,0,0,0,2.0
166,2026/02/10,OKC,8,Jalen Williams,PT24M22.00S,23,1,3,1,0,2,2,0.352941176470588,0.4,0.0,0,2,6,15,11,13,-10.0
167,2026/02/10,OKC,7,Chet Holmgren,PT31M11.00S,13,2,10,1,2,1,3,0.5,0.5,0.5,1,2,4,8,2,2,12.0
168,2026/02/10,OKC,55,Isaiah Hartenstein,PT21M40.00S,10,6,9,3,0,2,1,0.5,0.5,0.0,0,0,4,8,2,4,-5.0
169,2026/02/10,OKC,5,Luguentz Dort,PT28M55.00S,7,1,5,1,1,4,4,0.4,0.0,0.4,2,5,0,0,1,2,-7.0
170,2026/02/10,OKC,22,Cason Wallace,PT30M49.00S,12,6,4,2,1,0,2,0.666666666666666,1.0,0.0,0,3,6,6,0,0,-2.0
171,2026/02/10,OKC,11,Isaiah Joe,PT27M27.00S,19,2,3,2,0,1,2,0.461538461538462,0.4,0.5,4,8,2,5,3,3,14.0
172,2026/02/10,OKC,6,Jaylin Williams,PT18M53.00S,11,2,3,0,0,4,2,0.5,0.0,0.6,3,5,0,1,2,2,9.0
173,2026/02/10,OKC,34,Kenrich Williams,PT04M25.00S,0,0,0,1,0,0,0,0.0,0.0,0.0,0,0,0,1,0,2,-1.0
174,2026/02/10,OKC,21,Aaron Wiggins,PT14M36.00S,0,1,4,0,0,1,1,0.0,0.0,0.0,0,2,0,2,0,0,6.0
175,2026/02/10,OKC,9,Alex Caruso,PT24M05.00S,17,2,1,1,0,0,0,0.875,1.0,0.75,3,4,4,4,0,1,19.0
176,2026/02/10,OKC,3,Jared McCain,PT13M37.00S,7,0,3,0,0,0,2,0.5,0.5,0.5,1,2,2,4,0,0,10.0
177,2026/02/10,LAL,23,LeBron James,PT35M59.00S,22,10,6,1,0,3,1,0.529411764705882,0.692307692307692,0.0,0,4,9,13,4,6,-7.0
178,2026/02/10,LAL,28,Rui Hachimura,PT32M53.00S,12,2,5,0,0,1,1,0.625,1.0,0.4,2,5,3,3,0,0,4.0
179,2026/02/10,LAL,5,Deandre Ayton,PT29M01.00S,6,0,10,0,0,1,3,0.6,0.6,0.0,0,0,3,5,0,3,-5.0
180,2026/02/10,LAL,12,Jake LaRavia,PT24M02.00S,14,1,4,1,1,1,3,0.375,0.5,0.333333333333333,2,6,1,2,6,6,-9.0
181,2026/02/10,LAL,36,Marcus Smart,PT29M24.00S,19,3,3,2,0,1,1,0.4375,0.333333333333333,0.5714285714285711,4,7,3,9,1,2,-4.0
182,2026/02/10,LAL,15,Austin Reaves,PT28M52.00S,16,7,2,1,0,5,3,0.428571428571429,0.555555555555556,0.2,1,5,5,9,3,3,-14.0
183,2026/02/10,LAL,10,Luke Kennard,PT24M13.00S,7,1,1,1,0,0,4,0.6,0.666666666666666,0.5,1,2,2,3,0,0,-7.0
184,2026/02/10,LAL,2,Jarred Vanderbilt,PT16M55.00S,2,0,2,1,1,2,3,0.333333333333333,1.0,0.0,0,2,1,1,0,0,9.0
185,2026/02/10,LAL,11,Jaxson Hayes,PT13M52.00S,12,1,4,0,0,1,2,0.625,0.625,0.0,0,0,5,8,2,3,-4.0
186,2026/02/10,LAL,14,Maxi Kleber,PT04M49.00S,0,0,0,0,0,0,0,0.0,0.0,0.0,0,0,0,0,0,0,-8.0
187,2026/02/10,PHI,9,Kelly Oubre Jr.,PT35M48.00S,19,1,4,4,2,2,2,0.461538461538462,0.375,0.6,3,5,3,8,4,4,-24.0
188,2026/02/10,PHI,12,Trendon Watford,PT24M35.00S,12,3,2,0,0,0,3,0.714285714285714,0.833333333333334,0.0,0,1,5,6,2,3,-19.0
189,2026/02/10,PHI,1,Andre Drummond,PT26M40.40S,11,5,7,0,2,1,3,0.625,0.666666666666666,0.5,1,2,4,6,0,0,-15.0
190,2026/02/10,PHI,77,VJ Edgecombe,PT33M24.00S,11,3,6,0,2,4,3,0.230769230769231,0.28571428571428603,0.166666666666667,1,6,2,7,4,4,-29.0
191,2026/02/10,PHI,0,Tyrese Maxey,PT32M27.00S,30,4,1,1,0,4,4,0.476190476190476,0.666666666666666,0.222222222222222,2,9,8,12,8,8,-22.0
192,2026/02/10,PHI,11,Justin Edwards,PT24M30.00S,12,2,4,3,0,1,2,0.6,0.333333333333333,1.0,2,2,1,3,4,4,0.0
193,2026/02/10,PHI,30,Adem Bona,PT17M28.60S,7,0,1,0,0,0,4,0.666666666666666,0.666666666666666,0.0,0,0,2,3,3,3,-14.0
194,2026/02/10,PHI,7,Kyle Lowry,PT18M01.00S,6,1,1,1,1,0,0,0.5,0.0,0.5,1,2,0,0,3,4,9.0
195,2026/02/10,PHI,16,MarJon Beauchamp,PT20M05.00S,10,4,4,3,0,0,0,0.428571428571429,0.4,0.5,1,2,2,5,3,4,12.0
196,2026/02/10,PHI,22,Johni Broome,PT04M41.00S,0,0,2,0,1,1,1,0.0,0.0,0.0,0,1,0,1,0,2,10.0
197,2026/02/10,POR,33,Toumani Camara,PT27M29.40S,30,1,3,3,0,3,3,0.833333333333334,1.0,0.8,8,10,2,2,2,2,30.0
198,2026/02/10,POR,9,Jerami Grant,PT24M34.00S,15,2,4,1,0,1,2,0.461538461538462,0.75,0.333333333333333,3,9,3,4,0,0,34.0
199,2026/02/10,POR,23,Donovan Clingan,PT27M44.60S,15,3,7,0,4,1,2,0.6,0.5,0.75,3,4,3,6,0,2,20.0
200,2026/02/10,POR,8,Deni Avdija,PT26M36.60S,26,8,10,2,1,1,2,0.5,0.666666666666666,0.28571428571428603,2,7,6,9,8,10,12.0
201,2026/02/10,POR,5,Jrue Holiday,PT27M30.00S,13,7,7,1,0,3,2,0.555555555555556,0.6,0.5,2,4,3,5,1,1,16.0
202,2026/02/10,POR,00,Scoot Henderson,PT19M41.00S,12,7,2,1,0,2,4,0.4,1.0,0.0,0,3,2,2,8,10,4.0
203,2026/02/10,POR,35,Robert Williams III,PT15M00.40S,8,2,6,0,1,2,0,0.6,0.333333333333333,1.0,2,2,1,3,0,0,5.0
204,2026/02/10,POR,27,Vít Krejčí,PT22M30.00S,5,3,2,0,0,0,1,0.222222222222222,0.5,0.14285714285714302,1,7,1,2,0,0,1.0
205,2026/02/10,POR,91,Sidy Cissoko,PT19M28.00S,0,0,5,0,1,2,4,0.0,0.0,0.0,0,3,0,1,0,0,-6.0
206,2026/02/10,POR,1,Blake Wesley,PT12M47.00S,4,3,1,0,0,0,0,0.333333333333333,0.333333333333333,0.0,0,0,2,6,0,0,-9.0
207,2026/02/10,POR,21,Rayan Rupert,PT06M09.00S,3,0,1,0,0,1,2,0.5,0.0,1.0,1,1,0,1,0,0,-6.0
208,2026/02/10,POR,16,Yang Hansen,PT05M15.00S,2,0,1,0,0,1,2,0.25,1.0,0.0,0,3,1,1,0,0,-8.0
209,2026/02/10,POR,18,Javonte Cooke,PT05M15.00S,2,0,2,0,0,1,1,0.5,1.0,0.0,0,1,1,1,0,0,-8.0
0,2026/02/11,IND,23,Aaron Nesmith,PT36M30.00S,11,0,8,0,2,2,5,0.4,0.428571428571429,0.333333333333333,1,3,3,7,2,2,0.0
1,2026/02/11,IND,43,Pascal Siakam,PT36M57.00S,30,4,6,3,0,1,0,0.423076923076923,0.5,0.3,3,10,8,16,5,10,-7.0
2,2026/02/11,IND,11,Micah Potter,PT28M47.90S,10,3,2,0,0,2,4,0.333333333333333,0.5,0.28571428571428603,2,7,1,2,2,2,2.0
3,2026/02/11,IND,29,Quenton Jackson,PT28M02.80S,19,3,6,1,1,1,1,0.714285714285714,1.0,0.666666666666666,4,6,1,1,5,6,0.0
4,2026/02/11,IND,2,Andrew Nembhard,PT36M42.00S,24,10,4,0,0,3,2,0.5625,0.625,0.5,4,8,5,8,2,2,0.0
5,2026/02/11,IND,24,Kobe Brown,PT18M52.20S,8,1,6,1,0,1,3,0.75,0.666666666666666,1.0,1,1,2,3,1,2,13.0
6,2026/02/11,IND,26,Ben Sheppard,PT17M15.20S,10,2,7,0,0,0,0,0.8,1.0,0.666666666666666,2,3,2,2,0,0,2.0
7,2026/02/11,IND,32,Jay Huff,PT24M06.90S,10,3,2,1,1,0,4,0.444444444444444,1.0,0.166666666666667,1,6,3,3,1,1,4.0
8,2026/02/11,IND,7,Kam Jones,PT21M28.00S,2,1,1,0,0,0,3,0.5,1.0,0.0,0,1,1,1,0,0,-2.0
9,2026/02/11,IND,9,T.J. McConnell,PT16M18.00S,13,3,1,0,0,1,1,0.666666666666666,0.666666666666666,0.0,0,0,6,9,1,1,3.0
10,2026/02/11,NYK,25,Mikal Bridges,PT42M46.10S,22,3,6,1,1,1,5,0.6,0.777777777777778,0.333333333333333,2,6,7,9,2,2,-5.0
11,2026/02/11,NYK,3,Josh Hart,PT40M37.00S,15,11,11,2,1,3,3,0.625,0.6,0.666666666666666,2,3,3,5,3,4,11.0
12,2026/02/11,NYK,32,Karl-Anthony Towns,PT31M51.00S,22,3,14,0,0,5,6,0.470588235294118,0.636363636363636,0.166666666666667,1,6,7,11,5,6,6.0
13,2026/02/11,NYK,11,Jalen Brunson,PT41M47.80S,40,8,5,1,0,1,3,0.483870967741936,0.647058823529412,0.28571428571428603,4,14,11,17,6,8,3.0
14,2026/02/11,NYK,44,Landry Shamet,PT37M40.70S,17,1,2,0,1,0,2,0.428571428571429,0.666666666666666,0.36363636363636404,4,11,2,3,1,3,1.0
15,2026/02/11,NYK,00,Jordan Clarkson,PT12M34.90S,4,0,0,0,0,1,1,0.5,0.666666666666666,0.0,0,1,2,3,0,0,-4.0
16,2026/02/11,NYK,51,Mohamed Diawara,PT18M28.90S,3,1,2,0,0,0,4,0.5,0.0,0.5,1,2,0,0,0,0,-17.0
17,2026/02/11,NYK,55,Ariel Hukporti,PT20M55.40S,7,1,5,0,1,0,2,0.75,0.75,0.0,0,0,3,4,1,1,-7.0
18,2026/02/11,NYK,5,Jose Alvarado,PT18M13.00S,4,5,1,0,0,1,4,0.2,0.5,0.0,0,3,1,2,2,3,-6.0
19,2026/02/11,LAC,2,Kawhi Leonard,PT31M29.00S,24,3,8,1,0,1,1,0.368421052631579,0.416666666666667,0.28571428571428603,2,7,5,12,8,9,-16.0
20,2026/02/11,LAC,20,John Collins,PT30M59.00S,17,1,8,0,0,1,1,0.5714285714285711,0.666666666666666,0.0,0,2,8,12,1,2,-11.0
21,2026/02/11,LAC,11,Brook Lopez,PT29M05.00S,7,0,2,1,1,2,3,0.5,0.5,0.5,1,2,2,4,0,0,-8.0
22,2026/02/11,LAC,5,Derrick Jones Jr.,PT26M43.00S,6,0,1,0,2,1,0,0.28571428571428603,0.0,0.333333333333333,2,6,0,1,0,0,-7.0
23,2026/02/11,LAC,8,Kris Dunn,PT27M48.00S,6,7,2,4,0,1,5,0.6,0.75,0.0,0,1,3,4,0,0,-9.0
24,2026/02/11,LAC,9,Bennedict Mathurin,PT25M54.00S,9,4,7,3,0,0,4,0.307692307692308,0.36363636363636404,0.0,0,2,4,11,1,1,4.0
25,2026/02/11,LAC,14,Yanic Konan Niederhäuser,PT13M27.00S,3,0,4,0,2,1,1,0.333333333333333,0.333333333333333,0.0,0,0,1,3,1,2,-7.0
26,2026/02/11,LAC,4,Kobe Sanders,PT15M49.00S,2,4,4,0,0,1,1,0.111111111111111,0.25,0.0,0,5,1,4,0,0,-8.0
27,2026/02/11,LAC,22,Jordan Miller,PT16M54.00S,9,2,4,0,0,3,0,0.4,0.0,0.5,2,4,0,1,3,6,-5.0
28,2026/02/11,LAC,12,Cam Christie,PT05M28.00S,0,0,2,1,0,0,0,0.0,0.0,0.0,0,0,0,1,0,0,8.0
29,2026/02/11,LAC,15,TyTy Washington Jr.,PT05M28.00S,3,1,1,0,0,0,2,0.5,0.0,1.0,1,1,0,1,0,0,8.0
30,2026/02/11,LAC,23,Isaiah Jackson,PT05M28.00S,5,0,1,0,0,0,0,1.0,1.0,0.0,0,0,2,2,1,3,8.0
31,2026/02/11,LAC,45,Dalano Banton,PT05M28.00S,4,2,1,1,0,0,0,1.0,1.0,0.0,0,0,2,2,0,0,8.0
32,2026/02/11,HOU,7,Kevin Durant,PT37M43.90S,26,3,6,2,0,5,1,0.36363636363636404,0.333333333333333,0.428571428571429,3,7,5,15,7,7,3.0
33,2026/02/11,HOU,10,Jabari Smith Jr.,PT37M29.80S,13,3,10,1,1,1,2,0.36363636363636404,0.25,0.666666666666666,2,3,2,8,3,3,13.0
34,2026/02/11,HOU,28,Alperen Sengun,PT34M33.00S,22,5,7,0,0,3,4,0.642857142857143,0.666666666666666,0.5,1,2,8,12,3,4,9.0
35,2026/02/11,HOU,17,Tari Eason,PT29M42.50S,6,1,5,1,0,2,2,0.2,0.0,0.333333333333333,2,6,0,4,0,0,0.0
36,2026/02/11,HOU,1,Amen Thompson,PT37M23.70S,16,1,6,1,1,0,0,0.6,0.625,0.5,1,2,5,8,3,4,9.0
37,2026/02/11,HOU,15,Reed Sheppard,PT29M33.20S,16,4,6,2,1,4,2,0.6,0.5,0.666666666666666,4,6,2,4,0,0,-5.0
38,2026/02/11,HOU,30,Clint Capela,PT13M21.10S,0,0,3,0,1,0,2,0.0,0.0,0.0,0,0,0,0,0,0,-5.0
39,2026/02/11,HOU,2,Dorian Finney-Smith,PT20M12.80S,3,2,1,0,1,1,2,0.5,0.0,0.5,1,2,0,0,0,0,11.0
40,2026/02/11,DAL,32,Cooper Flagg,PT35M42.20S,27,2,5,1,0,3,0,0.4,0.42105263157894696,0.0,0,1,8,19,11,14,10.0
41,2026/02/11,DAL,25,P.J. Washington,PT26M05.00S,13,1,5,0,0,2,0,0.444444444444444,0.666666666666666,0.333333333333333,2,6,2,3,3,5,-8.0
42,2026/02/11,DAL,21,Daniel Gafford,PT16M58.00S,4,0,4,1,3,4,4,1.0,1.0,0.0,0,0,2,2,0,0,-16.0
43,2026/02/11,DAL,00,Max Christie,PT31M29.20S,5,3,6,1,2,0,2,0.25,0.4,0.0,0,3,2,5,1,1,2.0
44,2026/02/11,DAL,1,Tyus Jones,PT15M21.80S,2,3,2,1,0,1,0,0.25,1.0,0.0,0,3,1,1,0,0,-11.0
45,2026/02/11,DAL,13,Naji Marshall,PT36M13.20S,31,2,4,1,0,2,0,0.705882352941176,0.769230769230769,0.5,2,4,10,13,5,7,5.0
46,2026/02/11,DAL,35,Marvin Bagley III,PT24M13.00S,9,2,8,0,0,1,2,1.0,1.0,0.0,0,0,4,4,1,4,7.0
47,2026/02/11,DAL,10,Brandon Williams,PT17M45.80S,5,2,2,1,0,1,1,0.25,0.4,0.0,0,3,2,5,1,2,-4.0
48,2026/02/11,DAL,20,Khris Middleton,PT21M37.20S,13,2,5,0,0,1,2,0.4,0.333333333333333,0.5,1,2,1,3,8,9,-10.0
49,2026/02/11,DAL,16,Caleb Martin,PT10M46.00S,2,0,1,0,0,0,0,0.0,0.0,0.0,0,0,0,0,2,2,-18.0
50,2026/02/11,DAL,7,Dwight Powell,PT03M28.80S,0,1,0,1,0,1,1,0.0,0.0,0.0,0,0,0,0,0,0,-2.0
51,2026/02/11,PHX,3,Dillon Brooks,PT31M25.00S,23,1,4,0,0,2,3,0.423076923076923,0.625,0.1,1,10,10,16,0,0,0.0
52,2026/02/11,PHX,00,Royce O'Neale,PT22M48.00S,12,2,4,2,0,1,4,0.5,0.0,0.5714285714285711,4,7,0,1,0,0,-2.0
53,2026/02/11,PHX,15,Mark Williams,PT24M42.00S,13,1,9,0,0,0,0,0.857142857142857,0.857142857142857,0.0,0,0,6,7,1,2,-8.0
54,2026/02/11,PHX,1,Devin Booker,PT32M28.00S,19,6,4,2,0,3,4,0.4375,0.444444444444444,0.428571428571429,3,7,4,9,2,3,-2.0
55,2026/02/11,PHX,12,Collin Gillespie,PT30M32.00S,5,8,8,1,0,3,3,0.28571428571428603,0.5,0.2,1,5,1,2,0,0,25.0
56,2026/02/11,PHX,4,Jalen Green,PT20M21.00S,12,4,1,0,0,2,0,0.357142857142857,0.5,0.25,2,8,3,6,0,0,-6.0
57,2026/02/11,PHX,23,Jordan Goodwin,PT24M43.00S,8,3,3,2,1,0,4,0.3,0.5,0.25,2,8,1,2,0,0,11.0
58,2026/02/11,PHX,11,Oso Ighodaro,PT23M18.00S,10,4,10,0,2,0,4,0.833333333333334,0.833333333333334,0.0,0,0,5,6,0,0,17.0
59,2026/02/11,PHX,0,Ryan Dunn,PT16M35.00S,12,2,4,0,0,1,1,0.8,1.0,0.666666666666666,2,3,2,2,2,2,9.0
60,2026/02/11,PHX,2,Amir Coffey,PT13M08.00S,6,1,2,1,0,1,4,0.666666666666666,1.0,0.5,1,2,1,1,1,2,1.0
61,2026/02/11,SAS,30,Julian Champagnie,PT18M09.00S,8,2,2,1,0,1,1,0.28571428571428603,0.5,0.2,1,5,1,2,3,4,14.0
62,2026/02/11,SAS,24,Devin Vassell,PT24M10.00S,9,1,2,2,0,0,0,0.8,1.0,0.5,1,2,3,3,0,0,20.0
63,2026/02/11,SAS,1,Victor Wembanyama,PT26M06.00S,40,2,12,2,1,4,2,0.65,0.642857142857143,0.666666666666666,4,6,9,14,10,12,22.0
64,2026/02/11,SAS,5,Stephon Castle,PT11M58.00S,2,7,1,0,1,1,2,1.0,1.0,0.0,0,0,1,1,0,0,8.0
65,2026/02/11,SAS,4,De'Aaron Fox,PT17M12.00S,8,6,2,2,1,0,0,0.428571428571429,0.5,0.0,0,1,3,6,2,2,30.0
66,2026/02/11,SAS,3,Keldon Johnson,PT21M08.00S,6,2,4,0,0,1,3,0.3,0.428571428571429,0.0,0,3,3,7,0,0,4.0
67,2026/02/11,SAS,2,Dylan Harper,PT27M15.00S,15,6,3,1,0,1,1,0.75,0.857142857142857,0.0,0,1,6,7,3,3,27.0
68,2026/02/11,SAS,7,Luke Kornet,PT09M54.00S,6,1,5,0,2,0,1,0.75,0.75,0.0,0,0,3,4,0,0,12.0
69,2026/02/11,SAS,40,Harrison Barnes,PT20M38.00S,11,2,3,3,1,0,0,0.666666666666666,1.0,0.6,3,5,1,1,0,0,20.0
70,2026/02/11,SAS,11,Carter Bryant,PT26M51.00S,16,3,4,1,0,0,2,0.5,0.75,0.375,3,8,3,4,1,4,3.0
71,2026/02/11,SAS,0,Jordan McLaughlin,PT14M51.00S,7,2,2,2,0,1,1,0.6,0.666666666666666,0.5,1,2,2,3,0,0,-9.0
72,2026/02/11,SAS,8,Kelly Olynyk,PT12M00.00S,8,0,1,0,0,1,2,0.666666666666666,0.666666666666666,0.0,0,0,4,6,0,0,-6.0
73,2026/02/11,SAS,18,Bismack Biyombo,PT09M48.00S,0,0,4,0,0,2,3,0.0,0.0,0.0,0,0,0,1,0,0,-5.0
74,2026/02/11,LAL,12,Jake LaRavia,PT18M22.00S,10,1,2,0,0,1,6,0.5,0.25,1.0,2,2,1,4,2,2,-31.0
75,2026/02/11,LAL,28,Rui Hachimura,PT26M35.00S,6,2,4,2,0,1,1,0.25,0.333333333333333,0.0,0,3,3,9,0,0,-24.0
76,2026/02/11,LAL,11,Jaxson Hayes,PT16M38.00S,13,3,4,0,0,2,3,0.857142857142857,0.833333333333334,1.0,1,1,5,6,0,0,-16.0
77,2026/02/11,LAL,10,Luke Kennard,PT27M40.00S,14,5,2,0,0,1,0,0.625,0.8,0.333333333333333,1,3,4,5,3,3,-20.0
78,2026/02/11,LAL,18,Kobe Bufkin,PT24M20.00S,7,1,2,1,0,3,1,0.2,0.2,0.2,1,5,1,5,2,2,-12.0
79,2026/02/11,LAL,14,Maxi Kleber,PT13M20.00S,6,0,3,1,0,2,4,1.0,1.0,1.0,1,1,1,1,1,2,-1.0
80,2026/02/11,LAL,2,Jarred Vanderbilt,PT16M21.00S,6,2,4,0,0,2,0,0.4,0.333333333333333,0.5,1,2,1,3,1,2,-16.0
81,2026/02/11,LAL,20,Nick Smith Jr.,PT17M04.00S,6,1,2,1,0,1,0,0.375,0.428571428571429,0.0,0,1,3,7,0,0,-5.0
82,2026/02/11,LAL,17,Drew Timme,PT20M29.00S,14,0,2,0,0,1,0,0.625,0.6,0.666666666666666,2,3,3,5,2,4,-4.0
83,2026/02/11,LAL,4,Dalton Knecht,PT16M17.00S,9,1,5,0,0,1,2,0.5,0.666666666666666,0.0,0,2,4,6,1,2,-10.0
84,2026/02/11,LAL,9,Bronny James,PT25M22.00S,12,6,3,0,1,2,3,0.5,0.375,1.0,2,2,3,8,0,0,-6.0
85,2026/02/11,LAL,1,Adou Thiero,PT09M48.00S,3,0,0,0,1,0,0,1.0,1.0,0.0,0,0,1,1,1,1,5.0
86,2026/02/11,LAL,30,Chris Mañon,PT07M44.00S,2,1,1,2,0,1,0,0.0,0.0,0.0,0,0,0,0,2,2,0.0
